{"type":"FeatureCollection","features":[{"type":"Feature","properties":{"lga_name":"Albany"},"geometry":{"type":"MultiPolygon","coordinates":[[[[117.4676,-34.96],[117.4633,-34.9709],[117.4754,-34.9801],[117.4798,-34.9975],[117.4689,-35.0065],[117.4606,-35.0036],[117.4515,-35.0106],[117.454,-35.014],[117.465,-35.0143],[117.4663,-35.0203],[117.4546,-35.0168],[117.4411,-35.022],[117.4278,-35.0214],[117.3995,-35.0088],[117.3976,-35.0068],[117.3967,-35.0037],[117.3959,-34.9983],[117.3957,-34.9981],[117.3568,-35.0052],[117.337,-35.0158],[117.3326,-35.0231],[117.3622,-35.0195],[117.3937,-35.033],[117.3973,-35.0319],[117.4791,-35.0736],[117.4856,-35.0796],[117.483,-35.0822],[117.4853,-35.0827],[117.4853,-35.089],[117.4927,-35.09],[117.498,-35.085],[117.512,-35.0833],[117.5144,-35.0746],[117.5185,-35.0746],[117.519,-35.0779],[117.5251,-35.0742],[117.5486,-35.0825],[117.5754,-35.0953],[117.5842,-35.1035],[117.5958,-35.1077],[117.5997,-35.114],[117.6056,-35.1153],[117.6085,-35.1219],[117.607,-35.1276],[117.6112,-35.1333],[117.6153,-35.1299],[117.624,-35.1342],[117.6256,-35.1286],[117.6294,-35.1277],[117.6397,-35.1345],[117.6417,-35.1255],[117.6344,-35.1241],[117.6284,-35.1128],[117.6376,-35.0997],[117.6372,-35.0886],[117.6514,-35.0838],[117.6482,-35.073],[117.6436,-35.0686],[117.6447,-35.0619],[117.6757,-35.0443],[117.6856,-35.0433],[117.6998,-35.0519],[117.7094,-35.0448],[117.7268,-35.0466],[117.7808,-35.061],[117.8456,-35.091],[117.8659,-35.1093],[117.8736,-35.1071],[117.8856,-35.1101],[117.8903,-35.1141],[117.8899,-35.1177],[117.9001,-35.1239],[117.8994,-35.1181],[117.9037,-35.1148],[117.9209,-35.1163],[117.9245,-35.1218],[117.926,-35.1206],[117.9323,-35.1204],[117.941,-35.1147],[117.9408,-35.1192],[117.9472,-35.1216],[117.9442,-35.1265],[117.9503,-35.128],[117.9536,-35.1269],[117.9538,-35.1222],[117.9693,-35.1145],[117.9672,-35.1041],[117.969,-35.1012],[117.9754,-35.1025],[117.9767,-35.0985],[117.9919,-35.0982],[117.995,-35.1009],[117.9961,-35.0982],[118.006,-35.0988],[118.0101,-35.1042],[118.0205,-35.1087],[118.0154,-35.1026],[118.0177,-35.1003],[118.0147,-35.0955],[118.0023,-35.0875],[117.9794,-35.0964],[117.9579,-35.0954],[117.9502,-35.0895],[117.9473,-35.0928],[117.9433,-35.0915],[117.939,-35.0881],[117.9345,-35.0742],[117.935,-35.0648],[117.939,-35.0595],[117.9332,-35.0557],[117.925,-35.0568],[117.9188,-35.051],[117.919,-35.0444],[117.9222,-35.0425],[117.9201,-35.0408],[117.9138,-35.0418],[117.9169,-35.0494],[117.9104,-35.0536],[117.9283,-35.0634],[117.9279,-35.0729],[117.923,-35.0804],[117.9091,-35.0844],[117.8882,-35.0777],[117.8808,-35.0713],[117.8792,-35.0653],[117.8709,-35.0639],[117.8679,-35.0572],[117.8565,-35.0573],[117.854,-35.0516],[117.8489,-35.0505],[117.8505,-35.0341],[117.8588,-35.027],[117.8653,-35.0265],[117.8858,-35.0297],[117.8893,-35.035],[117.8916,-35.0329],[117.9045,-35.0384],[117.9196,-35.0358],[117.9234,-35.0278],[117.9168,-35.0248],[117.9181,-35.0173],[117.9309,-35.0051],[117.9487,-34.9982],[117.9446,-34.9961],[117.9445,-34.9924],[117.9397,-34.9914],[117.9394,-34.9861],[117.9407,-34.9816],[117.9462,-34.98],[117.9478,-34.9639],[117.945,-34.9548],[117.9474,-34.9455],[117.9491,-34.9437],[117.977,-34.952],[117.9797,-34.9427],[117.9743,-34.9398],[117.9752,-34.938],[117.9815,-34.94],[117.9787,-34.9531],[117.9734,-34.96],[117.9801,-34.9776],[117.9798,-34.9908],[117.972,-34.9954],[117.9515,-34.9965],[117.9488,-35.0018],[117.9617,-35.0131],[117.9713,-35.0154],[117.9988,-35.01],[118.0044,-35.0129],[118.0039,-35.0208],[118.0102,-35.0169],[118.023,-35.0157],[118.035,-35.0204],[118.0399,-35.0144],[118.0449,-35.0167],[118.0526,-35.0139],[118.0508,-35.0099],[118.0535,-35.0064],[118.0626,-35.0031],[118.0608,-35.0004],[118.0718,-34.9939],[118.109,-34.9859],[118.136,-34.9879],[118.1675,-34.9952],[118.1755,-35.0036],[118.1714,-35.0056],[118.1768,-35.0137],[118.1922,-35.0135],[118.1909,-35.0235],[118.1876,-35.0223],[118.1893,-35.0252],[118.1956,-35.0226],[118.2009,-35.0119],[118.2059,-35.0093],[118.1999,-35.0036],[118.2007,-34.9994],[118.2122,-34.9887],[118.2085,-34.9829],[118.2107,-34.9787],[118.2068,-34.9757],[118.1968,-34.9745],[118.1904,-34.9674],[118.1828,-34.9729],[118.1723,-34.9674],[118.1698,-34.9532],[118.1777,-34.9386],[118.1829,-34.941],[118.1874,-34.937],[118.1979,-34.9422],[118.2091,-34.9409],[118.2109,-34.944],[118.214,-34.9429],[118.2069,-34.9348],[118.2233,-34.92],[118.2386,-34.9145],[118.244,-34.9182],[118.2508,-34.9157],[118.2551,-34.918],[118.2545,-34.9144],[118.2594,-34.9086],[118.2821,-34.9128],[118.2997,-34.9119],[118.3019,-34.9077],[118.2982,-34.9063],[118.2987,-34.9036],[118.3209,-34.9043],[118.3215,-34.9012],[118.3295,-34.8981],[118.3322,-34.8933],[118.3347,-34.8936],[118.334,-34.8914],[118.3354,-34.8937],[118.3312,-34.8979],[118.3392,-34.9027],[118.3483,-34.8999],[118.36,-34.905],[118.3786,-34.9028],[118.3908,-34.9079],[118.3925,-34.9121],[118.39,-34.9152],[118.4021,-34.9175],[118.4066,-34.9132],[118.4022,-34.9054],[118.4109,-34.9008],[118.4123,-34.902],[118.414,-34.9026],[118.4277,-34.8987],[118.4221,-34.8934],[118.4271,-34.8893],[118.4222,-34.8813],[118.407,-34.8786],[118.4033,-34.8815],[118.3971,-34.8766],[118.3949,-34.8516],[118.4004,-34.8238],[118.4193,-34.7853],[118.4425,-34.7587],[118.4804,-34.734],[118.497,-34.7271],[118.5121,-34.7262],[118.5119,-34.7212],[118.5198,-34.7175],[118.5339,-34.716],[118.5444,-34.7105],[118.5518,-34.7116],[118.5523,-34.7065],[118.5618,-34.7037],[118.5728,-34.7027],[118.5793,-34.7057],[118.58,-34.7016],[118.585,-34.7018],[118.5862,-34.6972],[118.5949,-34.6957],[118.6011,-34.6981],[118.6073,-34.6905],[118.6201,-34.6866],[118.6452,-34.6912],[118.6513,-34.6879],[118.6493,-34.6826],[118.6513,-34.6785],[118.6665,-34.6676],[118.6823,-34.6647],[118.7014,-34.6548],[118.7224,-34.6569],[118.7222,-34.6532],[118.7307,-34.6484],[118.7319,-34.6438],[118.746,-34.6383],[118.7456,-34.6303],[118.752,-34.6224],[118.7688,-34.6179],[118.7817,-34.609],[118.756,-34.6034],[118.7548,-34.5973],[118.746,-34.5948],[118.7393,-34.5781],[118.7446,-34.5594],[118.7618,-34.5396],[118.7888,-34.5238],[118.8066,-34.5182],[118.804,-34.5158],[118.808,-34.5113],[118.8228,-34.5068],[118.8332,-34.507],[118.8473,-34.5018],[118.8841,-34.4996],[118.9142,-34.5032],[118.9147,-34.501],[118.9058,-34.4969],[118.9086,-34.4896],[118.913,-34.4881],[118.908,-34.4867],[118.9062,-34.479],[118.9014,-34.4786],[118.9033,-34.4677],[118.9013,-34.4709],[118.8983,-34.4677],[118.891,-34.4682],[118.8936,-34.4642],[118.8734,-34.4644],[118.8678,-34.4614],[118.8683,-34.4527],[118.863,-34.4545],[118.8626,-34.4601],[118.8563,-34.4641],[118.8491,-34.4635],[118.8506,-34.4606],[118.8454,-34.458],[118.8352,-34.4595],[118.8365,-34.4573],[118.8242,-34.4527],[118.8222,-34.4482],[118.8091,-34.4409],[118.7917,-34.4387],[118.7852,-34.4317],[118.7749,-34.4329],[118.77,-34.4263],[118.7625,-34.428],[118.7617,-34.4214],[118.7517,-34.4187],[118.7392,-34.4054],[118.7298,-34.4079],[118.7266,-34.4029],[118.7293,-34.3956],[118.7262,-34.3886],[118.7207,-34.3904],[118.7067,-34.3811],[118.7104,-34.371],[118.706,-34.3675],[118.709,-34.3618],[118.7021,-34.3621],[118.6964,-34.3585],[118.687,-34.3597],[118.6881,-34.3523],[118.679,-34.3366],[118.6452,-34.338],[118.6376,-34.3305],[118.6331,-34.3352],[118.6353,-34.3444],[118.6407,-34.3478],[118.6391,-34.3492],[118.6236,-34.3441],[118.6057,-34.3571],[118.5951,-34.3521],[118.5852,-34.3518],[118.5801,-34.355],[118.5756,-34.3524],[118.5815,-34.3481],[118.5801,-34.3463],[118.5607,-34.3398],[118.5563,-34.3248],[118.5396,-34.3289],[118.535,-34.3265],[118.5339,-34.3194],[118.5196,-34.3198],[118.5183,-34.3129],[118.5109,-34.3106],[118.5095,-34.306],[118.4868,-34.305],[118.4834,-34.2989],[118.4743,-34.2949],[118.4665,-34.2986],[118.4579,-34.2915],[118.4496,-34.2947],[118.4117,-34.2849],[118.4117,-34.2953],[118.4018,-34.2953],[118.4018,-34.305],[118.3834,-34.305],[118.3927,-34.3182],[118.3998,-34.3444],[118.3928,-34.348],[118.3741,-34.3828],[118.4112,-34.3904],[118.41,-34.4083],[118.3535,-34.434],[118.3511,-34.4602],[118.346,-34.4626],[118.346,-34.4684],[118.338,-34.4684],[118.3234,-34.4863],[118.3242,-34.4975],[118.3203,-34.4975],[118.3214,-34.5307],[118.262,-34.5473],[118.2087,-34.5475],[118.2088,-34.6638],[118.0915,-34.6637],[118.0915,-34.6594],[118.0812,-34.6595],[118.0812,-34.6471],[118.0746,-34.6471],[118.0746,-34.6397],[118.0497,-34.6398],[118.0477,-34.6458],[118.0311,-34.6459],[118.0311,-34.6582],[118.0059,-34.6647],[117.9943,-34.6808],[117.9894,-34.6934],[117.9626,-34.6947],[117.9697,-34.696],[117.9662,-34.7623],[117.9574,-34.7632],[117.9563,-34.7499],[117.953,-34.7499],[117.9526,-34.7465],[117.9346,-34.7465],[117.9346,-34.7665],[117.909,-34.7665],[117.909,-34.8181],[117.8551,-34.8183],[117.8566,-34.8294],[117.8693,-34.8343],[117.8699,-34.8512],[117.8538,-34.8512],[117.8538,-34.8476],[117.8233,-34.8476],[117.8233,-34.8512],[117.8092,-34.8512],[117.8092,-34.8454],[117.7564,-34.8454],[117.7564,-34.8389],[117.744,-34.8438],[117.7427,-34.8406],[117.706,-34.8435],[117.706,-34.849],[117.6997,-34.849],[117.6997,-34.8401],[117.6895,-34.8401],[117.6893,-34.8362],[117.6791,-34.8362],[117.6791,-34.8397],[117.6238,-34.8402],[117.6238,-34.8428],[117.6183,-34.8428],[117.6183,-34.8348],[117.6073,-34.8348],[117.6073,-34.8392],[117.593,-34.8392],[117.593,-34.8424],[117.5851,-34.8424],[117.5851,-34.8374],[117.5704,-34.8374],[117.5704,-34.8424],[117.5678,-34.8424],[117.5646,-34.8299],[117.4882,-34.8306],[117.4882,-34.8872],[117.4863,-34.895],[117.4789,-34.9019],[117.4827,-34.9047],[117.4795,-34.9056],[117.482,-34.9093],[117.4757,-34.9122],[117.4733,-34.9175],[117.4772,-34.928],[117.4725,-34.9348],[117.4762,-34.9377],[117.4736,-34.9416],[117.4755,-34.9442],[117.4721,-34.9443],[117.4724,-34.9497],[117.466,-34.9529],[117.4676,-34.96]]],[[[117.8671,-35.1843],[117.8722,-35.1916],[117.8702,-35.1855],[117.8671,-35.1843]]],[[[117.8939,-35.1853],[117.896,-35.1885],[117.8946,-35.1852],[117.8997,-35.1815],[117.8837,-35.1774],[117.876,-35.1787],[117.8727,-35.1825],[117.8939,-35.1853]]],[[[118.0292,-35.047],[118.0379,-35.0448],[118.0484,-35.0467],[118.0507,-35.0438],[118.0388,-35.0399],[118.0303,-35.0422],[118.0292,-35.047]]],[[[118.158,-35.0273],[118.1583,-35.0296],[118.1617,-35.0294],[118.158,-35.0273]]],[[[118.4624,-34.9328],[118.4773,-34.9372],[118.4791,-34.9293],[118.4856,-34.9258],[118.4866,-34.9214],[118.4568,-34.9049],[118.4471,-34.907],[118.4415,-34.9041],[118.4433,-34.9074],[118.4384,-34.9083],[118.4376,-34.9127],[118.4474,-34.9161],[118.4508,-34.92],[118.4498,-34.9247],[118.4581,-34.9248],[118.4624,-34.9328]]],[[[118.7647,-34.5939],[118.7678,-34.5956],[118.7695,-34.595],[118.7665,-34.5914],[118.7647,-34.5939]]],[[[117.7892,-35.1078],[117.7857,-35.1066],[117.7875,-35.1089],[117.7892,-35.1078]]],[[[118.0171,-35.1097],[118.0174,-35.1099],[118.0179,-35.1099],[118.0171,-35.1097]]],[[[118.0175,-35.1102],[118.0178,-35.11],[118.0174,-35.11],[118.0175,-35.1102]]],[[[118.0704,-35.0651],[118.0711,-35.0657],[118.0715,-35.0648],[118.0704,-35.0651]]],[[[118.0714,-35.0658],[118.0718,-35.0661],[118.0718,-35.0657],[118.0714,-35.0658]]],[[[117.8636,-35.1157],[117.8625,-35.1185],[117.8663,-35.1177],[117.8636,-35.1157]]],[[[117.8578,-35.1152],[117.8597,-35.1174],[117.8612,-35.1156],[117.8578,-35.1152]]],[[[117.6065,-35.1274],[117.6064,-35.1287],[117.6078,-35.1291],[117.6065,-35.1274]]],[[[117.9435,-35.1261],[117.944,-35.1262],[117.9441,-35.1252],[117.9435,-35.1261]]],[[[117.9235,-35.1218],[117.924,-35.1225],[117.9244,-35.1221],[117.9235,-35.1218]]],[[[117.9268,-35.1208],[117.927,-35.1207],[117.9268,-35.1207],[117.9268,-35.1208]]],[[[117.9591,-35.0944],[117.9592,-35.0944],[117.9592,-35.0943],[117.9591,-35.0944]]],[[[118.0442,-35.0651],[118.0617,-35.0672],[118.07,-35.065],[118.0399,-35.0596],[118.0442,-35.0651]]],[[[118.0632,-35.0669],[118.0637,-35.0673],[118.0635,-35.0668],[118.0632,-35.0669]]],[[[118.0434,-35.0661],[118.0437,-35.0658],[118.0436,-35.0655],[118.0435,-35.0655],[118.0435,-35.0655],[118.0435,-35.0656],[118.0435,-35.0657],[118.0435,-35.0659],[118.0434,-35.0661]]],[[[118.0434,-35.0655],[118.0433,-35.0661],[118.0435,-35.0659],[118.0434,-35.0655]]],[[[118.3205,-34.9049],[118.3213,-34.9061],[118.3216,-34.9056],[118.3205,-34.9049]]],[[[118.6596,-34.7028],[118.6624,-34.7032],[118.665,-34.7007],[118.6622,-34.6986],[118.6596,-34.7028]]],[[[118.6577,-34.7055],[118.6559,-34.7045],[118.6559,-34.7055],[118.6577,-34.7055]]],[[[117.9411,-35.0623],[117.9435,-35.064],[117.9474,-35.0621],[117.9458,-35.0613],[117.9411,-35.0623]]],[[[117.9749,-35.0747],[117.9749,-35.0761],[117.9755,-35.0752],[117.9749,-35.0747]]],[[[117.6948,-35.0512],[117.6917,-35.0486],[117.6909,-35.0493],[117.6923,-35.0522],[117.6948,-35.0512]]],[[[117.6488,-35.0726],[117.6491,-35.0705],[117.6477,-35.0712],[117.6488,-35.0726]]],[[[117.6765,-35.0721],[117.6791,-35.0732],[117.6788,-35.0723],[117.6765,-35.0721]]],[[[117.6507,-35.0746],[117.6501,-35.0762],[117.6507,-35.0762],[117.6507,-35.0746]]],[[[117.6971,-35.0524],[117.6971,-35.0507],[117.6964,-35.0514],[117.6971,-35.0524]]],[[[117.7,-35.0529],[117.7009,-35.0533],[117.7013,-35.0531],[117.7,-35.0529]]],[[[117.9325,-35.0551],[117.9336,-35.0551],[117.9324,-35.0549],[117.9325,-35.0551]]],[[[117.9399,-35.0621],[117.9404,-35.0623],[117.9404,-35.0619],[117.9399,-35.0621]]],[[[117.9395,-35.0611],[117.94,-35.0614],[117.9401,-35.0612],[117.9395,-35.0611]]],[[[118.3764,-34.9465],[118.3762,-34.9486],[118.3774,-34.9472],[118.3764,-34.9465]]],[[[118.3742,-34.9427],[118.375,-34.9439],[118.3752,-34.9421],[118.3742,-34.9427]]],[[[118.2145,-35.0034],[118.2161,-34.9996],[118.2095,-34.9959],[118.2087,-34.9978],[118.2145,-35.0034]]],[[[118.1721,-35.0126],[118.174,-35.0166],[118.1775,-35.0172],[118.1751,-35.0128],[118.1721,-35.0126]]],[[[118.1616,-35.0017],[118.1624,-35.0057],[118.163,-35.0032],[118.1616,-35.0017]]]]}},{"type":"Feature","properties":{"lga_name":"Armadale"},"geometry":{"type":"Polygon","coordinates":[[[116.0623,-32.204],[116.0623,-32.2068],[116.0681,-32.2086],[116.0675,-32.2126],[116.1097,-32.2126],[116.1097,-32.2316],[116.1127,-32.2316],[116.113,-32.2876],[116.1897,-32.2874],[116.2249,-32.2359],[116.3581,-32.2363],[116.3512,-32.2312],[116.3438,-32.2318],[116.3413,-32.224],[116.3286,-32.2088],[116.328,-32.1945],[116.3161,-32.1892],[116.3124,-32.1711],[116.3052,-32.1716],[116.3039,-32.1677],[116.2933,-32.1743],[116.2856,-32.1731],[116.2801,-32.1653],[116.285,-32.1619],[116.2849,-32.083],[116.1908,-32.0829],[116.1923,-32.0702],[116.1881,-32.0702],[116.1881,-32.0793],[116.1802,-32.0793],[116.1802,-32.0855],[116.1085,-32.0826],[116.1085,-32.0851],[116.0745,-32.0882],[116.0746,-32.0982],[116.05,-32.0982],[116.05,-32.0955],[116.033,-32.0932],[116.0157,-32.0933],[116.0131,-32.0974],[116.0123,-32.0905],[115.9631,-32.1312],[115.9308,-32.1001],[115.8969,-32.1361],[115.8986,-32.1802],[115.9639,-32.1797],[115.9628,-32.1969],[115.9726,-32.1948],[115.9724,-32.1796],[115.9923,-32.1802],[115.9986,-32.1869],[116.0158,-32.1866],[116.0159,-32.1923],[116.0238,-32.1966],[116.0238,-32.2051],[116.0539,-32.2075],[116.0539,-32.2047],[116.0623,-32.204]]]}},{"type":"Feature","properties":{"lga_name":"Ashburton"},"geometry":{"type":"MultiPolygon","coordinates":[[[[117.5466,-21.308],[117.2205,-21.308],[117.2205,-21.2525],[117.2932,-21.2525],[117.2932,-21.1843],[117.148,-21.1843],[117.148,-21.2525],[117.0883,-21.2525],[117.0883,-21.1916],[117.1135,-21.1916],[117.1135,-21.1626],[117.0182,-21.1626],[117.0182,-21.2117],[116.798,-21.2117],[116.798,-21.3368],[116.4532,-21.3368],[116.4532,-21.3173],[116.1747,-21.3173],[116.1747,-21.3921],[116.1125,-21.3921],[116.1125,-21.5313],[116.0083,-21.5313],[116.0083,-21.5802],[115.9607,-21.5802],[115.9607,-21.4752],[115.8879,-21.4406],[115.8879,-21.4094],[115.5967,-21.4094],[115.5942,-21.4125],[115.5946,-21.4094],[115.5553,-21.4094],[115.549,-21.4168],[115.5524,-21.4237],[115.5575,-21.4182],[115.5524,-21.4272],[115.5546,-21.4302],[115.5642,-21.4368],[115.5727,-21.4275],[115.5633,-21.439],[115.5677,-21.4403],[115.5687,-21.4455],[115.5722,-21.4455],[115.5716,-21.4488],[115.5679,-21.4462],[115.5665,-21.4407],[115.5611,-21.4388],[115.5648,-21.4473],[115.5654,-21.4573],[115.5574,-21.4366],[115.5454,-21.4353],[115.5349,-21.4435],[115.5407,-21.4375],[115.5333,-21.4358],[115.5158,-21.4497],[115.5146,-21.4532],[115.5205,-21.4548],[115.5189,-21.4608],[115.5143,-21.4615],[115.5183,-21.4557],[115.5146,-21.4547],[115.5059,-21.4653],[115.5074,-21.4745],[115.5118,-21.4714],[115.5164,-21.4715],[115.5222,-21.4607],[115.5264,-21.4595],[115.517,-21.4723],[115.5084,-21.476],[115.5167,-21.4812],[115.5163,-21.4756],[115.5193,-21.4715],[115.5251,-21.4695],[115.5268,-21.4632],[115.5259,-21.4708],[115.5167,-21.4767],[115.52,-21.4806],[115.5165,-21.4835],[115.5066,-21.4773],[115.5057,-21.4833],[115.5054,-21.4807],[115.5001,-21.4804],[115.4966,-21.4828],[115.4978,-21.4871],[115.4927,-21.4858],[115.4926,-21.4924],[115.4963,-21.4921],[115.4972,-21.4889],[115.4995,-21.4895],[115.5013,-21.4936],[115.509,-21.4934],[115.5,-21.4942],[115.4976,-21.49],[115.4964,-21.4934],[115.4911,-21.4955],[115.4967,-21.5028],[115.5013,-21.4981],[115.5066,-21.5014],[115.5006,-21.4997],[115.5002,-21.5052],[115.5202,-21.5088],[115.5146,-21.5104],[115.5142,-21.5207],[115.5112,-21.5247],[115.5133,-21.5188],[115.5107,-21.5095],[115.4999,-21.5089],[115.4937,-21.519],[115.4932,-21.5343],[115.4996,-21.5331],[115.5073,-21.5384],[115.5083,-21.5357],[115.5083,-21.5395],[115.5005,-21.5376],[115.4995,-21.5338],[115.4939,-21.5372],[115.4924,-21.5458],[115.4915,-21.5374],[115.4773,-21.53],[115.4743,-21.5328],[115.4756,-21.5472],[115.4717,-21.5329],[115.4762,-21.5271],[115.4677,-21.5147],[115.4665,-21.5256],[115.4604,-21.5317],[115.465,-21.5377],[115.4639,-21.5472],[115.4591,-21.5311],[115.45,-21.5282],[115.4451,-21.5328],[115.4563,-21.5398],[115.4577,-21.5444],[115.4557,-21.5485],[115.4553,-21.5399],[115.4435,-21.5328],[115.4489,-21.5267],[115.4587,-21.5276],[115.4617,-21.519],[115.4594,-21.516],[115.4587,-21.5189],[115.4562,-21.5197],[115.46,-21.5108],[115.4573,-21.5085],[115.4501,-21.5112],[115.4464,-21.5216],[115.4382,-21.5296],[115.4396,-21.5382],[115.4452,-21.5351],[115.4488,-21.5378],[115.4465,-21.5438],[115.4419,-21.5416],[115.4435,-21.5392],[115.4481,-21.5386],[115.4438,-21.5359],[115.4353,-21.542],[115.438,-21.5384],[115.4354,-21.5303],[115.4281,-21.5454],[115.4291,-21.5347],[115.433,-21.5335],[115.4333,-21.5292],[115.4129,-21.5248],[115.4081,-21.5279],[115.4163,-21.5326],[115.4047,-21.5282],[115.3812,-21.5433],[115.3814,-21.5467],[115.3847,-21.5472],[115.3892,-21.5418],[115.4044,-21.5351],[115.4142,-21.5347],[115.412,-21.5381],[115.4183,-21.5399],[115.4014,-21.547],[115.4033,-21.553],[115.3979,-21.5536],[115.3991,-21.5561],[115.3896,-21.5537],[115.3817,-21.5481],[115.3715,-21.5573],[115.3435,-21.5673],[115.34,-21.5724],[115.3312,-21.576],[115.3276,-21.5853],[115.3347,-21.5951],[115.3416,-21.596],[115.3338,-21.5961],[115.3266,-21.5862],[115.3272,-21.5803],[115.2982,-21.5941],[115.2693,-21.5942],[115.2447,-21.5882],[115.2459,-21.5959],[115.2431,-21.5871],[115.2521,-21.585],[115.2423,-21.5768],[115.23,-21.5926],[115.2344,-21.5962],[115.2256,-21.5953],[115.2198,-21.6026],[115.2199,-21.6162],[115.2164,-21.6175],[115.2183,-21.6044],[115.2112,-21.602],[115.211,-21.5977],[115.204,-21.598],[115.1869,-21.6124],[115.1882,-21.6156],[115.2068,-21.6229],[115.2105,-21.6276],[115.2044,-21.625],[115.206,-21.6274],[115.2054,-21.631],[115.2037,-21.6261],[115.1938,-21.6203],[115.1949,-21.6283],[115.186,-21.6123],[115.1785,-21.6113],[115.1616,-21.6251],[115.1703,-21.6281],[115.1706,-21.6336],[115.1766,-21.6366],[115.17,-21.6346],[115.1685,-21.6275],[115.1606,-21.6262],[115.1472,-21.6406],[115.1322,-21.6449],[115.1331,-21.6526],[115.1422,-21.659],[115.1377,-21.6574],[115.1352,-21.6603],[115.1369,-21.6562],[115.1335,-21.6551],[115.1317,-21.6598],[115.1303,-21.642],[115.1202,-21.642],[115.1088,-21.6316],[115.0809,-21.6584],[115.0571,-21.6759],[115.056,-21.6861],[115.0547,-21.6776],[115.0489,-21.682],[115.042,-21.681],[115.0307,-21.6851],[115.0437,-21.6825],[115.0371,-21.6849],[115.041,-21.692],[115.0356,-21.6936],[115.0353,-21.6863],[115.0281,-21.6875],[115.0251,-21.6919],[115.0278,-21.6949],[115.0241,-21.6924],[115.0261,-21.6882],[115.0167,-21.6929],[115.029,-21.6847],[115.0133,-21.686],[114.9908,-21.6806],[114.9878,-21.6769],[114.9883,-21.68],[114.984,-21.6795],[114.9747,-21.6716],[114.968,-21.6754],[114.9738,-21.6818],[114.9663,-21.6772],[114.9587,-21.6837],[114.9609,-21.6863],[114.963,-21.6838],[114.9644,-21.6837],[114.9655,-21.6883],[114.971,-21.6878],[114.9703,-21.6894],[114.9644,-21.689],[114.963,-21.6846],[114.9606,-21.688],[114.963,-21.6926],[114.9583,-21.6862],[114.9523,-21.69],[114.9452,-21.6904],[114.9527,-21.6889],[114.9582,-21.6806],[114.9723,-21.6708],[114.9821,-21.6715],[114.9884,-21.674],[114.9839,-21.6707],[114.9731,-21.6696],[114.9361,-21.6908],[114.9162,-21.6908],[114.9143,-21.6883],[114.9034,-21.7053],[114.859,-21.7327],[114.8609,-21.738],[114.8572,-21.7345],[114.8421,-21.7511],[114.8248,-21.7558],[114.7784,-21.7905],[114.7695,-21.7951],[114.754,-21.7958],[114.7377,-21.801],[114.7209,-21.7988],[114.6988,-21.8137],[114.6918,-21.8236],[114.6834,-21.829],[114.6838,-21.8313],[114.6934,-21.8308],[114.6976,-21.8431],[114.6938,-21.8511],[114.6853,-21.8579],[114.6869,-21.8647],[114.6852,-21.8678],[114.6846,-21.8573],[114.6911,-21.8485],[114.6932,-21.8394],[114.6861,-21.8329],[114.6755,-21.8277],[114.6481,-21.8445],[114.6436,-21.8489],[114.6425,-21.9093],[114.6476,-21.9199],[114.6643,-21.9105],[114.6572,-21.9205],[114.6516,-21.9225],[114.6394,-21.9173],[114.6215,-21.9359],[114.6193,-21.9448],[114.6256,-21.9416],[114.6371,-21.9446],[114.6234,-21.9435],[114.6152,-21.9476],[114.6157,-21.9595],[114.6244,-21.9647],[114.6258,-21.9756],[114.6211,-21.9641],[114.6129,-21.9615],[114.6157,-21.9762],[114.6114,-21.986],[114.6066,-21.9844],[114.6049,-21.9875],[114.6081,-21.9982],[114.6059,-22.0069],[114.607,-21.9982],[114.6018,-21.9943],[114.6014,-21.9877],[114.5866,-22.0038],[114.5868,-22.0096],[114.5851,-22.0142],[114.5883,-22.0149],[114.5894,-22.0195],[114.5842,-22.0133],[114.585,-21.9969],[114.5706,-22.0018],[114.5754,-22.0158],[114.571,-22.0177],[114.5728,-22.0222],[114.5689,-22.02],[114.5642,-22.0268],[114.5728,-22.0373],[114.5744,-22.0437],[114.5624,-22.025],[114.5618,-22.0293],[114.5602,-22.0272],[114.559,-22.0203],[114.5541,-22.0253],[114.5518,-22.0445],[114.5478,-22.0521],[114.5506,-22.058],[114.5478,-22.0621],[114.5516,-22.0665],[114.5434,-22.0608],[114.5412,-22.0624],[114.5453,-22.0649],[114.5356,-22.066],[114.5233,-22.0626],[114.5173,-22.0665],[114.5202,-22.0827],[114.5234,-22.0793],[114.5284,-22.0826],[114.5357,-22.0788],[114.5231,-22.0934],[114.5248,-22.1001],[114.5314,-22.0953],[114.5277,-22.1018],[114.5181,-22.1059],[114.5231,-22.1239],[114.5285,-22.1298],[114.5259,-22.1422],[114.5257,-22.1299],[114.5194,-22.1232],[114.5166,-22.1236],[114.5161,-22.128],[114.5155,-22.1238],[114.5081,-22.1224],[114.5013,-22.1299],[114.5066,-22.1492],[114.5149,-22.1566],[114.5069,-22.1529],[114.5058,-22.1582],[114.5009,-22.1503],[114.5067,-22.1641],[114.5045,-22.168],[114.5088,-22.1742],[114.505,-22.1706],[114.5034,-22.1726],[114.508,-22.1835],[114.5057,-22.1834],[114.4995,-22.163],[114.4935,-22.1625],[114.4907,-22.1711],[114.4895,-22.1576],[114.4771,-22.1543],[114.4725,-22.1582],[114.4639,-22.1562],[114.4557,-22.1595],[114.4536,-22.1661],[114.4663,-22.1714],[114.4818,-22.1882],[114.4873,-22.1895],[114.4902,-22.186],[114.4878,-22.1902],[114.473,-22.1861],[114.4718,-22.1904],[114.4872,-22.2002],[114.4887,-22.2084],[114.493,-22.211],[114.4967,-22.2201],[114.5005,-22.2205],[114.496,-22.2212],[114.4917,-22.2154],[114.489,-22.2191],[114.4784,-22.2048],[114.4664,-22.2042],[114.4652,-22.2076],[114.4684,-22.2115],[114.4647,-22.2112],[114.4693,-22.2179],[114.4538,-22.2073],[114.452,-22.2125],[114.4562,-22.225],[114.4517,-22.2189],[114.4497,-22.2265],[114.4522,-22.235],[114.4677,-22.247],[114.4819,-22.2515],[114.456,-22.2489],[114.444,-22.242],[114.4429,-22.246],[114.4487,-22.2536],[114.4726,-22.2644],[114.4521,-22.2593],[114.4494,-22.2607],[114.4521,-22.2656],[114.4609,-22.2719],[114.4579,-22.27],[114.4545,-22.2729],[114.4398,-22.2649],[114.4358,-22.2656],[114.4298,-22.2742],[114.432,-22.2781],[114.5589,-22.2778],[114.5587,-22.5046],[114.6368,-22.5047],[114.6367,-22.6682],[114.754,-22.6682],[114.754,-22.7054],[114.7505,-22.7163],[114.7015,-22.8008],[114.6817,-22.8569],[114.6789,-22.8862],[114.6713,-22.9062],[114.7093,-22.9062],[114.7093,-22.933],[114.6614,-22.933],[114.6448,-22.9688],[114.5977,-22.9688],[114.5977,-23.0183],[114.4794,-23.0183],[114.4794,-23.0738],[114.545,-23.0737],[114.5452,-23.1295],[114.6731,-23.1294],[114.6733,-23.2201],[114.6321,-23.22],[114.6319,-23.3897],[114.7374,-23.3897],[114.7372,-23.4523],[115.1955,-23.4523],[115.1955,-23.3921],[115.478,-23.3921],[115.4781,-23.4847],[115.5321,-23.4847],[115.524,-23.4867],[115.5257,-23.5754],[115.6047,-23.5754],[115.6048,-23.6753],[115.7034,-23.6752],[115.7034,-23.743],[115.7274,-23.743],[115.7262,-23.8427],[115.774,-23.8419],[115.7771,-23.8665],[115.8718,-23.8672],[115.8718,-23.8879],[115.9798,-23.8878],[115.9797,-23.5779],[116.0761,-23.5779],[116.0761,-23.6026],[116.1369,-23.6026],[116.1369,-23.6315],[116.1906,-23.6315],[116.1906,-23.6552],[116.2972,-23.6552],[116.2972,-23.5995],[116.4942,-23.5989],[116.4954,-23.5098],[116.5984,-23.5098],[116.5979,-23.5745],[116.8585,-23.5729],[116.8584,-23.8049],[117.0447,-23.8047],[117.0414,-23.7987],[117.0529,-23.7883],[117.6262,-23.7927],[117.6262,-23.74],[117.7144,-23.74],[117.7144,-23.6787],[117.7438,-23.618],[117.7438,-23.5329],[117.6582,-23.5329],[117.6582,-23.4855],[117.6367,-23.4855],[117.6366,-23.4378],[117.716,-23.4378],[117.716,-23.3784],[117.8403,-23.3784],[117.8403,-23.3936],[117.9916,-23.3936],[117.9916,-23.375],[118.079,-23.375],[118.079,-23.2933],[118.1675,-23.2933],[118.1675,-23.3151],[118.426,-23.3151],[118.426,-23.4404],[118.8358,-22.6972],[119.1243,-22.6972],[119.1243,-22.5458],[119.0126,-22.5458],[119.0126,-22.4654],[118.8621,-22.4654],[118.8621,-22.432],[118.7585,-22.432],[118.7585,-22.3635],[118.8621,-22.3635],[118.8621,-22.3905],[119.1243,-22.3905],[119.1243,-22.3635],[119.4268,-22.3653],[119.4268,-22.2936],[119.3976,-22.2936],[119.3977,-22.2197],[119.3792,-22.2197],[119.3792,-22.207],[119.18,-22.207],[119.18,-22.1752],[119.2313,-22.1752],[119.2313,-22.0661],[118.9877,-22.0661],[118.9877,-22.0558],[118.8095,-22.0558],[118.8095,-22.0503],[118.7266,-22.0503],[118.7266,-22.0357],[118.6974,-22.0357],[118.6974,-21.9603],[118.5884,-21.9604],[118.5884,-21.8098],[118.5318,-21.8098],[118.5318,-21.7688],[118.5511,-21.7688],[118.5511,-21.6962],[118.5022,-21.6962],[118.5022,-21.6577],[118.3697,-21.6577],[118.3697,-21.6845],[118.2535,-21.6845],[118.2535,-21.6081],[118.1991,-21.6081],[118.1991,-21.5301],[118.2309,-21.5301],[118.2309,-21.49],[118.2051,-21.49],[118.2051,-21.387],[118.156,-21.387],[118.156,-21.4792],[118.0854,-21.4792],[118.0854,-21.4166],[118.111,-21.4166],[118.111,-21.3452],[118.1465,-21.3452],[118.1465,-21.2965],[118.0695,-21.2965],[118.0695,-21.6494],[118.1096,-21.6494],[118.1096,-21.7275],[117.983,-21.7275],[117.983,-21.4822],[117.9241,-21.4822],[117.9241,-21.3715],[117.7016,-21.3715],[117.7016,-21.1513],[117.5466,-21.1513],[117.5466,-21.2371],[117.5497,-21.2371],[117.5497,-21.2516],[117.5466,-21.2516],[117.5466,-21.308]]],[[[115.3259,-20.974],[115.3351,-20.9702],[115.3376,-20.966],[115.3332,-20.964],[115.3253,-20.9519],[115.3163,-20.9474],[115.3266,-20.969],[115.3259,-20.974]]],[[[115.3244,-20.9218],[115.3165,-20.9383],[115.3242,-20.9337],[115.3361,-20.9066],[115.3284,-20.8963],[115.3222,-20.895],[115.3244,-20.9218]]],[[[115.5795,-20.675],[115.5803,-20.6748],[115.5799,-20.6745],[115.5795,-20.675]]],[[[115.5789,-20.6747],[115.5793,-20.6742],[115.5789,-20.6741],[115.5789,-20.6747]]],[[[115.557,-20.628],[115.5581,-20.6277],[115.5569,-20.6271],[115.557,-20.628]]],[[[115.5335,-20.6276],[115.5347,-20.6275],[115.5338,-20.6268],[115.5335,-20.6276]]],[[[115.5686,-20.6274],[115.5692,-20.6272],[115.5687,-20.6271],[115.5686,-20.6274]]],[[[115.5676,-20.6263],[115.5687,-20.6258],[115.5679,-20.6254],[115.5676,-20.6263]]],[[[115.5521,-20.6188],[115.5529,-20.6187],[115.5523,-20.6185],[115.5521,-20.6188]]],[[[115.5473,-20.6112],[115.5481,-20.6108],[115.5475,-20.6108],[115.5473,-20.6112]]],[[[115.5437,-20.6064],[115.5448,-20.6061],[115.5436,-20.6058],[115.5437,-20.6064]]],[[[115.5434,-20.6045],[115.5444,-20.6041],[115.5435,-20.6041],[115.5434,-20.6045]]],[[[115.5595,-20.6015],[115.5602,-20.6013],[115.5596,-20.601],[115.5595,-20.6015]]],[[[115.5406,-20.599],[115.542,-20.5995],[115.5399,-20.5975],[115.5406,-20.599]]],[[[115.5564,-20.5919],[115.5576,-20.5918],[115.5564,-20.5911],[115.5564,-20.5919]]],[[[115.5561,-20.5883],[115.5572,-20.5883],[115.5566,-20.5876],[115.5561,-20.5883]]],[[[115.5542,-20.5816],[115.5553,-20.582],[115.5551,-20.5816],[115.5542,-20.5816]]],[[[114.4277,-22.2186],[114.4287,-22.2187],[114.428,-22.2182],[114.4277,-22.2186]]],[[[114.3788,-22.194],[114.38,-22.1953],[114.3805,-22.1944],[114.3788,-22.194]]],[[[114.4249,-21.9514],[114.4175,-21.9503],[114.4178,-21.9555],[114.4209,-21.9564],[114.4249,-21.9514]]],[[[114.5076,-21.5997],[114.5111,-21.6024],[114.5083,-21.5987],[114.5076,-21.5997]]],[[[115.3394,-20.96],[115.3404,-20.9612],[115.341,-20.96],[115.3394,-20.96]]],[[[115.3215,-20.8083],[115.3208,-20.8169],[115.308,-20.8473],[115.3068,-20.8604],[115.3078,-20.8687],[115.3154,-20.8725],[115.3214,-20.8829],[115.321,-20.8916],[115.3294,-20.8873],[115.3338,-20.8761],[115.3207,-20.8782],[115.3204,-20.8751],[115.3292,-20.8728],[115.3328,-20.8678],[115.3477,-20.8648],[115.3688,-20.8735],[115.3743,-20.8948],[115.381,-20.8883],[115.3963,-20.8852],[115.3973,-20.8785],[115.4027,-20.8746],[115.4068,-20.8756],[115.4082,-20.8674],[115.4164,-20.8671],[115.4207,-20.8637],[115.423,-20.8585],[115.4197,-20.8504],[115.4254,-20.8371],[115.4315,-20.8331],[115.4423,-20.8341],[115.4474,-20.8289],[115.4478,-20.8145],[115.4521,-20.8073],[115.4502,-20.8063],[115.4476,-20.8022],[115.4535,-20.8056],[115.4578,-20.7934],[115.4637,-20.7896],[115.4647,-20.7836],[115.4707,-20.7776],[115.4676,-20.7721],[115.4692,-20.767],[115.4759,-20.7661],[115.4716,-20.7579],[115.4754,-20.7447],[115.4723,-20.7451],[115.4709,-20.7413],[115.4769,-20.7335],[115.4746,-20.7255],[115.4674,-20.7197],[115.4702,-20.7128],[115.4671,-20.7134],[115.4616,-20.7077],[115.4652,-20.697],[115.4595,-20.6946],[115.4641,-20.6939],[115.4583,-20.6924],[115.4687,-20.6802],[115.4408,-20.6661],[115.431,-20.6684],[115.4193,-20.6818],[115.4113,-20.7],[115.3978,-20.7117],[115.381,-20.741],[115.3547,-20.7583],[115.3518,-20.7724],[115.3215,-20.8083]]],[[[115.5743,-20.6848],[115.5754,-20.6847],[115.5745,-20.684],[115.5743,-20.6848]]],[[[115.5783,-20.6756],[115.5787,-20.6751],[115.5783,-20.6751],[115.5783,-20.6756]]],[[[115.5835,-20.6634],[115.577,-20.6681],[115.5778,-20.6719],[115.5806,-20.668],[115.5824,-20.6698],[115.5835,-20.6634]]],[[[115.503,-20.6473],[115.5047,-20.647],[115.5035,-20.6468],[115.503,-20.6473]]],[[[115.5632,-20.6386],[115.5647,-20.6394],[115.564,-20.6369],[115.5632,-20.6386]]],[[[115.5738,-20.6384],[115.5747,-20.6383],[115.5735,-20.6384],[115.5738,-20.6384]]],[[[115.5432,-20.6355],[115.5438,-20.6351],[115.5429,-20.6352],[115.5432,-20.6355]]],[[[115.5709,-20.634],[115.5724,-20.6334],[115.5712,-20.6319],[115.5709,-20.634]]],[[[115.5194,-20.6331],[115.524,-20.6321],[115.5258,-20.6307],[115.5196,-20.6304],[115.5194,-20.6331]]],[[[115.5695,-20.6303],[115.5705,-20.6305],[115.57,-20.6293],[115.5695,-20.6303]]],[[[115.5299,-20.6294],[115.5309,-20.6297],[115.5309,-20.629],[115.5299,-20.6294]]],[[[115.5685,-20.6285],[115.5689,-20.6281],[115.5685,-20.6281],[115.5685,-20.6285]]],[[[115.5741,-20.6829],[115.5753,-20.6828],[115.5741,-20.6822],[115.5741,-20.6829]]],[[[115.5741,-20.6813],[115.5751,-20.6813],[115.5749,-20.681],[115.5741,-20.6813]]],[[[115.5757,-20.6804],[115.5748,-20.6801],[115.5751,-20.6809],[115.5757,-20.6804]]],[[[115.5401,-20.6338],[115.5409,-20.6327],[115.5405,-20.6325],[115.5401,-20.6338]]],[[[115.5282,-20.6309],[115.5293,-20.631],[115.5286,-20.6304],[115.5282,-20.6309]]],[[[115.5311,-20.631],[115.5333,-20.6314],[115.5339,-20.6306],[115.5311,-20.631]]],[[[115.539,-20.6299],[115.54,-20.6291],[115.5388,-20.6296],[115.539,-20.6299]]],[[[115.5739,-20.6397],[115.5756,-20.6395],[115.5752,-20.6391],[115.5739,-20.6397]]],[[[115.5733,-20.6406],[115.5744,-20.6409],[115.5737,-20.6403],[115.5733,-20.6406]]],[[[115.5659,-20.641],[115.5757,-20.6523],[115.5745,-20.656],[115.5829,-20.6615],[115.5792,-20.6559],[115.5815,-20.6513],[115.5716,-20.6472],[115.5659,-20.641]]],[[[115.5746,-20.6594],[115.5753,-20.6602],[115.5758,-20.6588],[115.5746,-20.6594]]],[[[115.5602,-20.6427],[115.5574,-20.6378],[115.5589,-20.6336],[115.5551,-20.6373],[115.5602,-20.6427]]],[[[115.5615,-20.6346],[115.5624,-20.6348],[115.5635,-20.6343],[115.5615,-20.6346]]],[[[115.5462,-20.6308],[115.5479,-20.6305],[115.5462,-20.6305],[115.5462,-20.6308]]],[[[115.5595,-20.6308],[115.5605,-20.6308],[115.56,-20.6304],[115.5595,-20.6308]]],[[[115.5605,-20.6332],[115.5616,-20.6331],[115.5615,-20.6324],[115.5605,-20.6332]]],[[[115.5629,-20.6328],[115.5636,-20.6328],[115.5629,-20.6324],[115.5629,-20.6328]]],[[[114.4533,-22.2453],[114.4637,-22.245],[114.4614,-22.2424],[114.4514,-22.2383],[114.4533,-22.2453]]],[[[114.5006,-22.0081],[114.5313,-22.0595],[114.5368,-22.0615],[114.5371,-22.0537],[114.5455,-22.0445],[114.5423,-22.0284],[114.5371,-22.0215],[114.5323,-22.0229],[114.5395,-22.0182],[114.5386,-22.0109],[114.5338,-22.0133],[114.5408,-22.0074],[114.5332,-22.0001],[114.5103,-21.9938],[114.5006,-22.0081]]],[[[114.5707,-22.001],[114.5825,-21.9929],[114.5792,-21.9839],[114.5701,-21.9831],[114.5661,-21.9867],[114.5707,-22.001]]],[[[114.5407,-22.0601],[114.5481,-22.0592],[114.5455,-22.0485],[114.5397,-22.0527],[114.5407,-22.0601]]],[[[114.4914,-22.1186],[114.4846,-22.1273],[114.4843,-22.1353],[114.4902,-22.1354],[114.4873,-22.1275],[114.4914,-22.1186]]],[[[114.5153,-22.0937],[114.5084,-22.1016],[114.5067,-22.1061],[114.5126,-22.1061],[114.5153,-22.0937]]],[[[114.4891,-22.1531],[114.4902,-22.1458],[114.486,-22.1458],[114.4827,-22.1503],[114.4891,-22.1531]]],[[[114.4994,-22.1578],[114.4943,-22.1495],[114.4968,-22.1588],[114.4994,-22.1578]]],[[[114.5503,-21.8091],[114.554,-21.8085],[114.5554,-21.8067],[114.5492,-21.8039],[114.5503,-21.8091]]],[[[114.5645,-21.8894],[114.5606,-21.8838],[114.5572,-21.8837],[114.5577,-21.8852],[114.5645,-21.8894]]],[[[114.4322,-21.9246],[114.4344,-21.9209],[114.431,-21.92],[114.4293,-21.9215],[114.4322,-21.9246]]],[[[114.5497,-21.9979],[114.5541,-21.9994],[114.553,-21.9957],[114.5497,-21.9979]]],[[[114.5421,-21.742],[114.5442,-21.7397],[114.5414,-21.7382],[114.5395,-21.7403],[114.5421,-21.742]]],[[[114.4895,-21.9623],[114.4924,-21.9613],[114.4927,-21.9595],[114.4906,-21.959],[114.4895,-21.9623]]],[[[114.5211,-21.9558],[114.523,-21.9572],[114.5233,-21.9563],[114.5211,-21.9558]]],[[[114.5143,-22.1171],[114.5162,-22.1175],[114.5148,-22.1157],[114.5143,-22.1171]]],[[[114.4699,-22.1819],[114.4724,-22.1826],[114.4708,-22.1811],[114.4699,-22.1819]]],[[[114.5219,-21.9288],[114.5228,-21.9277],[114.5216,-21.9284],[114.5219,-21.9288]]],[[[114.5474,-21.8737],[114.5496,-21.8735],[114.5475,-21.8728],[114.5474,-21.8737]]],[[[114.6002,-21.8721],[114.6022,-21.8726],[114.6005,-21.8715],[114.6002,-21.8721]]],[[[114.5455,-22.0612],[114.5471,-22.0614],[114.5465,-22.0605],[114.5455,-22.0612]]],[[[114.5051,-22.1509],[114.5064,-22.1509],[114.5052,-22.1501],[114.5051,-22.1509]]],[[[114.5581,-21.8039],[114.5593,-21.8039],[114.5583,-21.8035],[114.5581,-21.8039]]],[[[114.46,-22.2095],[114.4608,-22.2093],[114.4602,-22.209],[114.46,-22.2095]]],[[[114.4318,-22.2214],[114.4323,-22.2209],[114.4315,-22.2212],[114.4318,-22.2214]]],[[[115.4258,-21.5257],[115.4374,-21.5281],[115.446,-21.5181],[115.4449,-21.516],[115.4412,-21.5184],[115.4495,-21.5064],[115.4599,-21.5038],[115.4653,-21.4934],[115.4351,-21.5032],[115.4301,-21.5118],[115.42,-21.5184],[115.4258,-21.5257]]],[[[114.9715,-21.4594],[115.0168,-21.4652],[115.025,-21.4583],[115.0119,-21.4523],[114.9903,-21.451],[114.9762,-21.4547],[114.9715,-21.4594]]],[[[115.4737,-21.5102],[115.4809,-21.5301],[115.4917,-21.535],[115.4897,-21.5285],[115.4962,-21.5109],[115.4831,-21.5058],[115.4779,-21.5111],[115.4758,-21.5052],[115.4737,-21.5102]]],[[[115.2209,-21.5881],[115.2126,-21.6007],[115.2202,-21.5988],[115.2357,-21.577],[115.248,-21.5707],[115.245,-21.5649],[115.2289,-21.5693],[115.2209,-21.5881]]],[[[114.6834,-21.6309],[114.6974,-21.6259],[114.6887,-21.6193],[114.6855,-21.605],[114.665,-21.5913],[114.6696,-21.603],[114.6877,-21.6202],[114.6881,-21.626],[114.6834,-21.6309]]],[[[115.376,-21.4453],[115.3704,-21.4522],[115.3659,-21.453],[115.3626,-21.4634],[115.3661,-21.4643],[115.3732,-21.4591],[115.3775,-21.449],[115.376,-21.4453]]],[[[115.3556,-21.4871],[115.3615,-21.4851],[115.356,-21.4683],[115.3511,-21.4824],[115.3556,-21.4871]]],[[[115.4127,-21.5152],[115.4233,-21.5098],[115.4283,-21.5028],[115.414,-21.5075],[115.4127,-21.5152]]],[[[114.7581,-21.5284],[114.7667,-21.5302],[114.7658,-21.5211],[114.7639,-21.5206],[114.7581,-21.5284]]],[[[114.9355,-21.595],[114.9391,-21.5938],[114.9368,-21.5893],[114.9326,-21.5916],[114.9355,-21.595]]],[[[114.7666,-21.7193],[114.7696,-21.7171],[114.7695,-21.713],[114.7654,-21.714],[114.7666,-21.7193]]],[[[114.6218,-21.6063],[114.6253,-21.604],[114.6202,-21.5997],[114.6189,-21.6009],[114.6218,-21.6063]]],[[[115.352,-21.513],[115.3577,-21.5067],[115.3564,-21.504],[115.351,-21.51],[115.352,-21.513]]],[[[115.1319,-21.5362],[115.1325,-21.532],[115.1277,-21.5329],[115.1294,-21.5353],[115.1319,-21.5362]]],[[[115.5135,-21.4443],[115.5181,-21.4363],[115.5175,-21.4351],[115.5152,-21.4373],[115.5135,-21.4443]]],[[[114.9843,-21.6759],[114.9856,-21.6738],[114.9817,-21.6727],[114.9816,-21.6738],[114.9843,-21.6759]]],[[[115.4046,-21.4087],[115.405,-21.4096],[115.4116,-21.408],[115.4046,-21.4087]]],[[[115.2157,-21.5095],[115.2194,-21.5106],[115.2178,-21.5088],[115.2157,-21.5095]]],[[[115.3894,-21.5524],[115.392,-21.5519],[115.3879,-21.55],[115.3894,-21.5524]]],[[[115.4351,-21.4193],[115.4396,-21.4187],[115.44,-21.4177],[115.4351,-21.4193]]],[[[114.86,-21.5803],[114.8623,-21.5802],[114.8604,-21.5794],[114.86,-21.5803]]],[[[115.5195,-21.4282],[115.5214,-21.4263],[115.5191,-21.4273],[115.5195,-21.4282]]],[[[115.4303,-21.413],[115.4325,-21.4125],[115.4317,-21.4121],[115.4303,-21.413]]],[[[115.2024,-21.5205],[115.2053,-21.5215],[115.2055,-21.5206],[115.2024,-21.5205]]],[[[114.9911,-21.6797],[114.9908,-21.6776],[114.9886,-21.6761],[114.9885,-21.6766],[114.9911,-21.6797]]],[[[115.5097,-21.4542],[115.5128,-21.4538],[115.5126,-21.4532],[115.5097,-21.4542]]],[[[114.7179,-21.6124],[114.7204,-21.6119],[114.7178,-21.6117],[114.7179,-21.6124]]],[[[115.5024,-21.4801],[115.504,-21.4788],[115.502,-21.4798],[115.5024,-21.4801]]],[[[114.653,-21.6456],[114.6553,-21.6459],[114.655,-21.645],[114.653,-21.6456]]],[[[115.4432,-21.5413],[115.4459,-21.5402],[115.4458,-21.5398],[115.4443,-21.5396],[115.4432,-21.5413]]],[[[115.3776,-21.4441],[115.3787,-21.445],[115.3781,-21.4433],[115.3776,-21.4441]]],[[[115.432,-21.4183],[115.4326,-21.4169],[115.4313,-21.4188],[115.432,-21.4183]]],[[[114.7746,-21.551],[114.7757,-21.5503],[114.7739,-21.5505],[114.7746,-21.551]]],[[[115.5029,-21.4691],[115.5038,-21.4683],[115.5026,-21.4685],[115.5029,-21.4691]]],[[[115.4138,-21.4338],[115.4148,-21.4328],[115.4143,-21.4326],[115.4138,-21.4338]]],[[[114.9751,-21.4218],[114.9764,-21.4224],[114.9763,-21.4219],[114.9751,-21.4218]]],[[[114.7071,-21.5642],[114.7085,-21.5642],[114.7074,-21.5638],[114.7071,-21.5642]]],[[[115.4835,-21.4179],[115.4846,-21.4178],[115.4836,-21.4172],[115.4835,-21.4179]]],[[[115.3599,-21.5043],[115.3605,-21.5048],[115.3605,-21.5045],[115.3599,-21.5043]]],[[[115.3508,-21.5156],[115.3516,-21.515],[115.351,-21.5149],[115.3508,-21.5156]]],[[[115.4315,-21.3726],[115.4325,-21.3725],[115.4317,-21.3721],[115.4315,-21.3726]]],[[[115.3491,-21.5098],[115.3499,-21.5095],[115.3492,-21.5091],[115.3491,-21.5098]]],[[[114.9749,-21.4289],[114.9754,-21.4283],[114.9745,-21.4286],[114.9749,-21.4289]]],[[[114.4893,-22.2152],[114.4905,-22.2154],[114.4901,-22.2147],[114.4893,-22.2152]]],[[[114.4913,-22.2122],[114.4921,-22.2123],[114.4916,-22.2118],[114.4913,-22.2122]]],[[[114.4892,-22.214],[114.4898,-22.2141],[114.4894,-22.2135],[114.4892,-22.214]]],[[[115.1639,-21.3248],[115.1688,-21.3244],[115.172,-21.3245],[115.1656,-21.3209],[115.1639,-21.3248]]],[[[115.0229,-21.2659],[115.0255,-21.2646],[115.0234,-21.2618],[115.0225,-21.2636],[115.0229,-21.2659]]],[[[115.0278,-21.2647],[115.0302,-21.2643],[115.0282,-21.2637],[115.0278,-21.2647]]],[[[115.4412,-21.3558],[115.4429,-21.3572],[115.4419,-21.3555],[115.4412,-21.3558]]],[[[115.4404,-21.3615],[115.4411,-21.361],[115.4407,-21.361],[115.4404,-21.3615]]]]}},{"type":"Feature","properties":{"lga_name":"Augusta Margaret River"},"geometry":{"type":"MultiPolygon","coordinates":[[[[114.9893,-33.9788],[114.9912,-33.9894],[114.9891,-33.9915],[115.0008,-34.0152],[115.0015,-34.0335],[114.9985,-34.0392],[115.0011,-34.0442],[114.9995,-34.0463],[115.0,-34.0482],[115.0001,-34.0499],[115.0002,-34.0502],[115.0002,-34.0505],[115.0002,-34.0507],[115.0003,-34.0512],[114.9984,-34.0546],[115.0019,-34.0596],[114.9984,-34.0618],[114.9971,-34.0689],[115.0041,-34.0814],[115.0,-34.0875],[114.9936,-34.0919],[114.9944,-34.0935],[114.9934,-34.0972],[114.9913,-34.0977],[114.9911,-34.0985],[114.9935,-34.0988],[114.992,-34.1016],[114.996,-34.1052],[115.0193,-34.1393],[115.0232,-34.1538],[115.021,-34.1594],[115.0268,-34.1588],[115.0299,-34.1651],[115.0391,-34.1977],[115.035,-34.2149],[115.0244,-34.2228],[115.0303,-34.2276],[115.0329,-34.2374],[115.0287,-34.2426],[115.0292,-34.2504],[115.0237,-34.2529],[115.0259,-34.2568],[115.034,-34.2591],[115.035,-34.2713],[115.043,-34.271],[115.0506,-34.2754],[115.0826,-34.306],[115.0918,-34.3213],[115.1177,-34.3393],[115.1247,-34.3507],[115.1239,-34.3555],[115.1268,-34.3546],[115.1371,-34.3644],[115.1341,-34.3667],[115.1354,-34.3679],[115.1339,-34.3738],[115.1329,-34.3743],[115.1365,-34.3768],[115.1377,-34.3698],[115.1485,-34.3677],[115.1515,-34.3701],[115.1589,-34.3681],[115.1703,-34.345],[115.1676,-34.3402],[115.173,-34.323],[115.1646,-34.3227],[115.1604,-34.312],[115.1625,-34.3058],[115.1601,-34.298],[115.155,-34.2962],[115.1484,-34.2986],[115.1494,-34.2945],[115.1438,-34.2895],[115.1604,-34.2948],[115.1632,-34.2923],[115.162,-34.284],[115.1562,-34.2795],[115.156,-34.2752],[115.1718,-34.2662],[115.1776,-34.2668],[115.1762,-34.2706],[115.1705,-34.2692],[115.1652,-34.2737],[115.1691,-34.2796],[115.1724,-34.2774],[115.1713,-34.2746],[115.1737,-34.2785],[115.1997,-34.2749],[115.2019,-34.2776],[115.1852,-34.2827],[115.188,-34.2861],[115.1867,-34.2918],[115.1652,-34.3015],[115.1682,-34.3089],[115.1649,-34.3136],[115.1687,-34.3217],[115.1788,-34.322],[115.2061,-34.3119],[115.2613,-34.3068],[115.3371,-34.3148],[115.3372,-34.1601],[115.3694,-34.1599],[115.3818,-34.1555],[115.4018,-34.1565],[115.4029,-34.0933],[115.3914,-34.0791],[115.4042,-34.05],[115.3981,-34.0425],[115.39,-34.0005],[115.4022,-33.9906],[115.4062,-33.9815],[115.4153,-33.9753],[115.4194,-33.9564],[115.4174,-33.9479],[115.4196,-33.9198],[115.536,-33.9139],[115.5419,-33.9062],[115.6463,-33.8243],[115.6696,-33.8118],[115.647,-33.8094],[115.6472,-33.8057],[115.3993,-33.8051],[115.4006,-33.8154],[115.3871,-33.8171],[115.373,-33.8292],[115.3378,-33.8292],[115.3398,-33.8374],[115.3311,-33.8374],[115.3311,-33.8292],[115.3187,-33.8292],[115.3152,-33.8318],[115.3152,-33.8397],[115.3052,-33.8397],[115.3052,-33.8318],[115.298,-33.8318],[115.2978,-33.8187],[115.2261,-33.8188],[115.1817,-33.8149],[115.1666,-33.8175],[115.1086,-33.8167],[115.1055,-33.8207],[115.0999,-33.814],[115.0989,-33.8176],[115.0891,-33.8233],[115.0837,-33.819],[115.0705,-33.819],[115.0701,-33.8244],[115.0575,-33.8174],[115.043,-33.8187],[115.043,-33.8216],[115.0372,-33.8216],[115.0353,-33.8251],[115.0342,-33.8179],[114.9975,-33.8189],[114.9942,-33.8306],[114.9946,-33.8467],[114.9846,-33.8578],[114.9885,-33.862],[114.9811,-33.8657],[114.9779,-33.8639],[114.9759,-33.8642],[114.9834,-33.8817],[114.9886,-33.9059],[114.9857,-33.9124],[114.9886,-33.9184],[114.9871,-33.9227],[114.9922,-33.9324],[114.9919,-33.9536],[114.9799,-33.9612],[114.983,-33.965],[114.9813,-33.9695],[114.9865,-33.9715],[114.9843,-33.9773],[114.9893,-33.9788]]],[[[115.2093,-34.4188],[115.2096,-34.419],[115.2096,-34.4188],[115.2093,-34.4188]]],[[[115.2071,-34.4183],[115.2077,-34.4184],[115.2074,-34.4181],[115.2071,-34.4183]]],[[[115.2063,-34.4177],[115.2067,-34.4177],[115.2066,-34.4173],[115.2063,-34.4177]]],[[[115.2079,-34.4173],[115.2081,-34.4178],[115.2083,-34.4178],[115.2079,-34.4173]]],[[[115.2056,-34.4129],[115.2067,-34.415],[115.2072,-34.4143],[115.2056,-34.4129]]],[[[115.1776,-34.4114],[115.178,-34.4117],[115.178,-34.4112],[115.1776,-34.4114]]],[[[115.1963,-34.4082],[115.1967,-34.4086],[115.1965,-34.4081],[115.1963,-34.4082]]],[[[115.1987,-34.4061],[115.196,-34.4022],[115.1934,-34.403],[115.1987,-34.4061]]],[[[115.181,-34.4251],[115.1817,-34.425],[115.1811,-34.4248],[115.181,-34.4251]]],[[[115.2105,-34.4209],[115.21,-34.4206],[115.21,-34.4209],[115.2105,-34.4209]]],[[[115.1658,-34.3952],[115.1663,-34.3956],[115.1664,-34.3952],[115.1658,-34.3952]]],[[[115.1601,-34.3938],[115.1605,-34.3938],[115.1603,-34.3932],[115.1601,-34.3938]]],[[[115.1614,-34.3886],[115.1619,-34.3887],[115.1618,-34.3883],[115.1614,-34.3886]]],[[[115.1609,-34.3877],[115.1612,-34.388],[115.1613,-34.3876],[115.1609,-34.3877]]],[[[115.138,-34.3832],[115.1378,-34.3829],[115.1377,-34.3831],[115.138,-34.3832]]],[[[115.1382,-34.3826],[115.1382,-34.382],[115.138,-34.3821],[115.1382,-34.3826]]],[[[115.1282,-34.3579],[115.1284,-34.3583],[115.1283,-34.3578],[115.1282,-34.3579]]],[[[115.0615,-34.3338],[115.062,-34.3343],[115.062,-34.3334],[115.0615,-34.3338]]],[[[115.0046,-34.234],[115.0049,-34.2342],[115.005,-34.2339],[115.0046,-34.234]]],[[[115.2135,-34.4221],[115.2137,-34.4224],[115.2138,-34.4222],[115.2135,-34.4221]]],[[[115.213,-34.4219],[115.2134,-34.4219],[115.2133,-34.4218],[115.213,-34.4219]]],[[[115.1606,-34.3936],[115.161,-34.3934],[115.1608,-34.3932],[115.1606,-34.3936]]],[[[115.1541,-34.3833],[115.1543,-34.3834],[115.1543,-34.3832],[115.1541,-34.3833]]],[[[115.1557,-34.3797],[115.1582,-34.3797],[115.158,-34.3768],[115.1557,-34.3797]]],[[[115.1308,-34.3598],[115.131,-34.3603],[115.131,-34.3597],[115.1308,-34.3598]]],[[[115.1312,-34.3597],[115.1313,-34.3599],[115.1313,-34.3597],[115.1312,-34.3597]]],[[[115.0067,-34.2282],[115.0073,-34.2282],[115.0075,-34.2277],[115.0067,-34.2282]]],[[[115.1599,-34.3831],[115.1603,-34.3836],[115.1606,-34.383],[115.1599,-34.3831]]],[[[115.1555,-34.3827],[115.1559,-34.3831],[115.156,-34.3827],[115.1555,-34.3827]]],[[[115.155,-34.3831],[115.1548,-34.3828],[115.1547,-34.3832],[115.155,-34.3831]]],[[[115.1613,-34.3831],[115.1609,-34.3831],[115.1609,-34.3832],[115.1613,-34.3831]]],[[[115.1611,-34.3834],[115.1614,-34.3832],[115.1614,-34.3832],[115.1615,-34.3832],[115.1611,-34.3834]]],[[[115.1276,-34.3561],[115.1278,-34.3563],[115.1277,-34.356],[115.1276,-34.3561]]],[[[115.1234,-34.3537],[115.1236,-34.3538],[115.1235,-34.3536],[115.1234,-34.3537]]],[[[115.1252,-34.3556],[115.1254,-34.3557],[115.1253,-34.3555],[115.1252,-34.3556]]],[[[115.1254,-34.3558],[115.1255,-34.3559],[115.1255,-34.3558],[115.1254,-34.3558]]],[[[115.0114,-34.2714],[115.0118,-34.2713],[115.0115,-34.271],[115.0114,-34.2714]]],[[[115.0111,-34.2722],[115.0114,-34.2721],[115.0112,-34.2719],[115.0111,-34.2722]]],[[[115.1337,-34.3718],[115.1339,-34.3714],[115.1338,-34.3713],[115.1337,-34.3718]]],[[[115.1336,-34.3727],[115.1338,-34.3731],[115.1339,-34.3726],[115.1336,-34.3727]]],[[[115.1607,-34.3704],[115.161,-34.3702],[115.1607,-34.3701],[115.1607,-34.3704]]],[[[115.1312,-34.3607],[115.1313,-34.3608],[115.1314,-34.3604],[115.1312,-34.3607]]],[[[115.147,-34.3689],[115.1472,-34.369],[115.1472,-34.3689],[115.147,-34.3689]]],[[[115.1381,-34.3748],[115.1383,-34.375],[115.1383,-34.3748],[115.1381,-34.3748]]],[[[115.1306,-34.3606],[115.1308,-34.3605],[115.1306,-34.3605],[115.1306,-34.3606]]],[[[115.1344,-34.3686],[115.1346,-34.3687],[115.1346,-34.3686],[115.1344,-34.3686]]],[[[115.0248,-34.1613],[115.025,-34.1611],[115.0248,-34.161],[115.0248,-34.1613]]],[[[115.0265,-34.1605],[115.0266,-34.1605],[115.0267,-34.1604],[115.0265,-34.1605]]],[[[115.1575,-34.3761],[115.1579,-34.3763],[115.1578,-34.3759],[115.1575,-34.3761]]],[[[115.1336,-34.3763],[115.1338,-34.3766],[115.1339,-34.3762],[115.1336,-34.3763]]],[[[115.1358,-34.3769],[115.136,-34.3766],[115.1358,-34.3766],[115.1358,-34.3769]]],[[[115.1602,-34.3762],[115.1605,-34.3763],[115.1604,-34.376],[115.1602,-34.3762]]],[[[115.1578,-34.3765],[115.158,-34.3767],[115.158,-34.3764],[115.1578,-34.3765]]],[[[115.1332,-34.3758],[115.1333,-34.3761],[115.1333,-34.3758],[115.1332,-34.3758]]],[[[115.0712,-34.3337],[115.0717,-34.3339],[115.0716,-34.3335],[115.0712,-34.3337]]],[[[115.0714,-34.3299],[115.0716,-34.3304],[115.0716,-34.3298],[115.0714,-34.3299]]],[[[115.0713,-34.3324],[115.0716,-34.3323],[115.0713,-34.3322],[115.0713,-34.3324]]],[[[115.0715,-34.3348],[115.0716,-34.3347],[115.0714,-34.3346],[115.0715,-34.3348]]],[[[114.9981,-34.0409],[114.9981,-34.0415],[114.9985,-34.0409],[114.9981,-34.0409]]],[[[114.9984,-34.0404],[114.9989,-34.0404],[114.9984,-34.0401],[114.9984,-34.0404]]],[[[114.9999,-34.0511],[114.9999,-34.0505],[114.9994,-34.0503],[114.9999,-34.0511]]],[[[114.9989,-34.0476],[114.9992,-34.0475],[114.9992,-34.0473],[114.9989,-34.0476]]],[[[114.9995,-34.0591],[114.9997,-34.0592],[114.9997,-34.059],[114.9995,-34.0591]]],[[[115.0,-34.0595],[115.0002,-34.0593],[114.9999,-34.0594],[115.0,-34.0595]]],[[[114.9999,-34.0596],[115.0001,-34.0598],[115.0001,-34.0596],[114.9999,-34.0596]]],[[[114.9978,-34.0397],[114.9981,-34.0397],[114.998,-34.0396],[114.9978,-34.0397]]],[[[115.0002,-34.0597],[115.0004,-34.0598],[115.0003,-34.0596],[115.0002,-34.0597]]],[[[114.9979,-34.0354],[114.998,-34.0354],[114.9979,-34.0352],[114.9979,-34.0352],[114.9979,-34.0354]]],[[[114.9988,-34.0495],[114.999,-34.0495],[114.9989,-34.0494],[114.9988,-34.0495]]],[[[114.9977,-34.0356],[114.9977,-34.0357],[114.9978,-34.0356],[114.9977,-34.0356]]],[[[115.0002,-34.0301],[115.0004,-34.0302],[115.0004,-34.0301],[115.0002,-34.0301]]],[[[115.0,-34.0507],[115.0002,-34.0507],[115.0002,-34.0506],[115.0001,-34.0506],[115.0,-34.0507]]],[[[114.9976,-34.0364],[114.9977,-34.0363],[114.9976,-34.0363],[114.9976,-34.0364]]],[[[114.9976,-34.0367],[114.9977,-34.0367],[114.9976,-34.0366],[114.9976,-34.0367]]],[[[114.9985,-34.0418],[114.9986,-34.0417],[114.9985,-34.0417],[114.9985,-34.0418]]],[[[115.1236,-34.353],[115.1239,-34.353],[115.1237,-34.3528],[115.1236,-34.353]]],[[[115.1237,-34.3534],[115.1238,-34.3536],[115.1239,-34.3534],[115.1237,-34.3534]]],[[[115.0131,-34.2203],[115.0153,-34.2248],[115.017,-34.2229],[115.0131,-34.2203]]],[[[115.0245,-34.1634],[115.0248,-34.1638],[115.025,-34.1633],[115.0245,-34.1634]]],[[[115.02,-34.2159],[115.0208,-34.2161],[115.0208,-34.216],[115.02,-34.2159]]],[[[115.0253,-34.1635],[115.0255,-34.1632],[115.0253,-34.1632],[115.0253,-34.1635]]],[[[115.0141,-34.1804],[115.0143,-34.1802],[115.0141,-34.1803],[115.0141,-34.1804]]],[[[114.9925,-34.1039],[114.9928,-34.104],[114.993,-34.1038],[114.9925,-34.1039]]],[[[114.9948,-34.1051],[114.995,-34.1053],[114.995,-34.1051],[114.9948,-34.1051]]],[[[114.9921,-34.0972],[114.9923,-34.0973],[114.9923,-34.0972],[114.9921,-34.0972]]],[[[114.9913,-34.1014],[114.9914,-34.1016],[114.9914,-34.1013],[114.9913,-34.1014]]],[[[114.9928,-34.0962],[114.993,-34.0961],[114.9927,-34.0961],[114.9928,-34.0962]]],[[[114.9929,-34.0967],[114.9931,-34.0966],[114.9929,-34.0965],[114.9929,-34.0967]]],[[[114.9931,-34.0992],[114.9932,-34.099],[114.9931,-34.099],[114.9931,-34.0992]]],[[[114.9937,-34.0928],[114.9939,-34.0929],[114.9939,-34.0928],[114.9937,-34.0928]]],[[[114.994,-34.0938],[114.9941,-34.0936],[114.994,-34.0936],[114.994,-34.0938]]],[[[114.9916,-34.1019],[114.9917,-34.1018],[114.9916,-34.1018],[114.9916,-34.1019]]],[[[114.9962,-34.0895],[114.9964,-34.0894],[114.9962,-34.0894],[114.9962,-34.0895]]],[[[114.9919,-34.1025],[114.992,-34.1024],[114.9919,-34.1024],[114.9919,-34.1025]]],[[[114.9917,-34.1017],[114.9917,-34.1016],[114.9916,-34.1016],[114.9917,-34.1017]]],[[[115.1671,-34.2886],[115.1688,-34.291],[115.1699,-34.2874],[115.1671,-34.2886]]],[[[115.1883,-34.2776],[115.1865,-34.2784],[115.1884,-34.2779],[115.1883,-34.2776]]],[[[115.0243,-34.2742],[115.0242,-34.2749],[115.0246,-34.2743],[115.0243,-34.2742]]],[[[115.0258,-34.265],[115.0254,-34.2644],[115.0251,-34.2652],[115.0258,-34.265]]],[[[115.0238,-34.2518],[115.0242,-34.2519],[115.0244,-34.2515],[115.0238,-34.2518]]],[[[115.0257,-34.2617],[115.0262,-34.262],[115.0263,-34.2618],[115.0257,-34.2617]]],[[[115.0189,-34.2754],[115.0186,-34.2754],[115.019,-34.2758],[115.0189,-34.2754]]],[[[115.0324,-34.2691],[115.0328,-34.2692],[115.0328,-34.2689],[115.0324,-34.2691]]],[[[115.0231,-34.2753],[115.0233,-34.2757],[115.0233,-34.2753],[115.0231,-34.2753]]],[[[115.1628,-34.3064],[115.163,-34.3067],[115.1632,-34.3067],[115.1628,-34.3064]]],[[[115.0251,-34.2629],[115.0252,-34.2627],[115.025,-34.2627],[115.0251,-34.2629]]],[[[115.0236,-34.2635],[115.024,-34.2636],[115.0238,-34.2634],[115.0236,-34.2635]]],[[[115.0256,-34.2707],[115.0254,-34.2704],[115.0254,-34.2707],[115.0256,-34.2707]]],[[[115.0296,-34.3095],[115.0297,-34.3097],[115.03,-34.3095],[115.0296,-34.3095]]],[[[115.0354,-34.2723],[115.0355,-34.2725],[115.0356,-34.2723],[115.0354,-34.2723]]],[[[115.0353,-34.2729],[115.0355,-34.2728],[115.0353,-34.2726],[115.0353,-34.2729]]],[[[115.0227,-34.2763],[115.023,-34.2763],[115.023,-34.2761],[115.0227,-34.2763]]],[[[115.0244,-34.265],[115.0246,-34.2651],[115.0246,-34.265],[115.0244,-34.265]]],[[[115.0387,-34.2715],[115.0389,-34.2717],[115.0389,-34.2715],[115.0387,-34.2715]]],[[[115.1637,-34.3075],[115.164,-34.3076],[115.164,-34.3074],[115.1637,-34.3075]]],[[[115.0253,-34.258],[115.0254,-34.2579],[115.0253,-34.2579],[115.0253,-34.258]]],[[[115.0267,-34.2601],[115.0269,-34.2601],[115.0269,-34.26],[115.0267,-34.2601]]],[[[115.0328,-34.2684],[115.033,-34.2684],[115.033,-34.2683],[115.0328,-34.2684]]],[[[114.9951,-34.0049],[114.9954,-34.005],[114.9955,-34.0048],[114.9951,-34.0049]]]]}},{"type":"Feature","properties":{"lga_name":"Bassendean"},"geometry":{"type":"Polygon","coordinates":[[[115.9314,-31.9013],[115.9278,-31.9012],[115.9257,-31.9096],[115.9366,-31.9198],[115.9349,-31.9212],[115.9387,-31.9245],[115.9413,-31.9197],[115.9504,-31.9226],[115.9616,-31.9115],[115.9626,-31.9031],[115.9575,-31.8962],[115.9643,-31.8877],[115.9318,-31.8879],[115.9314,-31.9013]]]}},{"type":"Feature","properties":{"lga_name":"Bayswater"},"geometry":{"type":"Polygon","coordinates":[[[115.8911,-31.8981],[115.8806,-31.9085],[115.8934,-31.9195],[115.8851,-31.9277],[115.8885,-31.9306],[115.8787,-31.9377],[115.8917,-31.9369],[115.8986,-31.9424],[115.8986,-31.9509],[115.9126,-31.951],[115.9156,-31.948],[115.9076,-31.9396],[115.909,-31.9347],[115.938,-31.9284],[115.9366,-31.9198],[115.9257,-31.9096],[115.9329,-31.8948],[115.9334,-31.8718],[115.9174,-31.8719],[115.9139,-31.8654],[115.8783,-31.8679],[115.8795,-31.8795],[115.8923,-31.8904],[115.8871,-31.8948],[115.8911,-31.8981]]]}},{"type":"Feature","properties":{"lga_name":"Belmont"},"geometry":{"type":"Polygon","coordinates":[[[115.9169,-31.933],[115.9086,-31.9391],[115.9153,-31.9448],[115.919,-31.9442],[115.918,-31.9488],[115.9053,-31.9538],[115.8969,-31.9527],[115.9372,-31.9875],[115.9425,-31.9843],[115.9783,-31.9883],[115.9875,-31.9491],[115.9581,-31.924],[115.9606,-31.9207],[115.9541,-31.9198],[115.9493,-31.9234],[115.9413,-31.9204],[115.9362,-31.9311],[115.9169,-31.933]]]}},{"type":"Feature","properties":{"lga_name":"Beverley"},"geometry":{"type":"Polygon","coordinates":[[[116.82,-32.0528],[116.756,-32.0805],[116.7395,-32.0523],[116.718,-32.0618],[116.7287,-32.0795],[116.7159,-32.0848],[116.7171,-32.087],[116.7086,-32.0907],[116.7114,-32.0952],[116.7011,-32.0997],[116.7102,-32.115],[116.6829,-32.1268],[116.6734,-32.111],[116.6141,-32.1119],[116.6142,-32.1398],[116.5094,-32.1398],[116.5092,-32.1117],[116.4451,-32.1117],[116.4454,-32.0831],[116.3923,-32.0826],[116.3921,-32.0936],[116.344,-32.0936],[116.3442,-32.1131],[116.285,-32.1132],[116.285,-32.1619],[116.2801,-32.1653],[116.2856,-32.1731],[116.2933,-32.1743],[116.3039,-32.1677],[116.3052,-32.1716],[116.3124,-32.1711],[116.3161,-32.1892],[116.328,-32.1945],[116.3286,-32.2088],[116.3413,-32.224],[116.3438,-32.2318],[116.3512,-32.2312],[116.3581,-32.2363],[116.384,-32.2364],[116.3838,-32.3574],[116.6151,-32.3576],[116.6152,-32.3485],[116.6251,-32.3485],[116.6251,-32.3532],[116.6474,-32.3543],[116.6478,-32.3521],[116.6537,-32.3554],[116.6536,-32.3528],[116.6581,-32.3527],[116.6582,-32.3557],[116.666,-32.3566],[116.6659,-32.3528],[116.681,-32.3524],[116.681,-32.3468],[116.7246,-32.3484],[116.744,-32.3382],[116.7598,-32.3388],[116.7598,-32.3333],[116.7839,-32.3333],[116.7783,-32.3184],[116.7967,-32.3094],[116.7981,-32.3013],[116.8088,-32.2969],[116.8105,-32.3],[116.8188,-32.2937],[116.8151,-32.2872],[116.8228,-32.2841],[116.8216,-32.2819],[116.826,-32.2801],[116.8242,-32.2768],[116.8338,-32.2729],[116.8339,-32.2582],[116.9944,-32.26],[117.0006,-32.2574],[117.0024,-32.2604],[117.01,-32.2573],[117.0086,-32.2633],[117.0142,-32.2728],[117.0405,-32.2615],[117.0441,-32.2675],[117.0631,-32.2597],[117.0689,-32.27],[117.0954,-32.2598],[117.0998,-32.2676],[117.1111,-32.2619],[117.1395,-32.2619],[117.1395,-32.2584],[117.191,-32.2576],[117.192,-32.2455],[117.1992,-32.244],[117.2026,-32.2361],[117.2053,-32.2391],[117.2243,-32.2385],[117.2357,-32.2422],[117.2356,-32.2315],[117.2396,-32.2317],[117.2396,-32.2144],[117.2472,-32.211],[117.2392,-32.198],[117.2442,-32.1958],[117.2413,-32.191],[117.2456,-32.1892],[117.2411,-32.1819],[117.247,-32.1793],[117.2381,-32.165],[117.2382,-32.1547],[117.2441,-32.1547],[117.2385,-32.1458],[117.2388,-32.1195],[117.2255,-32.1196],[117.2196,-32.1104],[117.2271,-32.1103],[117.2271,-32.0972],[117.2328,-32.0927],[117.2309,-32.0728],[117.2384,-32.0678],[117.2303,-32.0542],[117.2355,-32.052],[117.2275,-32.0389],[117.2313,-32.0372],[117.2278,-32.0308],[117.2164,-32.0358],[117.2107,-32.0299],[117.2143,-32.0282],[117.2115,-32.0236],[117.2044,-32.0217],[117.1952,-32.0068],[117.1772,-32.0029],[117.1723,-31.9947],[117.1679,-31.9962],[117.1658,-31.9927],[117.1607,-31.9949],[117.1579,-31.9904],[117.1509,-31.9934],[117.1438,-31.9821],[117.1396,-31.9839],[117.1376,-31.9806],[117.1282,-31.9802],[117.1195,-31.9864],[117.115,-31.9815],[117.1089,-31.9841],[117.1057,-31.9792],[117.0932,-31.9843],[117.0643,-31.9644],[117.0538,-31.969],[117.0612,-31.9772],[117.0561,-31.9794],[117.0523,-31.9729],[117.0475,-31.975],[117.0425,-31.9619],[117.0109,-31.9777],[117.0087,-31.9741],[116.9902,-31.9822],[116.987,-31.9792],[116.9527,-31.9941],[116.9501,-31.9902],[116.9337,-31.9993],[116.9305,-31.9984],[116.9314,-31.9934],[116.9244,-31.9966],[116.9214,-31.9918],[116.8116,-32.0401],[116.8201,-32.0486],[116.82,-32.0528]]]}},{"type":"Feature","properties":{"lga_name":"Boddington"},"geometry":{"type":"Polygon","coordinates":[[[116.2258,-32.7919],[116.1876,-32.7817],[116.1875,-32.8032],[116.1782,-32.8032],[116.18,-32.9431],[116.1851,-32.9442],[116.1787,-32.9504],[116.1871,-32.9597],[116.1898,-32.9722],[116.1925,-32.9719],[116.1941,-32.966],[116.1995,-32.967],[116.2089,-32.9842],[116.2089,-33.0304],[116.2844,-33.0303],[116.2845,-33.0118],[116.3543,-33.0118],[116.3543,-32.9946],[116.4094,-32.9946],[116.4095,-33.0858],[116.469,-33.0858],[116.469,-33.062],[116.5121,-33.062],[116.5121,-33.0725],[116.5232,-33.0728],[116.5232,-33.0772],[116.5316,-33.0783],[116.5399,-33.0781],[116.5406,-33.058],[116.5679,-33.0612],[116.5673,-33.0383],[116.5735,-33.0314],[116.5732,-33.022],[116.5788,-33.0219],[116.5784,-33.0086],[116.6035,-33.0085],[116.6034,-32.9817],[116.6174,-32.9817],[116.6175,-32.9078],[116.65,-32.9078],[116.6501,-32.8469],[116.6586,-32.8469],[116.6594,-32.8159],[116.6529,-32.7927],[116.6543,-32.7818],[116.6454,-32.782],[116.6256,-32.7714],[116.6049,-32.7694],[116.5985,-32.7741],[116.5907,-32.7717],[116.5756,-32.7512],[116.5691,-32.7336],[116.5488,-32.7167],[116.5409,-32.7049],[116.5224,-32.691],[116.5212,-32.6826],[116.5102,-32.6637],[116.4766,-32.6282],[116.4408,-32.5749],[116.3916,-32.5252],[116.3596,-32.4981],[116.2597,-32.4981],[116.2597,-32.6157],[116.2642,-32.6124],[116.2645,-32.6751],[116.2063,-32.6752],[116.206,-32.7554],[116.226,-32.7559],[116.2258,-32.7919]]]}},{"type":"Feature","properties":{"lga_name":"Boyup Brook"},"geometry":{"type":"Polygon","coordinates":[[[116.3361,-33.9253],[116.3361,-33.9474],[116.3417,-33.9478],[116.3486,-33.9579],[116.3625,-33.96],[116.366,-33.9645],[116.3661,-33.9883],[116.3768,-33.9883],[116.3768,-34.0052],[116.3738,-34.002],[116.3738,-34.0079],[116.3651,-34.0079],[116.3651,-34.0133],[116.3611,-34.0133],[116.3639,-34.0338],[116.3607,-34.0338],[116.3609,-34.0485],[116.3564,-34.0485],[116.3564,-34.0546],[116.4058,-34.0565],[116.4054,-34.0751],[116.4986,-34.0774],[116.4986,-34.0968],[116.5043,-34.0968],[116.5029,-34.1217],[116.4643,-34.1217],[116.4643,-34.1519],[116.4848,-34.1519],[116.4848,-34.1591],[116.4935,-34.1591],[116.4935,-34.1555],[116.5232,-34.1555],[116.5232,-34.1715],[116.5297,-34.1715],[116.5297,-34.1746],[116.5232,-34.1746],[116.5232,-34.1851],[116.5309,-34.1851],[116.5309,-34.189],[116.5058,-34.2096],[116.5136,-34.2205],[116.5142,-34.2262],[116.6123,-34.2261],[116.6256,-34.2217],[116.6585,-34.2206],[116.6672,-34.225],[116.6672,-34.2576],[116.6922,-34.2544],[116.7406,-34.2573],[116.7873,-34.2513],[116.8407,-34.2513],[116.8422,-34.1405],[116.8022,-34.122],[116.7937,-34.1221],[116.7991,-34.1209],[116.8015,-34.1185],[116.7999,-34.1139],[116.8063,-34.1115],[116.7796,-34.1115],[116.7822,-34.0515],[116.7597,-34.0516],[116.7597,-34.0319],[116.7533,-34.0319],[116.745,-34.015],[116.7496,-33.9942],[116.7485,-33.9787],[116.7296,-33.9808],[116.7284,-33.9666],[116.7228,-33.9666],[116.7239,-33.9607],[116.72,-33.9606],[116.72,-33.9495],[116.7476,-33.9494],[116.7692,-33.9256],[116.7763,-33.9224],[116.7765,-33.8959],[116.7738,-33.8959],[116.7705,-33.8588],[116.7738,-33.8581],[116.7758,-33.8101],[116.7783,-33.8089],[116.7762,-33.8089],[116.7762,-33.7907],[116.7783,-33.7907],[116.7783,-33.7749],[116.7825,-33.7749],[116.7825,-33.7651],[116.7818,-33.7446],[116.7726,-33.7371],[116.7883,-33.724],[116.7808,-33.7207],[116.7773,-33.7153],[116.7656,-33.7136],[116.7525,-33.6977],[116.7378,-33.6935],[116.7348,-33.6818],[116.7277,-33.6858],[116.7157,-33.6828],[116.6978,-33.6842],[116.6931,-33.6876],[116.6932,-33.6927],[116.6879,-33.6957],[116.6885,-33.7005],[116.6583,-33.6967],[116.6536,-33.7],[116.6442,-33.6951],[116.6361,-33.6955],[116.639,-33.6866],[116.6369,-33.684],[116.6288,-33.6845],[116.6262,-33.6799],[116.6103,-33.6784],[116.6166,-33.671],[116.6143,-33.6685],[116.6094,-33.6695],[116.6019,-33.6784],[116.5871,-33.6717],[116.5793,-33.6641],[116.5742,-33.6677],[116.5563,-33.6677],[116.5563,-33.673],[116.5326,-33.6732],[116.5326,-33.6592],[116.4979,-33.6592],[116.4979,-33.6666],[116.4848,-33.6666],[116.4848,-33.6423],[116.4731,-33.6402],[116.4731,-33.6239],[116.4594,-33.6239],[116.4594,-33.6184],[116.4508,-33.6184],[116.4508,-33.6221],[116.4388,-33.6219],[116.439,-33.6128],[116.429,-33.6127],[116.4293,-33.6026],[116.4119,-33.6055],[116.4119,-33.5916],[116.4058,-33.5916],[116.4058,-33.5835],[116.3841,-33.5835],[116.3867,-33.5766],[116.3648,-33.5765],[116.3648,-33.5691],[116.3115,-33.5691],[116.3027,-33.5644],[116.3028,-33.5555],[116.2991,-33.5525],[116.279,-33.5525],[116.1968,-33.5135],[116.197,-33.5925],[116.2064,-33.5964],[116.2038,-33.6279],[116.1952,-33.6347],[116.2011,-33.6387],[116.202,-33.6463],[116.206,-33.6463],[116.2053,-33.6578],[116.2011,-33.6578],[116.2011,-33.6698],[116.2154,-33.6698],[116.2158,-33.7014],[116.2273,-33.7014],[116.2398,-33.7065],[116.2391,-33.7111],[116.2337,-33.7111],[116.2315,-33.7213],[116.2283,-33.7213],[116.2282,-33.735],[116.2184,-33.7351],[116.218,-33.7711],[116.1961,-33.7711],[116.1977,-33.8442],[116.2003,-33.847],[116.2133,-33.847],[116.2133,-33.8553],[116.2068,-33.8553],[116.2038,-33.8822],[116.2112,-33.8815],[116.2112,-33.8777],[116.2397,-33.8796],[116.2548,-33.8739],[116.2667,-33.8738],[116.2668,-33.8864],[116.2748,-33.8867],[116.2841,-33.896],[116.3009,-33.8989],[116.3215,-33.8979],[116.3214,-33.9253],[116.3361,-33.9253]]]}},{"type":"Feature","properties":{"lga_name":"Bridgetown-Greenbushes"},"geometry":{"type":"Polygon","coordinates":[[[115.9797,-33.9977],[115.9798,-34.0857],[116.011,-34.0859],[116.0108,-34.1358],[116.0241,-34.1358],[116.0241,-34.1322],[116.0418,-34.1322],[116.0418,-34.1353],[116.1455,-34.1354],[116.1837,-34.1339],[116.1837,-34.1311],[116.1871,-34.131],[116.1872,-34.1356],[116.1969,-34.1354],[116.1969,-34.1302],[116.208,-34.1312],[116.2089,-34.1288],[116.2463,-34.1316],[116.2463,-34.1362],[116.2504,-34.1362],[116.2504,-34.1458],[116.2552,-34.1458],[116.2552,-34.1493],[116.2688,-34.1493],[116.2688,-34.1638],[116.253,-34.1638],[116.253,-34.1747],[116.3139,-34.177],[116.3139,-34.1898],[116.3215,-34.1898],[116.3215,-34.2018],[116.4191,-34.2018],[116.4191,-34.1599],[116.4843,-34.1605],[116.4848,-34.1519],[116.4643,-34.1519],[116.4643,-34.1217],[116.5029,-34.1217],[116.5043,-34.0968],[116.4986,-34.0968],[116.4986,-34.0774],[116.4054,-34.0751],[116.4058,-34.0565],[116.3564,-34.0546],[116.3564,-34.0485],[116.3609,-34.0485],[116.3607,-34.0338],[116.3639,-34.0338],[116.3611,-34.0133],[116.3651,-34.0133],[116.3651,-34.0079],[116.3738,-34.0079],[116.3738,-34.002],[116.3768,-34.0052],[116.3768,-33.9883],[116.3661,-33.9883],[116.366,-33.9645],[116.3618,-33.9594],[116.3486,-33.9579],[116.3417,-33.9478],[116.3361,-33.9474],[116.3361,-33.9253],[116.3214,-33.9253],[116.3215,-33.8979],[116.3009,-33.8989],[116.2841,-33.896],[116.2748,-33.8867],[116.2668,-33.8864],[116.2667,-33.8738],[116.2548,-33.8739],[116.2397,-33.8796],[116.2112,-33.8777],[116.2112,-33.8815],[116.2038,-33.8822],[116.2068,-33.8553],[116.2133,-33.8553],[116.2133,-33.847],[116.2003,-33.847],[116.1977,-33.8442],[116.1962,-33.7808],[116.1003,-33.7806],[116.0999,-33.7903],[116.0939,-33.7903],[116.0924,-33.7965],[116.0812,-33.7989],[116.0829,-33.8012],[116.0001,-33.8013],[115.9978,-33.8049],[116.0024,-33.8102],[116.0026,-33.84],[116.0051,-33.84],[116.0051,-33.8464],[116.0019,-33.8464],[116.0019,-33.895],[115.9983,-33.895],[115.9983,-33.9027],[115.9773,-33.9028],[115.9773,-33.9067],[115.9704,-33.9067],[115.9762,-33.9169],[115.9672,-33.9168],[115.9752,-33.9225],[115.9825,-33.9341],[115.9937,-33.9338],[115.9943,-33.9438],[115.9779,-33.9438],[115.9779,-33.9576],[115.9634,-33.9576],[115.9634,-33.964],[115.9458,-33.964],[115.9458,-33.9976],[115.9797,-33.9977]]]}},{"type":"Feature","properties":{"lga_name":"Brookton"},"geometry":{"type":"Polygon","coordinates":[[[116.5349,-32.3576],[116.5349,-32.4867],[116.7043,-32.4867],[116.7281,-32.4839],[116.7408,-32.4875],[116.7527,-32.4836],[116.7613,-32.487],[116.7704,-32.4831],[116.7761,-32.4925],[116.7917,-32.487],[116.8232,-32.4886],[116.8196,-32.4809],[116.8334,-32.4809],[116.8333,-32.4657],[116.835,-32.4609],[116.8417,-32.4609],[116.8417,-32.4531],[116.8671,-32.4528],[116.8673,-32.4502],[116.9223,-32.4546],[116.9223,-32.4673],[116.9322,-32.4673],[116.9322,-32.4556],[116.9711,-32.4564],[116.9853,-32.4504],[116.9886,-32.462],[117.0474,-32.4617],[117.1003,-32.4389],[117.1171,-32.4334],[117.1187,-32.436],[117.1305,-32.4302],[117.137,-32.4446],[117.155,-32.4364],[117.1515,-32.4311],[117.1745,-32.4214],[117.1725,-32.4183],[117.2006,-32.403],[117.206,-32.4112],[117.2251,-32.4054],[117.2288,-32.4112],[117.2378,-32.4072],[117.2491,-32.4089],[117.2491,-32.4045],[117.2632,-32.404],[117.2632,-32.4081],[117.279,-32.4117],[117.279,-32.4068],[117.2973,-32.4068],[117.2974,-32.401],[117.3182,-32.4103],[117.3248,-32.4103],[117.3248,-32.4068],[117.3314,-32.4068],[117.3315,-32.4041],[117.3489,-32.404],[117.3489,-32.4139],[117.3862,-32.4139],[117.4049,-32.4138],[117.4049,-32.4098],[117.4167,-32.4098],[117.4166,-32.4021],[117.4296,-32.402],[117.432,-32.4053],[117.448,-32.4055],[117.4479,-32.4088],[117.4547,-32.4112],[117.4655,-32.4115],[117.4653,-32.3832],[117.4309,-32.3859],[117.4309,-32.3343],[117.4166,-32.3116],[117.4211,-32.269],[117.4127,-32.2497],[117.4119,-32.2213],[117.3953,-32.2215],[117.3953,-32.2181],[117.3915,-32.2182],[117.3916,-32.2215],[117.3747,-32.2219],[117.3746,-32.2272],[117.3718,-32.2282],[117.3653,-32.2283],[117.3634,-32.2252],[117.3351,-32.2276],[117.3348,-32.2203],[117.3163,-32.2207],[117.3166,-32.2297],[117.3103,-32.2332],[117.3103,-32.2298],[117.2828,-32.2298],[117.2828,-32.2269],[117.2754,-32.2303],[117.2776,-32.2341],[117.2731,-32.2341],[117.2717,-32.2285],[117.2668,-32.2262],[117.2396,-32.2283],[117.2396,-32.2317],[117.2356,-32.2315],[117.2357,-32.2422],[117.2243,-32.2385],[117.2053,-32.2391],[117.2026,-32.2361],[117.1992,-32.244],[117.192,-32.2455],[117.191,-32.2576],[117.1395,-32.2584],[117.1395,-32.2619],[117.1111,-32.2619],[117.0998,-32.2676],[117.0954,-32.2598],[117.0689,-32.27],[117.0631,-32.2597],[117.0441,-32.2675],[117.0405,-32.2615],[117.0142,-32.2728],[117.0086,-32.2633],[117.01,-32.2573],[117.0024,-32.2604],[117.0006,-32.2574],[116.9944,-32.26],[116.8339,-32.2582],[116.8338,-32.2729],[116.8242,-32.2768],[116.826,-32.2801],[116.8216,-32.2819],[116.8228,-32.2841],[116.8151,-32.2872],[116.8188,-32.2937],[116.8105,-32.3],[116.8088,-32.2969],[116.7981,-32.3013],[116.7967,-32.3094],[116.7783,-32.3184],[116.7839,-32.3333],[116.7598,-32.3333],[116.7598,-32.3388],[116.744,-32.3382],[116.7246,-32.3484],[116.681,-32.3468],[116.681,-32.3524],[116.6659,-32.3528],[116.666,-32.3566],[116.6582,-32.3557],[116.6581,-32.3527],[116.6536,-32.3528],[116.6537,-32.3554],[116.6478,-32.3521],[116.6474,-32.3543],[116.6251,-32.3532],[116.6251,-32.3485],[116.6152,-32.3485],[116.6151,-32.3576],[116.5349,-32.3576]]]}},{"type":"Feature","properties":{"lga_name":"Broome"},"geometry":{"type":"MultiPolygon","coordinates":[[[[122.3056,-17.973],[122.3309,-17.9764],[122.3359,-17.9799],[122.3519,-17.9752],[122.3707,-17.991],[122.3781,-17.9898],[122.3726,-17.9937],[122.3793,-18.0252],[122.381,-18.0707],[122.377,-18.0775],[122.3754,-18.1021],[122.3636,-18.1268],[122.3445,-18.1465],[122.3228,-18.1617],[122.3151,-18.1723],[122.3054,-18.1708],[122.2858,-18.1795],[122.2598,-18.185],[122.2422,-18.1994],[122.2342,-18.1973],[122.2288,-18.2034],[122.2146,-18.204],[122.2049,-18.2174],[122.2117,-18.2227],[122.212,-18.2286],[122.1998,-18.2497],[122.1949,-18.2463],[122.185,-18.2479],[122.1991,-18.2431],[122.2007,-18.2376],[122.1906,-18.2412],[122.2016,-18.2353],[122.1983,-18.2307],[122.183,-18.2394],[122.1721,-18.2629],[122.1726,-18.2673],[122.1779,-18.2661],[122.1686,-18.2683],[122.1681,-18.2734],[122.1662,-18.2666],[122.1546,-18.2852],[122.13,-18.3074],[122.0995,-18.3152],[122.0834,-18.3276],[122.0635,-18.3258],[122.046,-18.3573],[122.0364,-18.3644],[122.0174,-18.3905],[122.0072,-18.3954],[122.0004,-18.4028],[121.9826,-18.4048],[121.9799,-18.4103],[121.9467,-18.4393],[121.9396,-18.4395],[121.9036,-18.4641],[121.872,-18.4717],[121.8541,-18.4639],[121.8454,-18.4551],[121.84,-18.4437],[121.8152,-18.4511],[121.789,-18.4842],[121.7924,-18.4947],[121.7982,-18.4984],[121.8032,-18.5081],[121.8027,-18.5015],[121.8052,-18.5026],[121.8124,-18.4924],[121.8087,-18.4849],[121.8102,-18.4811],[121.817,-18.4918],[121.8077,-18.5098],[121.7943,-18.5194],[121.7994,-18.5269],[121.7983,-18.53],[121.7881,-18.5377],[121.7954,-18.5278],[121.7907,-18.5179],[121.7984,-18.5099],[121.7909,-18.5038],[121.785,-18.5103],[121.7648,-18.5528],[121.7566,-18.5612],[121.7433,-18.5663],[121.7426,-18.5701],[121.7306,-18.5714],[121.7294,-18.5757],[121.7297,-18.5792],[121.7347,-18.5799],[121.7422,-18.5838],[121.7558,-18.585],[121.7629,-18.5942],[121.7721,-18.5961],[121.78,-18.6057],[121.7835,-18.6047],[121.7819,-18.61],[121.7908,-18.6093],[121.7838,-18.6108],[121.7871,-18.6196],[121.7862,-18.6383],[121.7923,-18.6426],[121.7925,-18.6582],[121.7882,-18.6608],[121.7869,-18.6539],[121.7809,-18.6619],[121.7669,-18.673],[121.7583,-18.6711],[121.7519,-18.6748],[121.7425,-18.6899],[121.7409,-18.6968],[121.7444,-18.6964],[121.7452,-18.7],[121.7412,-18.7008],[121.7411,-18.7047],[121.7373,-18.7039],[121.7395,-18.7017],[121.7373,-18.6968],[121.7173,-18.7064],[121.7079,-18.7067],[121.6981,-18.6986],[121.6946,-18.7056],[121.6778,-18.7156],[121.6814,-18.7147],[121.6789,-18.717],[121.6812,-18.7206],[121.6667,-18.7165],[121.665,-18.7203],[121.6647,-18.7128],[121.6573,-18.7071],[121.6394,-18.71],[121.6355,-18.7042],[121.6356,-18.7096],[121.6294,-18.7088],[121.633,-18.7184],[121.6308,-18.7219],[121.6258,-18.7093],[121.6288,-18.7002],[121.6181,-18.7063],[121.6198,-18.742],[121.6345,-18.7433],[121.6469,-18.7527],[121.6517,-18.7666],[121.6555,-18.7672],[121.6455,-18.7959],[121.6549,-18.8151],[121.651,-18.8315],[121.6532,-18.8359],[121.6503,-18.8377],[121.6488,-18.8347],[121.6514,-18.8191],[121.6488,-18.8159],[121.6464,-18.8228],[121.6426,-18.8226],[121.6427,-18.818],[121.6352,-18.8256],[121.6313,-18.84],[121.6345,-18.8448],[121.639,-18.8434],[121.6377,-18.8477],[121.6281,-18.8416],[121.6182,-18.8644],[121.6108,-18.8703],[121.6059,-18.8667],[121.6027,-18.8692],[121.6007,-18.9032],[121.576,-18.9474],[121.5885,-18.9402],[121.6001,-18.9407],[121.596,-18.9439],[121.5882,-18.9434],[121.5782,-18.9509],[121.5662,-18.9472],[121.5616,-18.942],[121.5543,-18.9418],[121.5529,-18.9453],[121.5611,-18.955],[121.5646,-18.9671],[121.5604,-18.9835],[121.5366,-19.0276],[121.5236,-19.042],[121.518,-19.0428],[121.5254,-19.0531],[121.5171,-19.0801],[121.504,-19.1062],[121.413,-19.238],[121.3419,-19.3313],[121.2416,-19.4373],[121.2,-19.4748],[121.1139,-19.5386],[120.9819,-19.621],[120.9535,-19.6335],[120.9508,-19.6386],[120.9493,-19.6355],[120.8719,-19.6678],[120.8626,-19.6745],[120.8605,-19.675],[120.8647,-19.6694],[120.8529,-19.6734],[120.631,-19.77],[120.568,-19.7862],[120.3054,-19.8815],[120.1959,-19.9139],[120.1612,-19.9155],[120.1332,-19.9124],[120.0803,-19.9212],[120.078,-19.9229],[120.0874,-19.9253],[120.0812,-19.9265],[120.075,-19.9224],[120.0641,-19.9256],[120.0641,-20.07],[120.6669,-20.07],[120.6848,-19.875],[120.7867,-19.875],[120.7867,-19.9066],[121.1139,-19.9066],[121.1139,-19.7947],[121.4231,-19.7944],[121.4232,-19.8269],[121.5013,-19.8268],[121.5029,-19.8529],[121.6969,-19.8529],[121.6969,-19.7905],[123.566,-19.7941],[123.5663,-19.4955],[123.5484,-18.9986],[123.5503,-18.7542],[123.4043,-18.7541],[123.4042,-18.6633],[123.5252,-18.6633],[123.5111,-18.4982],[123.3463,-18.4982],[123.3486,-18.2722],[123.1486,-18.2722],[123.1483,-17.8151],[122.9962,-17.8152],[122.9961,-17.5373],[123.1652,-17.5373],[123.1652,-17.4597],[123.1141,-17.4598],[123.1141,-17.366],[123.029,-17.366],[123.029,-17.2331],[123.3793,-17.2341],[123.3618,-17.2069],[123.3546,-17.1814],[123.3446,-17.1627],[123.3336,-17.15],[123.3285,-17.1497],[123.3289,-17.1461],[123.3141,-17.13],[123.3083,-17.1318],[123.3123,-17.1277],[123.2906,-17.1077],[123.2807,-17.077],[123.2813,-17.0721],[123.2833,-17.0784],[123.2851,-17.0722],[123.2782,-17.0355],[123.2634,-17.0118],[123.2415,-16.9871],[123.2355,-16.9707],[123.2027,-16.9463],[123.1872,-16.9375],[123.1809,-16.9374],[123.1823,-16.9337],[123.1686,-16.9249],[123.1563,-16.9224],[123.1491,-16.9247],[123.1483,-16.9202],[123.1528,-16.9126],[123.1486,-16.9087],[123.1535,-16.8784],[123.1634,-16.859],[123.1719,-16.8622],[123.1765,-16.8615],[123.1778,-16.8577],[123.1738,-16.8554],[123.1723,-16.8487],[123.1675,-16.8507],[123.1621,-16.8466],[123.1614,-16.8408],[123.1654,-16.8371],[123.1595,-16.8318],[123.1614,-16.8179],[123.1529,-16.8016],[123.1477,-16.8021],[123.1273,-16.7872],[123.1199,-16.7873],[123.1179,-16.7913],[123.1123,-16.7946],[123.1099,-16.7942],[123.106,-16.7897],[123.1106,-16.7839],[123.1099,-16.7783],[123.105,-16.7839],[123.1025,-16.7837],[123.1078,-16.7726],[123.1028,-16.763],[123.1035,-16.7453],[123.1187,-16.7316],[123.1326,-16.738],[123.1451,-16.7084],[123.1388,-16.6885],[123.1331,-16.6914],[123.1374,-16.6949],[123.137,-16.7013],[123.1266,-16.7111],[123.1151,-16.7138],[123.094,-16.7091],[123.0849,-16.6983],[123.0838,-16.6648],[123.0787,-16.6932],[123.0744,-16.6946],[123.0708,-16.6914],[123.0621,-16.6942],[123.0506,-16.6908],[123.0493,-16.6838],[123.0362,-16.6715],[123.0418,-16.6568],[123.0348,-16.6526],[123.0326,-16.6445],[123.0368,-16.639],[123.0353,-16.6321],[123.0387,-16.6214],[123.0271,-16.617],[123.0233,-16.6046],[123.0159,-16.6119],[123.0077,-16.6324],[122.9986,-16.6357],[122.9957,-16.6408],[122.9883,-16.6256],[122.9959,-16.6181],[122.9965,-16.6018],[122.9866,-16.6071],[122.9817,-16.6014],[122.9847,-16.5931],[122.9607,-16.5906],[122.9544,-16.5801],[122.959,-16.5795],[122.9687,-16.5619],[122.9805,-16.5634],[122.985,-16.5587],[122.9869,-16.5548],[122.9811,-16.5525],[122.9898,-16.5325],[123.0004,-16.5271],[123.008,-16.5284],[123.0067,-16.5222],[122.9977,-16.524],[122.9711,-16.5161],[122.9763,-16.515],[122.9758,-16.5074],[122.9881,-16.5016],[122.9975,-16.4858],[122.9957,-16.4776],[122.9791,-16.4771],[122.9856,-16.4702],[122.983,-16.4651],[122.9919,-16.4568],[122.9958,-16.4596],[123.0013,-16.456],[123.0045,-16.4589],[123.0154,-16.4517],[123.0167,-16.4544],[123.0221,-16.4532],[123.0212,-16.4604],[123.0238,-16.4627],[123.0367,-16.4567],[123.0428,-16.459],[123.0418,-16.4718],[123.045,-16.4738],[123.0472,-16.463],[123.0767,-16.4403],[123.0756,-16.4364],[123.07,-16.4395],[123.0633,-16.4368],[123.0561,-16.4436],[123.0431,-16.4399],[123.031,-16.4306],[123.0341,-16.4208],[123.024,-16.42],[123.0148,-16.4058],[123.0245,-16.3979],[123.0309,-16.3968],[123.0349,-16.4002],[123.0341,-16.3856],[123.0293,-16.3806],[123.0239,-16.3822],[123.0203,-16.3782],[123.0238,-16.3755],[123.0232,-16.3718],[123.0357,-16.3692],[123.0381,-16.3586],[123.0318,-16.3583],[122.9916,-16.3801],[122.9946,-16.385],[122.9937,-16.3934],[122.9867,-16.3959],[122.9872,-16.4001],[122.9824,-16.4059],[122.9801,-16.4051],[122.9843,-16.4022],[122.9834,-16.3945],[122.992,-16.3876],[122.9877,-16.3809],[122.974,-16.3953],[122.9552,-16.4017],[122.9435,-16.4015],[122.9354,-16.3932],[122.9253,-16.3895],[122.919,-16.4111],[122.9015,-16.435],[122.9111,-16.4377],[122.9087,-16.4412],[122.9051,-16.4413],[122.9018,-16.4367],[122.8981,-16.4472],[122.8995,-16.4528],[122.8958,-16.4682],[122.9025,-16.4691],[122.9057,-16.4736],[122.9044,-16.4885],[122.8968,-16.5001],[122.8841,-16.508],[122.8672,-16.5094],[122.8635,-16.5062],[122.8631,-16.4991],[122.8539,-16.5127],[122.8554,-16.5148],[122.8579,-16.509],[122.8613,-16.51],[122.8656,-16.519],[122.8746,-16.5264],[122.8835,-16.5258],[122.8842,-16.5303],[122.8753,-16.5302],[122.8614,-16.5191],[122.8595,-16.5301],[122.8477,-16.5465],[122.8304,-16.5549],[122.8165,-16.5561],[122.8309,-16.5572],[122.8334,-16.5607],[122.8304,-16.5581],[122.8116,-16.5583],[122.8,-16.5709],[122.7948,-16.5717],[122.8163,-16.5394],[122.7713,-16.5903],[122.779,-16.5849],[122.779,-16.5928],[122.7759,-16.5902],[122.7774,-16.6001],[122.7743,-16.6182],[122.7694,-16.6328],[122.7418,-16.6834],[122.7465,-16.6894],[122.7439,-16.7001],[122.7644,-16.7102],[122.766,-16.6996],[122.7738,-16.694],[122.7748,-16.6979],[122.7841,-16.696],[122.7811,-16.6987],[122.7853,-16.7042],[122.7794,-16.7017],[122.7731,-16.7045],[122.7757,-16.7355],[122.7908,-16.7337],[122.8009,-16.7448],[122.8049,-16.7441],[122.8009,-16.7426],[122.8027,-16.7405],[122.8066,-16.7428],[122.8041,-16.7455],[122.8112,-16.753],[122.8213,-16.7508],[122.8275,-16.7445],[122.8297,-16.7471],[122.8384,-16.7445],[122.8346,-16.7481],[122.8268,-16.7474],[122.8264,-16.75],[122.8302,-16.7502],[122.8215,-16.7531],[122.8214,-16.757],[122.8272,-16.7607],[122.8301,-16.7567],[122.8295,-16.7607],[122.8334,-16.7583],[122.8235,-16.7699],[122.8334,-16.7724],[122.8276,-16.7736],[122.8342,-16.7768],[122.8305,-16.7784],[122.834,-16.7808],[122.8392,-16.7796],[122.8342,-16.7845],[122.8416,-16.7853],[122.8456,-16.792],[122.8368,-16.7866],[122.8315,-16.7857],[122.832,-16.7887],[122.8136,-16.7701],[122.8098,-16.7743],[122.8102,-16.7662],[122.8049,-16.7633],[122.8006,-16.767],[122.803,-16.7621],[122.7816,-16.7474],[122.7921,-16.7606],[122.7928,-16.7685],[122.7866,-16.7717],[122.7842,-16.7702],[122.7892,-16.768],[122.7885,-16.7629],[122.7859,-16.7638],[122.7806,-16.7549],[122.7735,-16.7514],[122.7772,-16.7609],[122.7697,-16.7527],[122.773,-16.757],[122.7716,-16.7616],[122.7667,-16.7544],[122.7596,-16.7615],[122.7619,-16.7655],[122.7595,-16.7634],[122.7519,-16.7656],[122.7498,-16.7703],[122.7461,-16.769],[122.7427,-16.7722],[122.7438,-16.7694],[122.7562,-16.7619],[122.765,-16.752],[122.7654,-16.7479],[122.7574,-16.7461],[122.7441,-16.7609],[122.7345,-16.7777],[122.7066,-16.7875],[122.6935,-16.7772],[122.6804,-16.7875],[122.6651,-16.7942],[122.6374,-16.8007],[122.6201,-16.7947],[122.6211,-16.7878],[122.6099,-16.7657],[122.6011,-16.7674],[122.5794,-16.7621],[122.5695,-16.7714],[122.5775,-16.7773],[122.5741,-16.7858],[122.57,-16.7862],[122.5533,-16.8054],[122.5553,-16.8121],[122.5713,-16.8226],[122.5712,-16.8362],[122.5675,-16.8346],[122.5678,-16.8291],[122.5652,-16.8303],[122.567,-16.8314],[122.5654,-16.838],[122.5643,-16.8293],[122.5511,-16.8289],[122.5542,-16.8349],[122.5583,-16.8339],[122.5605,-16.8355],[122.5532,-16.836],[122.551,-16.8345],[122.5457,-16.8295],[122.5493,-16.8198],[122.5338,-16.8369],[122.5371,-16.8418],[122.5371,-16.8514],[122.5426,-16.8561],[122.5435,-16.8614],[122.5464,-16.8603],[122.5515,-16.8645],[122.55,-16.8803],[122.5562,-16.89],[122.5565,-16.8964],[122.5585,-16.8993],[122.5644,-16.8961],[122.5695,-16.9033],[122.5674,-16.92],[122.5704,-16.9294],[122.5779,-16.9366],[122.5822,-16.9332],[122.5797,-16.9388],[122.5856,-16.9481],[122.5975,-16.9549],[122.5914,-16.9549],[122.5956,-16.9643],[122.6079,-16.9627],[122.6122,-16.9653],[122.6015,-16.9663],[122.6021,-16.9713],[122.5949,-16.9677],[122.5876,-16.9572],[122.5822,-16.9601],[122.5723,-16.9557],[122.554,-16.9624],[122.5558,-16.9596],[122.5556,-16.9581],[122.5517,-16.9601],[122.5455,-16.9555],[122.5365,-16.957],[122.5276,-16.9477],[122.5092,-16.9516],[122.508,-16.9544],[122.5082,-16.9449],[122.513,-16.9493],[122.5198,-16.9337],[122.5138,-16.9265],[122.5086,-16.9274],[122.5031,-16.9237],[122.5033,-16.916],[122.4892,-16.9153],[122.4897,-16.9185],[122.4874,-16.9152],[122.4903,-16.9137],[122.4822,-16.9038],[122.4835,-16.8943],[122.4802,-16.8946],[122.4769,-16.9217],[122.4815,-16.9249],[122.4855,-16.9373],[122.4769,-16.9572],[122.4839,-16.9488],[122.4856,-16.9516],[122.475,-16.9681],[122.4811,-16.9813],[122.4751,-16.977],[122.4737,-16.9798],[122.4766,-16.9809],[122.4732,-16.9815],[122.4706,-16.9776],[122.4686,-16.9827],[122.4734,-16.9879],[122.4687,-16.9863],[122.4672,-16.9801],[122.4646,-16.9821],[122.4614,-16.9778],[122.4672,-16.9771],[122.4676,-16.9688],[122.4601,-16.9739],[122.4574,-16.9743],[122.4608,-16.9707],[122.4545,-16.9733],[122.4506,-16.978],[122.4528,-16.982],[122.4493,-16.9802],[122.4444,-16.9878],[122.431,-16.9834],[122.4356,-16.9805],[122.4389,-16.9836],[122.4385,-16.9797],[122.4408,-16.9834],[122.4435,-16.9805],[122.4442,-16.9739],[122.4417,-16.9717],[122.4472,-16.9698],[122.4407,-16.9671],[122.4501,-16.9659],[122.4606,-16.9569],[122.4619,-16.9451],[122.4697,-16.9363],[122.4581,-16.9431],[122.4485,-16.9536],[122.4344,-16.9602],[122.4243,-16.9603],[122.3664,-16.9976],[122.3635,-17.0009],[122.3698,-17.0081],[122.351,-17.0369],[122.3381,-17.0478],[122.3178,-17.0536],[122.2955,-17.0672],[122.2687,-17.0947],[122.2532,-17.1199],[122.2538,-17.1317],[122.2672,-17.137],[122.2734,-17.1317],[122.2844,-17.1293],[122.2915,-17.1177],[122.3008,-17.1174],[122.3035,-17.1124],[122.3016,-17.1209],[122.2933,-17.1192],[122.2926,-17.1303],[122.2969,-17.1327],[122.3032,-17.1301],[122.306,-17.1328],[122.312,-17.1271],[122.3096,-17.1308],[122.3179,-17.1297],[122.3135,-17.1326],[122.3133,-17.1365],[122.3194,-17.1353],[122.3139,-17.1388],[122.3096,-17.1374],[122.3099,-17.1344],[122.3073,-17.1377],[122.2881,-17.1396],[122.2986,-17.1453],[122.3059,-17.1455],[122.3046,-17.1474],[122.3118,-17.1498],[122.3079,-17.1507],[122.3109,-17.1525],[122.3172,-17.1513],[122.3184,-17.1536],[122.3136,-17.1553],[122.319,-17.1589],[122.3127,-17.1579],[122.308,-17.1529],[122.3067,-17.1551],[122.3053,-17.1508],[122.3006,-17.1539],[122.3,-17.1496],[122.282,-17.1451],[122.2785,-17.1465],[122.2813,-17.1505],[122.2798,-17.1574],[122.277,-17.1568],[122.2781,-17.1522],[122.2746,-17.1504],[122.2708,-17.1547],[122.2652,-17.1552],[122.2653,-17.1604],[122.2549,-17.1606],[122.2575,-17.1638],[122.2586,-17.1679],[122.2574,-17.169],[122.2537,-17.1629],[122.2466,-17.1639],[122.2588,-17.1557],[122.2516,-17.1576],[122.241,-17.1693],[122.244,-17.1749],[122.2471,-17.1733],[122.2394,-17.1842],[122.2431,-17.196],[122.234,-17.1858],[122.2293,-17.1911],[122.2304,-17.1976],[122.2262,-17.1944],[122.2287,-17.1863],[122.2344,-17.181],[122.2264,-17.1865],[122.2066,-17.2292],[122.2047,-17.2404],[122.2086,-17.2391],[122.2097,-17.232],[122.2149,-17.2282],[122.2111,-17.2404],[122.2017,-17.2459],[122.1985,-17.2444],[122.1991,-17.2411],[122.1941,-17.2444],[122.1951,-17.2399],[122.1873,-17.2404],[122.1732,-17.2636],[122.1768,-17.2637],[122.1751,-17.2703],[122.173,-17.2674],[122.1655,-17.3055],[122.162,-17.3416],[122.15,-17.3554],[122.1529,-17.3858],[122.1519,-17.3946],[122.1484,-17.3983],[122.1523,-17.4657],[122.1497,-17.4811],[122.1424,-17.4888],[122.1473,-17.5372],[122.1452,-17.5604],[122.1505,-17.5692],[122.1492,-17.574],[122.1666,-17.5887],[122.1725,-17.6012],[122.1792,-17.6277],[122.1841,-17.6677],[122.1857,-17.6613],[122.1938,-17.6619],[122.1868,-17.6643],[122.1941,-17.6703],[122.1996,-17.6848],[122.2009,-17.7296],[122.198,-17.7533],[122.2033,-17.7641],[122.1987,-17.7743],[122.2088,-17.8291],[122.2129,-17.8737],[122.2049,-17.9453],[122.1928,-17.9677],[122.187,-17.9721],[122.1753,-17.974],[122.1911,-17.9861],[122.1939,-17.9974],[122.2071,-18.0089],[122.2113,-18.0049],[122.207,-17.9975],[122.2108,-17.9892],[122.2234,-17.977],[122.2376,-17.971],[122.2473,-17.9529],[122.2506,-17.9523],[122.2606,-17.9601],[122.3056,-17.973]]],[[[122.1979,-16.9038],[122.198,-16.9014],[122.1967,-16.9003],[122.1979,-16.9038]]],[[[122.1683,-16.8827],[122.1727,-16.8822],[122.1728,-16.8819],[122.1691,-16.8796],[122.1683,-16.8827]]],[[[122.1596,-16.8695],[122.1597,-16.8688],[122.1591,-16.8687],[122.1596,-16.8695]]],[[[122.1536,-16.8603],[122.1546,-16.8602],[122.1539,-16.8599],[122.1536,-16.8603]]],[[[122.1285,-16.8532],[122.1438,-16.8591],[122.1384,-16.8536],[122.1285,-16.8532]]],[[[122.0926,-16.8546],[122.1137,-16.8583],[122.1019,-16.8551],[122.1265,-16.8526],[122.0926,-16.8546]]],[[[123.092,-16.2939],[123.0916,-16.2924],[123.0908,-16.2934],[123.092,-16.2939]]],[[[123.0621,-16.2781],[123.0605,-16.277],[123.061,-16.2784],[123.0621,-16.2781]]],[[[123.1415,-16.7944],[123.1436,-16.7948],[123.1416,-16.7935],[123.1415,-16.7944]]],[[[123.0411,-16.3544],[123.0462,-16.3537],[123.0466,-16.3467],[123.044,-16.3527],[123.0411,-16.3544]]],[[[121.6458,-18.8126],[121.6464,-18.8147],[121.6479,-18.8119],[121.6458,-18.8126]]],[[[121.6939,-18.7005],[121.6949,-18.7011],[121.6957,-18.7001],[121.6939,-18.7005]]],[[[121.6487,-18.811],[121.6497,-18.8114],[121.6495,-18.8108],[121.6487,-18.811]]],[[[121.7886,-18.6594],[121.7902,-18.6566],[121.7897,-18.6547],[121.7891,-18.6551],[121.7886,-18.6594]]],[[[121.7345,-18.5813],[121.7326,-18.5799],[121.7316,-18.5801],[121.7321,-18.5809],[121.7345,-18.5813]]],[[[121.7321,-18.6954],[121.7341,-18.6951],[121.7338,-18.6945],[121.7321,-18.6954]]],[[[121.7726,-18.6656],[121.7739,-18.6664],[121.7744,-18.6657],[121.7726,-18.6656]]],[[[122.2777,-17.1553],[122.2798,-17.1548],[122.2783,-17.1538],[122.2777,-17.1553]]],[[[122.3012,-17.1489],[122.3025,-17.1503],[122.3018,-17.1486],[122.3012,-17.1489]]],[[[122.3154,-17.1525],[122.317,-17.1534],[122.3173,-17.1526],[122.3154,-17.1525]]],[[[122.2563,-17.1666],[122.2574,-17.1663],[122.2564,-17.1657],[122.2563,-17.1666]]],[[[122.3,-17.1192],[122.3015,-17.1193],[122.3009,-17.1186],[122.3,-17.1192]]],[[[122.3059,-17.136],[122.3073,-17.1358],[122.3066,-17.1351],[122.3059,-17.136]]],[[[122.3026,-17.1312],[122.3039,-17.1308],[122.3031,-17.1307],[122.3026,-17.1312]]],[[[122.3123,-17.1338],[122.3132,-17.1342],[122.3128,-17.1338],[122.3123,-17.1338]]],[[[122.8137,-16.7555],[122.8177,-16.7576],[122.8215,-16.7513],[122.814,-16.7549],[122.8122,-16.7531],[122.8137,-16.7555]]],[[[123.0427,-16.6395],[123.044,-16.6397],[123.0429,-16.639],[123.0427,-16.6395]]],[[[122.1707,-18.2653],[122.1723,-18.255],[122.1779,-18.2468],[122.171,-18.2557],[122.1707,-18.2653]]],[[[121.805,-18.5094],[121.8079,-18.508],[121.8077,-18.5075],[121.806,-18.507],[121.805,-18.5094]]],[[[122.2021,-18.2445],[122.2035,-18.2428],[122.2034,-18.2418],[122.2023,-18.2422],[122.2021,-18.2445]]],[[[121.7975,-18.5156],[121.7986,-18.5147],[121.797,-18.5152],[121.7975,-18.5156]]],[[[121.8104,-18.4977],[121.8116,-18.4984],[121.8119,-18.4979],[121.8104,-18.4977]]],[[[122.1699,-18.267],[122.1712,-18.2666],[122.1701,-18.2661],[122.1699,-18.267]]],[[[121.8145,-18.4924],[121.8155,-18.4919],[121.8148,-18.4916],[121.8145,-18.4924]]],[[[122.1986,-18.2465],[122.1995,-18.2457],[122.1988,-18.2456],[122.1986,-18.2465]]],[[[123.1013,-16.4466],[123.1075,-16.4435],[123.1083,-16.4411],[123.1035,-16.4421],[123.1013,-16.4466]]],[[[123.0829,-16.4432],[123.0853,-16.449],[123.0897,-16.4495],[123.0829,-16.4432]]],[[[123.0926,-16.4397],[123.0943,-16.437],[123.0914,-16.4351],[123.0909,-16.4355],[123.0926,-16.4397]]],[[[123.1079,-16.4486],[123.1095,-16.4473],[123.11,-16.4445],[123.1078,-16.4458],[123.1079,-16.4486]]],[[[122.906,-16.4385],[122.9085,-16.4387],[122.9065,-16.4365],[122.906,-16.4385]]],[[[123.002,-16.4849],[122.9998,-16.4841],[122.9994,-16.4845],[123.002,-16.4849]]],[[[123.0876,-16.4449],[123.09,-16.4448],[123.0875,-16.4443],[123.0876,-16.4449]]],[[[123.1101,-16.4414],[123.1115,-16.4413],[123.1115,-16.4408],[123.1101,-16.4414]]],[[[123.1477,-16.4383],[123.1488,-16.4378],[123.1485,-16.4375],[123.1477,-16.4383]]],[[[123.1304,-16.4512],[123.1315,-16.4507],[123.1304,-16.4505],[123.1304,-16.4512]]],[[[123.2059,-16.3871],[123.1954,-16.3904],[123.1911,-16.397],[123.1922,-16.3897],[123.1843,-16.39],[123.1872,-16.3864],[123.1676,-16.3897],[123.1754,-16.3942],[123.1707,-16.3939],[123.1789,-16.4061],[123.1786,-16.4116],[123.1687,-16.4171],[123.1661,-16.4231],[123.1759,-16.4297],[123.1738,-16.433],[123.1821,-16.4292],[123.1838,-16.4213],[123.1854,-16.4325],[123.1925,-16.4328],[123.1926,-16.421],[123.1947,-16.4184],[123.1973,-16.4213],[123.197,-16.4167],[123.2028,-16.4138],[123.2092,-16.4014],[123.2055,-16.4017],[123.2074,-16.3965],[123.2115,-16.3927],[123.2059,-16.3871]]],[[[123.2259,-16.4079],[123.2186,-16.4061],[123.2227,-16.4003],[123.225,-16.4012],[123.2228,-16.3966],[123.2133,-16.3925],[123.2136,-16.4004],[123.2084,-16.4039],[123.1994,-16.4247],[123.2133,-16.4226],[123.2199,-16.416],[123.2158,-16.4145],[123.2162,-16.4114],[123.2259,-16.4079]]],[[[123.1073,-16.4243],[123.0994,-16.4241],[123.0908,-16.427],[123.0977,-16.4297],[123.0993,-16.4336],[123.1034,-16.431],[123.1041,-16.4375],[123.1102,-16.4379],[123.1135,-16.4345],[123.1147,-16.4374],[123.1246,-16.4357],[123.1271,-16.4382],[123.1299,-16.4356],[123.113,-16.431],[123.1073,-16.4243]]],[[[123.1178,-16.4089],[123.1241,-16.423],[123.1272,-16.4229],[123.1246,-16.4193],[123.1294,-16.4186],[123.125,-16.4085],[123.1297,-16.4023],[123.1365,-16.4009],[123.1325,-16.3984],[123.1251,-16.3985],[123.1268,-16.4],[123.1226,-16.4062],[123.1178,-16.4089]]],[[[123.1524,-16.4227],[123.1626,-16.4164],[123.1671,-16.404],[123.1645,-16.4071],[123.1637,-16.4026],[123.1596,-16.4004],[123.1607,-16.4051],[123.1566,-16.407],[123.1524,-16.4227]]],[[[123.1725,-16.3625],[123.2002,-16.3658],[123.1988,-16.3632],[123.2014,-16.3619],[123.196,-16.3589],[123.1927,-16.3621],[123.1806,-16.3593],[123.1725,-16.3625]]],[[[123.1524,-16.3879],[123.1439,-16.389],[123.1472,-16.3925],[123.1456,-16.3944],[123.1581,-16.3982],[123.1577,-16.3933],[123.1524,-16.3879]]],[[[123.1527,-16.4344],[123.159,-16.4308],[123.1648,-16.4218],[123.1546,-16.4285],[123.1527,-16.4344]]],[[[123.1324,-16.385],[123.1248,-16.3835],[123.1235,-16.3849],[123.1368,-16.3877],[123.1319,-16.3825],[123.1324,-16.385]]],[[[123.2301,-16.3701],[123.2309,-16.3665],[123.2164,-16.3675],[123.2206,-16.3691],[123.2301,-16.3701]]],[[[123.0956,-16.4153],[123.0973,-16.4123],[123.0939,-16.4099],[123.0935,-16.4115],[123.0956,-16.4153]]],[[[123.0872,-16.4334],[123.0917,-16.4328],[123.0876,-16.4306],[123.0872,-16.4334]]],[[[123.1649,-16.4004],[123.1634,-16.3966],[123.1613,-16.3967],[123.1607,-16.3985],[123.1649,-16.4004]]],[[[123.1185,-16.3991],[123.1217,-16.4008],[123.1221,-16.4003],[123.1185,-16.3991]]],[[[123.0678,-16.3957],[123.0704,-16.3946],[123.0701,-16.393],[123.068,-16.3936],[123.0678,-16.3957]]],[[[122.9227,-16.3845],[122.9263,-16.3853],[122.9267,-16.3848],[122.9227,-16.3845]]],[[[122.9883,-16.3772],[122.9878,-16.3785],[122.9903,-16.3781],[122.9883,-16.3772]]],[[[123.0823,-16.4289],[123.0841,-16.4282],[123.0829,-16.4277],[123.0823,-16.4289]]],[[[122.9891,-16.393],[122.9926,-16.3932],[122.9933,-16.3923],[122.9891,-16.393]]],[[[123.1299,-16.391],[123.1315,-16.3909],[123.1312,-16.3896],[123.1299,-16.391]]],[[[123.0553,-16.3972],[123.0571,-16.3969],[123.0571,-16.396],[123.0553,-16.3972]]],[[[123.0884,-16.4207],[123.0897,-16.4205],[123.0886,-16.4196],[123.0884,-16.4207]]],[[[123.1499,-16.4276],[123.1513,-16.426],[123.1509,-16.4258],[123.1499,-16.4276]]],[[[123.2112,-16.4323],[123.2122,-16.433],[123.2122,-16.4317],[123.2112,-16.4323]]],[[[123.1338,-16.3815],[123.1349,-16.3808],[123.1341,-16.3806],[123.1338,-16.3815]]],[[[123.1416,-16.4071],[123.1423,-16.4085],[123.142,-16.4068],[123.1416,-16.4071]]],[[[123.0889,-16.4259],[123.0901,-16.4249],[123.0895,-16.4245],[123.0889,-16.4259]]],[[[123.0788,-16.4135],[123.0799,-16.4132],[123.0794,-16.4129],[123.0788,-16.4135]]],[[[123.1427,-16.3922],[123.1437,-16.392],[123.1431,-16.3917],[123.1427,-16.3922]]],[[[123.0693,-16.3872],[123.0698,-16.3855],[123.0691,-16.3872],[123.0693,-16.3872]]],[[[123.3119,-17.0826],[123.321,-17.0902],[123.3253,-17.0893],[123.3198,-17.084],[123.3119,-17.0826]]],[[[122.8196,-16.7625],[122.8258,-16.764],[122.8276,-16.762],[122.8196,-16.7625]]],[[[122.8224,-16.7683],[122.8238,-16.7666],[122.8264,-16.765],[122.8219,-16.7658],[122.8224,-16.7683]]],[[[122.5599,-16.9558],[122.5606,-16.9589],[122.5614,-16.956],[122.5599,-16.9558]]],[[[122.7854,-16.7609],[122.7878,-16.7614],[122.7866,-16.7601],[122.7854,-16.7609]]],[[[123.1118,-16.7912],[123.1137,-16.7925],[123.1123,-16.7907],[123.1118,-16.7912]]],[[[122.562,-16.9553],[122.5628,-16.9541],[122.561,-16.9536],[122.562,-16.9553]]],[[[123.1106,-16.7925],[123.1109,-16.7913],[123.1104,-16.7918],[123.1106,-16.7925]]],[[[122.5594,-16.9523],[122.5607,-16.9523],[122.5594,-16.9514],[122.5594,-16.9523]]]]}},{"type":"Feature","properties":{"lga_name":"Broomehill-Tambellup"},"geometry":{"type":"Polygon","coordinates":[[[117.3267,-33.8774],[117.3169,-33.8774],[117.3168,-33.8939],[117.3266,-33.894],[117.3265,-33.9203],[117.3299,-33.9203],[117.3299,-33.9253],[117.3413,-33.9253],[117.3435,-33.9495],[117.3572,-33.9492],[117.3572,-33.9531],[117.3469,-33.9563],[117.3438,-33.9687],[117.3346,-33.9763],[117.3551,-33.9763],[117.3595,-33.9833],[117.3451,-33.9833],[117.3451,-34.0233],[117.3287,-34.0236],[117.3287,-34.031],[117.3502,-34.0312],[117.3501,-34.0367],[117.3574,-34.0367],[117.357,-34.0408],[117.3413,-34.0567],[117.3392,-34.0915],[117.3653,-34.1104],[117.3739,-34.1343],[117.3979,-34.1343],[117.3979,-34.1247],[117.4273,-34.1247],[117.4273,-34.1314],[117.4376,-34.1314],[117.4376,-34.1496],[117.5069,-34.1488],[117.5069,-34.1733],[117.5653,-34.1726],[117.5654,-34.1677],[117.5704,-34.1677],[117.5704,-34.1707],[117.5785,-34.1707],[117.5785,-34.1809],[117.6027,-34.1809],[117.6027,-34.1836],[117.6136,-34.1854],[117.6133,-34.1945],[117.6237,-34.1945],[117.6237,-34.183],[117.6709,-34.1827],[117.6741,-34.2008],[117.6628,-34.2143],[117.6434,-34.2485],[117.6515,-34.2486],[117.654,-34.2531],[117.6646,-34.2521],[117.6646,-34.2575],[117.7387,-34.2575],[117.739,-34.2474],[117.7461,-34.24],[117.7498,-34.2439],[117.7456,-34.2565],[117.7771,-34.2565],[117.7825,-34.2502],[117.8052,-34.2524],[117.8052,-34.2496],[117.8401,-34.2496],[117.8401,-34.2579],[117.9888,-34.2578],[117.9885,-34.0515],[117.9826,-34.0515],[117.9826,-34.0462],[117.9768,-34.0461],[117.9776,-34.0277],[117.9646,-34.0277],[117.9646,-34.0234],[117.9464,-34.0234],[117.9401,-34.0295],[117.9401,-34.0234],[117.9165,-34.0235],[117.9163,-34.0086],[117.9109,-34.0086],[117.9109,-34.0133],[117.9008,-34.016],[117.9025,-33.9987],[117.8958,-33.9957],[117.8958,-33.9885],[117.901,-33.9885],[117.9021,-33.969],[117.8965,-33.9644],[117.8965,-33.9599],[117.8738,-33.96],[117.8716,-33.9491],[117.865,-33.9491],[117.858,-33.9365],[117.8543,-33.8915],[117.8942,-33.8807],[117.9109,-33.8808],[117.9109,-33.8548],[117.9038,-33.8548],[117.9038,-33.8386],[117.9085,-33.8386],[117.9037,-33.8333],[117.9084,-33.8333],[117.9083,-33.809],[117.8944,-33.809],[117.8944,-33.8063],[117.9083,-33.8063],[117.9082,-33.7767],[117.8462,-33.7747],[117.8462,-33.7769],[117.8395,-33.7769],[117.8384,-33.7711],[117.8293,-33.7711],[117.8293,-33.7786],[117.7992,-33.7787],[117.7992,-33.7745],[117.6125,-33.7753],[117.6071,-33.7686],[117.5763,-33.7686],[117.5763,-33.7767],[117.574,-33.7739],[117.5575,-33.7735],[117.5574,-33.7777],[117.54,-33.7778],[117.5397,-33.7874],[117.4611,-33.7872],[117.4611,-33.7718],[117.4197,-33.7713],[117.4197,-33.7768],[117.4131,-33.7788],[117.4036,-33.7788],[117.4036,-33.7744],[117.3999,-33.7744],[117.3999,-33.7844],[117.3473,-33.7825],[117.3473,-33.7867],[117.3378,-33.7867],[117.3378,-33.7825],[117.3268,-33.7825],[117.3269,-33.8106],[117.3385,-33.8106],[117.3385,-33.8196],[117.3239,-33.8196],[117.3276,-33.8231],[117.3267,-33.8774]]]}},{"type":"Feature","properties":{"lga_name":"Bruce Rock"},"geometry":{"type":"Polygon","coordinates":[[[117.6781,-31.8224],[117.6783,-31.9326],[117.6733,-31.9499],[117.6863,-31.9499],[117.6863,-31.9682],[117.6939,-31.9682],[117.6956,-31.9895],[117.7042,-31.9895],[117.7042,-32.0042],[117.6978,-32.0042],[117.6998,-32.0664],[117.7091,-32.0664],[117.7091,-32.075],[117.7058,-32.075],[117.7058,-32.0888],[117.702,-32.0888],[117.702,-32.0948],[117.6795,-32.0948],[117.6763,-32.0971],[117.6763,-32.1061],[117.6692,-32.1061],[117.6692,-32.1199],[117.6753,-32.1199],[117.6753,-32.1439],[117.6838,-32.1439],[117.6838,-32.1512],[117.6752,-32.1512],[117.6754,-32.1621],[117.7937,-32.16],[117.7937,-32.1696],[117.8058,-32.1697],[117.8058,-32.1497],[117.8348,-32.1496],[117.8348,-32.1528],[117.8573,-32.1527],[117.8573,-32.155],[117.8653,-32.1562],[117.8913,-32.1543],[117.9245,-32.1575],[117.9281,-32.1628],[117.9814,-32.1651],[117.9918,-32.1737],[118.0169,-32.1736],[118.017,-32.192],[118.0823,-32.1911],[118.0823,-32.1958],[118.0902,-32.1958],[118.0848,-32.2015],[118.078,-32.2282],[118.1082,-32.2283],[118.1082,-32.2304],[118.1403,-32.2282],[118.1404,-32.2316],[118.1742,-32.2316],[118.1743,-32.2366],[118.1896,-32.2366],[118.1896,-32.2309],[118.2083,-32.2308],[118.2067,-32.0993],[118.2165,-32.0993],[118.2167,-32.0894],[118.2274,-32.0893],[118.2275,-32.0816],[118.2448,-32.0814],[118.2447,-32.0639],[118.2682,-32.0636],[118.2635,-32.0238],[118.2939,-32.0238],[118.2938,-31.9839],[118.3182,-31.9839],[118.3171,-31.8738],[118.3444,-31.8737],[118.3444,-31.8537],[118.37,-31.8536],[118.37,-31.8022],[118.3785,-31.8022],[118.3781,-31.6965],[118.2356,-31.6964],[118.1665,-31.7102],[118.1643,-31.7032],[118.1131,-31.7134],[118.1147,-31.7199],[118.1042,-31.72],[118.0532,-31.72],[118.0532,-31.7148],[118.0272,-31.7148],[118.0272,-31.7098],[118.0196,-31.7095],[118.0193,-31.7005],[118.0062,-31.7014],[117.9986,-31.6975],[117.9931,-31.7008],[117.9815,-31.7009],[117.9816,-31.7087],[117.9919,-31.7087],[117.9921,-31.8287],[117.8792,-31.8286],[117.8792,-31.8116],[117.7939,-31.8114],[117.7882,-31.8158],[117.7473,-31.8167],[117.749,-31.8204],[117.7229,-31.81],[117.6897,-31.8214],[117.6781,-31.8224]]]}},{"type":"Feature","properties":{"lga_name":"Bunbury"},"geometry":{"type":"Polygon","coordinates":[[[115.6359,-33.3086],[115.6097,-33.3813],[115.6301,-33.3873],[115.6855,-33.3863],[115.703,-33.4088],[115.703,-33.3719],[115.6902,-33.3704],[115.6944,-33.3601],[115.7146,-33.3601],[115.7146,-33.3446],[115.7091,-33.3455],[115.7083,-33.3284],[115.6969,-33.327],[115.6948,-33.3149],[115.6974,-33.3097],[115.6913,-33.3042],[115.6702,-33.3029],[115.6695,-33.3079],[115.6576,-33.3179],[115.6601,-33.3195],[115.6641,-33.3166],[115.6663,-33.3221],[115.6622,-33.3253],[115.654,-33.3186],[115.6398,-33.3187],[115.6477,-33.3063],[115.6426,-33.3114],[115.6407,-33.31],[115.6467,-33.3048],[115.6459,-33.301],[115.645,-33.3048],[115.6359,-33.3086]]]}},{"type":"Feature","properties":{"lga_name":"Busselton"},"geometry":{"type":"MultiPolygon","coordinates":[[[[115.0158,-33.5874],[115.0283,-33.6342],[115.0217,-33.6405],[115.0194,-33.6565],[115.0135,-33.6608],[115.007,-33.6595],[115.0011,-33.6691],[114.9948,-33.6694],[114.9967,-33.6763],[114.9915,-33.6801],[114.9939,-33.6849],[114.9904,-33.6964],[114.9837,-33.7011],[114.9751,-33.6981],[114.9927,-33.7512],[114.9886,-33.7624],[115.0001,-33.794],[114.9975,-33.8189],[115.0342,-33.8179],[115.0353,-33.8251],[115.0372,-33.8216],[115.043,-33.8216],[115.043,-33.8187],[115.0575,-33.8174],[115.0701,-33.8244],[115.0705,-33.819],[115.0837,-33.819],[115.0891,-33.8233],[115.0989,-33.8176],[115.0999,-33.814],[115.1055,-33.8207],[115.1086,-33.8167],[115.1666,-33.8175],[115.1817,-33.8149],[115.2261,-33.8188],[115.2978,-33.8187],[115.298,-33.8318],[115.3052,-33.8318],[115.3052,-33.8397],[115.3152,-33.8397],[115.3152,-33.8318],[115.3187,-33.8292],[115.3311,-33.8292],[115.3311,-33.8374],[115.3398,-33.8374],[115.3378,-33.8292],[115.373,-33.8292],[115.3871,-33.8171],[115.4006,-33.8154],[115.3993,-33.8051],[115.6472,-33.8057],[115.647,-33.8094],[115.6639,-33.8095],[115.6611,-33.8117],[115.7362,-33.8116],[115.7363,-33.7967],[115.7632,-33.7969],[115.7634,-33.7602],[115.7667,-33.7602],[115.7669,-33.7011],[115.7503,-33.7008],[115.7503,-33.6925],[115.7318,-33.6923],[115.7325,-33.6634],[115.7209,-33.6663],[115.715,-33.6593],[115.7079,-33.6593],[115.7079,-33.6716],[115.7015,-33.6715],[115.7016,-33.6668],[115.6078,-33.6668],[115.6077,-33.6728],[115.6023,-33.6683],[115.5879,-33.666],[115.5852,-33.6407],[115.5874,-33.6388],[115.5836,-33.6388],[115.5832,-33.6219],[115.5675,-33.6172],[115.5614,-33.6103],[115.5492,-33.6102],[115.5489,-33.6025],[115.5025,-33.603],[115.5025,-33.6113],[115.4917,-33.6113],[115.491,-33.6012],[115.4814,-33.6043],[115.4745,-33.6004],[115.4745,-33.596],[115.4685,-33.5914],[115.4715,-33.5862],[115.4628,-33.5807],[115.4575,-33.5841],[115.4533,-33.5806],[115.4272,-33.6086],[115.405,-33.6234],[115.3672,-33.6394],[115.3093,-33.654],[115.2325,-33.6556],[115.2072,-33.6512],[115.1239,-33.6243],[115.105,-33.6064],[115.1024,-33.5859],[115.0875,-33.5735],[115.0888,-33.5683],[115.0646,-33.5581],[115.0638,-33.553],[115.0547,-33.5439],[115.0359,-33.5442],[115.0319,-33.5413],[115.0315,-33.5337],[115.005,-33.5299],[115.0113,-33.5568],[115.0038,-33.5611],[115.006,-33.5609],[115.0158,-33.5874]]],[[[115.0058,-33.5595],[115.0046,-33.5594],[115.0046,-33.5599],[115.0058,-33.5595]]],[[[115.0065,-33.5442],[115.0062,-33.5449],[115.0069,-33.5447],[115.0065,-33.5442]]],[[[115.0029,-33.5314],[115.0033,-33.5318],[115.0035,-33.5309],[115.0029,-33.5314]]],[[[114.9927,-33.6671],[114.9941,-33.6706],[114.9938,-33.6666],[114.9927,-33.6671]]],[[[114.9956,-33.668],[114.9946,-33.669],[114.9955,-33.6692],[114.9956,-33.668]]],[[[114.9939,-33.6725],[114.9945,-33.6732],[114.9945,-33.6724],[114.9939,-33.6725]]],[[[114.9941,-33.6712],[114.9945,-33.6716],[114.9946,-33.6714],[114.9941,-33.6712]]],[[[114.994,-33.6708],[114.9945,-33.6709],[114.9944,-33.6706],[114.994,-33.6708]]],[[[114.9946,-33.6721],[114.9942,-33.6718],[114.9942,-33.6721],[114.9946,-33.6721]]]]}},{"type":"Feature","properties":{"lga_name":"Cambridge"},"geometry":{"type":"Polygon","coordinates":[[[115.755,-31.9082],[115.7539,-31.9513],[115.762,-31.9548],[115.7634,-31.9627],[115.7759,-31.9628],[115.7759,-31.9498],[115.7877,-31.9498],[115.7918,-31.9478],[115.7918,-31.9442],[115.8041,-31.9443],[115.8041,-31.9476],[115.8078,-31.9476],[115.8079,-31.9439],[115.8122,-31.942],[115.8416,-31.9435],[115.844,-31.9414],[115.8262,-31.9222],[115.8176,-31.9228],[115.8141,-31.9297],[115.804,-31.9328],[115.7966,-31.9274],[115.7889,-31.9275],[115.7841,-31.9227],[115.7661,-31.9218],[115.7661,-31.9081],[115.755,-31.9082]]]}},{"type":"Feature","properties":{"lga_name":"Canning"},"geometry":{"type":"Polygon","coordinates":[[[115.9372,-31.9875],[115.9331,-31.9839],[115.9272,-31.9889],[115.9241,-31.9862],[115.9185,-31.9908],[115.9227,-31.9941],[115.9129,-31.9938],[115.9145,-31.9962],[115.9023,-32.0044],[115.8968,-32.0114],[115.8996,-32.0167],[115.8976,-32.0204],[115.9038,-32.0248],[115.9016,-32.0276],[115.9011,-32.0231],[115.8933,-32.0204],[115.8834,-32.0242],[115.8779,-32.0318],[115.8683,-32.0313],[115.8605,-32.0381],[115.8613,-32.0473],[115.8732,-32.0452],[115.8707,-32.0663],[115.8876,-32.0674],[115.8815,-32.0724],[115.892,-32.0818],[115.8906,-32.0921],[115.9152,-32.1145],[115.9144,-32.1016],[115.9234,-32.0697],[115.9364,-32.0598],[115.9303,-32.0541],[115.936,-32.0337],[115.968,-32.0068],[115.9707,-32.0091],[115.9776,-32.0031],[115.9775,-31.9879],[115.9425,-31.9843],[115.9372,-31.9875]]]}},{"type":"Feature","properties":{"lga_name":"Capel"},"geometry":{"type":"Polygon","coordinates":[[[115.6301,-33.3873],[115.6097,-33.3813],[115.5934,-33.4215],[115.5733,-33.4542],[115.5503,-33.4755],[115.4533,-33.5806],[115.4575,-33.5841],[115.4628,-33.5807],[115.4706,-33.5851],[115.4685,-33.5914],[115.4795,-33.6035],[115.491,-33.6012],[115.4917,-33.6113],[115.5025,-33.6113],[115.5025,-33.603],[115.5489,-33.6025],[115.5492,-33.6102],[115.5614,-33.6103],[115.5675,-33.6172],[115.5832,-33.6219],[115.5836,-33.6388],[115.5874,-33.6388],[115.5852,-33.6407],[115.5879,-33.666],[115.6023,-33.6683],[115.6077,-33.6728],[115.6078,-33.6668],[115.7016,-33.6668],[115.7015,-33.6715],[115.7079,-33.6716],[115.7079,-33.6593],[115.715,-33.6593],[115.7172,-33.6634],[115.7212,-33.6633],[115.7215,-33.6564],[115.7158,-33.6512],[115.7158,-33.6434],[115.7198,-33.6434],[115.7198,-33.6463],[115.7277,-33.6459],[115.7278,-33.5467],[115.7304,-33.5467],[115.7304,-33.5333],[115.7588,-33.5333],[115.7539,-33.5257],[115.7549,-33.5214],[115.7773,-33.5214],[115.7774,-33.4904],[115.7829,-33.4828],[115.7774,-33.4811],[115.7775,-33.4528],[115.7381,-33.4518],[115.7381,-33.4478],[115.7254,-33.4478],[115.7278,-33.4429],[115.7066,-33.4196],[115.7059,-33.415],[115.7088,-33.4125],[115.7055,-33.4051],[115.703,-33.4039],[115.7027,-33.4088],[115.6855,-33.3863],[115.6301,-33.3873]]]}},{"type":"Feature","properties":{"lga_name":"Carnamah"},"geometry":{"type":"MultiPolygon","coordinates":[[[[115.7345,-29.7395],[115.2451,-29.7395],[115.2449,-29.6892],[115.2094,-29.6896],[115.2095,-29.6976],[115.1025,-29.6977],[115.1025,-29.7025],[115.0756,-29.7025],[114.993,-29.7019],[114.9928,-29.6886],[114.9587,-29.6886],[114.9592,-29.7686],[114.9633,-29.7825],[114.9639,-29.803],[114.9818,-29.8518],[114.9779,-29.8626],[114.979,-29.8957],[114.9827,-29.9105],[114.9791,-29.9357],[115.1055,-29.9351],[115.1136,-29.9325],[115.1221,-29.9173],[115.1442,-29.9173],[115.1344,-29.9321],[115.1344,-29.9421],[115.2111,-29.9421],[115.211,-29.9464],[115.2561,-29.9464],[115.7277,-29.8921],[115.8346,-29.8921],[115.8401,-29.9039],[115.8976,-29.9039],[115.8976,-29.8526],[115.9309,-29.8526],[115.9309,-29.8366],[115.9656,-29.8367],[115.9638,-29.8305],[115.9716,-29.8171],[115.9872,-29.8095],[116.0055,-29.8267],[116.0141,-29.8229],[116.0279,-29.8229],[116.0263,-29.7876],[116.0895,-29.7877],[116.0895,-29.7932],[116.1119,-29.7934],[116.112,-29.7812],[116.1336,-29.7814],[116.1335,-29.7711],[116.1379,-29.7711],[116.1379,-29.7519],[116.1629,-29.7519],[116.163,-29.7175],[116.1441,-29.7197],[116.1441,-29.6803],[116.1359,-29.6815],[116.1341,-29.6509],[116.1058,-29.6507],[116.1058,-29.6207],[116.1168,-29.6207],[116.1168,-29.5938],[116.1022,-29.5938],[116.102,-29.5499],[116.0836,-29.5499],[116.0835,-29.5289],[116.076,-29.5289],[116.0796,-29.5253],[116.0538,-29.516],[115.9923,-29.5157],[115.9923,-29.5343],[115.9184,-29.5344],[115.917,-29.5514],[115.8765,-29.5515],[115.8766,-29.5807],[115.8448,-29.5807],[115.8448,-29.5945],[115.8247,-29.5945],[115.8202,-29.5742],[115.8102,-29.5697],[115.799,-29.5715],[115.7943,-29.5669],[115.7891,-29.5693],[115.7704,-29.5678],[115.7557,-29.5723],[115.7602,-29.5818],[115.7562,-29.6111],[115.7591,-29.62],[115.7479,-29.6365],[115.7503,-29.6399],[115.7476,-29.6492],[115.7489,-29.6644],[115.754,-29.6751],[115.7622,-29.6788],[115.7637,-29.7105],[115.7715,-29.7337],[115.7345,-29.7336],[115.7345,-29.7395]]],[[[114.8778,-29.8071],[114.8792,-29.807],[114.8778,-29.8069],[114.8778,-29.8071]]],[[[114.9771,-29.9356],[114.9781,-29.9355],[114.9772,-29.9351],[114.9771,-29.9356]]]]}},{"type":"Feature","properties":{"lga_name":"Carnarvon"},"geometry":{"type":"MultiPolygon","coordinates":[[[[113.6639,-24.8639],[113.6615,-24.8683],[113.6492,-24.8714],[113.6444,-24.8781],[113.6509,-24.8833],[113.6552,-24.8822],[113.6532,-24.8921],[113.6469,-24.8992],[113.6508,-24.9068],[113.6515,-24.8977],[113.6524,-24.9051],[113.6558,-24.8992],[113.6651,-24.8959],[113.663,-24.8985],[113.6692,-24.9022],[113.6778,-24.925],[113.6864,-24.9292],[113.6919,-24.9285],[113.6881,-24.9326],[113.6799,-24.933],[113.68,-24.9393],[113.6742,-24.9394],[113.6758,-24.9438],[113.67,-24.9457],[113.6622,-24.9667],[113.6646,-25.0182],[113.6742,-25.043],[113.6869,-25.0606],[113.6977,-25.0866],[113.7249,-25.1157],[113.7432,-25.129],[113.7696,-25.1363],[113.7892,-25.1546],[113.8022,-25.1573],[113.8171,-25.1736],[113.8164,-25.179],[113.8296,-25.1995],[113.8303,-25.2074],[113.8329,-25.2109],[113.8369,-25.2102],[113.8396,-25.217],[113.8375,-25.2204],[113.8482,-25.2569],[113.8463,-25.2595],[113.8421,-25.2559],[113.8426,-25.2646],[113.8715,-25.2903],[113.8649,-25.2876],[113.8704,-25.2981],[113.8686,-25.2993],[113.8567,-25.2925],[113.8835,-25.3234],[113.8913,-25.337],[113.8927,-25.352],[113.8967,-25.3574],[113.8933,-25.366],[113.8951,-25.3735],[113.8921,-25.371],[113.8911,-25.373],[113.9045,-25.3952],[113.9138,-25.4009],[113.9081,-25.4067],[113.9136,-25.4135],[113.902,-25.4101],[113.925,-25.433],[113.9291,-25.4427],[113.9442,-25.4587],[113.9423,-25.4609],[113.9484,-25.4772],[113.9412,-25.4732],[113.9397,-25.4802],[113.9392,-25.4706],[113.9377,-25.4773],[113.934,-25.4755],[113.9488,-25.4919],[113.9545,-25.4934],[113.9529,-25.4963],[113.9649,-25.5145],[113.9706,-25.5308],[113.9916,-25.5649],[113.9917,-25.5751],[113.9872,-25.562],[113.9846,-25.5668],[113.9844,-25.5604],[113.9819,-25.5615],[113.9836,-25.5677],[113.9874,-25.5675],[113.9902,-25.5899],[113.9968,-25.599],[113.9949,-25.5893],[113.9969,-25.5906],[113.9986,-25.5969],[114.0153,-25.6169],[113.9995,-25.6022],[114.0003,-25.6072],[114.0154,-25.6205],[114.0042,-25.6185],[114.0197,-25.6323],[114.0182,-25.6296],[114.0218,-25.631],[114.0162,-25.6241],[114.0192,-25.6241],[114.041,-25.6602],[114.0484,-25.6673],[114.0363,-25.6594],[114.0354,-25.6625],[114.0911,-25.6964],[114.1196,-25.7282],[114.1136,-25.7255],[114.1225,-25.7373],[114.1141,-25.7432],[114.1219,-25.7495],[114.1178,-25.749],[114.1194,-25.7553],[114.1324,-25.7639],[114.1281,-25.7631],[114.1334,-25.7717],[114.1367,-25.7687],[114.1463,-25.7802],[114.1452,-25.7823],[114.1403,-25.7803],[114.1325,-25.7723],[114.1345,-25.7781],[114.1522,-25.7882],[114.1647,-25.8057],[114.1684,-25.8061],[114.1636,-25.8034],[114.1664,-25.8016],[114.1721,-25.8064],[114.1755,-25.8126],[114.168,-25.8113],[114.1966,-25.8339],[114.1934,-25.8348],[114.1987,-25.8356],[114.2071,-25.8518],[114.2054,-25.853],[114.227,-25.862],[114.2301,-25.867],[114.2264,-25.8698],[114.2332,-25.8687],[114.2321,-25.8757],[114.2457,-25.8806],[114.2591,-25.8807],[114.2668,-25.8877],[114.2646,-25.8963],[114.2481,-25.9235],[114.247,-25.9365],[114.2494,-25.947],[114.2472,-25.9556],[114.252,-25.9631],[114.2529,-25.973],[114.2576,-25.9833],[114.2653,-25.9821],[114.2569,-25.9897],[114.245,-25.9926],[114.2318,-25.9868],[114.2236,-25.9874],[114.2257,-25.9737],[114.2184,-25.9689],[114.1979,-25.9784],[114.1947,-25.9836],[114.1968,-25.9987],[114.2015,-26.0039],[114.1983,-26.0057],[114.2096,-26.0171],[114.2091,-26.0316],[114.2231,-26.044],[114.2226,-26.0565],[114.2373,-26.0702],[114.2374,-26.0751],[114.2393,-26.0727],[114.2409,-26.086],[114.2338,-26.1047],[114.2377,-26.1111],[114.236,-26.1178],[114.2468,-26.127],[114.2452,-26.1355],[114.2539,-26.1432],[114.3528,-26.1437],[114.3528,-25.9987],[114.7579,-25.9986],[114.7579,-25.9411],[114.8493,-25.9411],[114.8493,-25.8746],[114.9914,-25.8746],[114.9914,-25.5751],[114.9446,-25.5751],[114.9446,-25.4418],[114.9394,-25.4341],[114.9394,-25.4158],[114.9446,-25.4028],[114.9446,-25.3489],[114.8065,-25.349],[114.8065,-25.288],[114.8966,-25.288],[114.8966,-25.207],[114.807,-25.207],[114.8067,-24.9655],[114.8104,-24.9656],[114.8104,-24.9611],[114.8151,-24.9613],[114.8172,-24.9516],[114.821,-24.9514],[114.821,-24.9107],[114.9699,-24.9105],[114.9699,-24.9169],[115.0384,-24.9168],[115.0384,-24.9127],[115.1283,-24.9126],[115.1283,-24.8661],[115.1677,-24.8661],[115.1677,-24.7935],[115.1836,-24.7935],[115.1836,-24.6484],[115.149,-24.6484],[115.149,-24.5778],[114.988,-24.5795],[114.988,-24.4554],[114.995,-24.4555],[114.995,-24.239],[115.1132,-24.2377],[115.1125,-24.1225],[115.2109,-24.1186],[115.2107,-24.2242],[115.3854,-24.2246],[115.3845,-24.2739],[115.4448,-24.2739],[115.4448,-24.2417],[115.4624,-24.2417],[115.4624,-24.1691],[115.4812,-24.1691],[115.4812,-24.0873],[115.4769,-24.0873],[115.4769,-24.006],[115.4051,-24.006],[115.4052,-23.9619],[115.4085,-23.95],[115.4051,-23.9474],[115.4056,-23.9295],[115.4024,-23.9219],[115.4059,-23.9105],[115.4196,-23.8878],[115.4287,-23.8475],[115.4175,-23.8041],[115.4252,-23.7993],[115.4705,-23.7995],[115.4705,-23.7787],[115.5691,-23.7787],[115.569,-23.6754],[115.6048,-23.6753],[115.6047,-23.5754],[115.5257,-23.5754],[115.524,-23.4867],[115.5321,-23.4847],[115.4781,-23.4847],[115.478,-23.3921],[115.1955,-23.3921],[115.1955,-23.4523],[114.7372,-23.4523],[114.7374,-23.3897],[114.6319,-23.3897],[114.6321,-23.22],[114.6733,-23.2201],[114.6731,-23.1294],[114.5452,-23.1295],[114.545,-23.0737],[114.4794,-23.0738],[114.4794,-23.0183],[114.5977,-23.0183],[114.5977,-23.0113],[114.5561,-22.9832],[114.5316,-22.9622],[114.5026,-22.9303],[114.4794,-22.8999],[114.4557,-22.8546],[114.2002,-22.8548],[114.2002,-22.7907],[113.8939,-22.7909],[113.8939,-22.9272],[113.8188,-22.9272],[113.8262,-22.956],[113.8248,-22.9736],[113.8198,-22.9771],[113.8295,-22.9949],[113.8276,-23.0423],[113.8218,-23.0505],[113.8125,-23.0828],[113.8082,-23.0888],[113.7872,-23.1084],[113.7606,-23.1205],[113.7709,-23.1306],[113.7706,-23.1418],[113.7662,-23.1454],[113.7684,-23.1525],[113.7649,-23.1579],[113.7664,-23.1688],[113.7638,-23.1778],[113.7716,-23.1861],[113.7744,-23.1946],[113.7704,-23.2178],[113.7833,-23.2524],[113.7835,-23.2722],[113.7919,-23.2838],[113.7945,-23.2971],[113.7899,-23.3211],[113.7916,-23.3295],[113.7881,-23.3652],[113.7862,-23.3707],[113.7792,-23.3737],[113.7769,-23.3789],[113.7765,-23.3915],[113.7823,-23.4029],[113.7835,-23.4154],[113.7773,-23.4808],[113.7655,-23.4939],[113.764,-23.5136],[113.7533,-23.5282],[113.7375,-23.5407],[113.7259,-23.545],[113.7005,-23.5752],[113.6745,-23.5905],[113.6509,-23.5996],[113.6362,-23.6189],[113.6207,-23.6239],[113.6132,-23.6309],[113.6142,-23.6467],[113.5966,-23.6634],[113.5917,-23.6989],[113.5791,-23.716],[113.5768,-23.7213],[113.5786,-23.7262],[113.5673,-23.7522],[113.555,-23.7656],[113.5459,-23.767],[113.5402,-23.7641],[113.527,-23.7833],[113.5202,-23.7976],[113.5217,-23.8074],[113.5138,-23.8473],[113.4971,-23.8732],[113.4812,-23.8851],[113.4703,-23.8986],[113.4714,-23.9114],[113.465,-23.9256],[113.4709,-23.9665],[113.4587,-24.0136],[113.4469,-24.0322],[113.4329,-24.0314],[113.4222,-24.0429],[113.428,-24.0558],[113.4281,-24.0807],[113.4194,-24.0903],[113.4418,-24.1344],[113.4447,-24.1464],[113.4433,-24.1817],[113.4295,-24.2044],[113.4091,-24.2235],[113.3902,-24.224],[113.4062,-24.3031],[113.4031,-24.3313],[113.4073,-24.3621],[113.4035,-24.3667],[113.4032,-24.3975],[113.3995,-24.4114],[113.407,-24.4842],[113.4192,-24.4917],[113.4276,-24.5156],[113.4356,-24.5216],[113.4493,-24.5429],[113.4719,-24.5577],[113.4899,-24.576],[113.5187,-24.6184],[113.5766,-24.6845],[113.6232,-24.746],[113.6323,-24.7729],[113.6327,-24.7974],[113.6301,-24.8177],[113.6225,-24.8317],[113.6264,-24.8289],[113.6202,-24.8497],[113.62,-24.8363],[113.6229,-24.8345],[113.6195,-24.8345],[113.6209,-24.8318],[113.6187,-24.8336],[113.6182,-24.8447],[113.6159,-24.8445],[113.6175,-24.8586],[113.6184,-24.8545],[113.6204,-24.8604],[113.6311,-24.8596],[113.6304,-24.8641],[113.6441,-24.8648],[113.6765,-24.8487],[113.7006,-24.8527],[113.7069,-24.8507],[113.7055,-24.8549],[113.6805,-24.8563],[113.6639,-24.8639]]],[[[114.0667,-25.6857],[114.07,-25.6861],[114.0663,-25.6836],[114.0667,-25.6857]]],[[[113.1028,-25.1783],[113.102,-25.1585],[113.11,-25.1423],[113.1124,-25.1279],[113.1101,-25.1255],[113.1107,-25.1068],[113.1171,-25.0983],[113.1196,-25.0744],[113.1282,-25.06],[113.1173,-25.0311],[113.1246,-25.0124],[113.1242,-25.0078],[113.1204,-25.0058],[113.1184,-24.9922],[113.1165,-25.0162],[113.1016,-25.0327],[113.1005,-25.0436],[113.0903,-25.0599],[113.0915,-25.066],[113.0877,-25.0698],[113.0948,-25.1211],[113.0874,-25.1921],[113.0693,-25.2314],[113.076,-25.2732],[113.0815,-25.2679],[113.0828,-25.2474],[113.0888,-25.2375],[113.0905,-25.2207],[113.0877,-25.2133],[113.0914,-25.2019],[113.0911,-25.1879],[113.1028,-25.1783]]],[[[113.1595,-24.7494],[113.161,-24.7503],[113.1607,-24.7485],[113.1595,-24.7494]]],[[[114.238,-26.0858],[114.2381,-26.0795],[114.2369,-26.0754],[114.2369,-26.0834],[114.238,-26.0858]]],[[[114.0684,-25.69],[114.0721,-25.6896],[114.0675,-25.688],[114.0684,-25.69]]],[[[114.2295,-26.1147],[114.2273,-26.1126],[114.225,-26.1121],[114.2295,-26.1147]]],[[[114.2309,-26.1025],[114.2327,-26.1025],[114.2327,-26.1022],[114.2309,-26.1025]]],[[[114.2267,-26.1097],[114.2278,-26.1097],[114.2267,-26.1088],[114.2267,-26.1097]]],[[[114.2309,-26.1101],[114.2316,-26.1101],[114.2312,-26.1096],[114.2309,-26.1101]]],[[[113.8846,-25.3338],[113.8839,-25.3307],[113.8768,-25.3236],[113.8792,-25.3315],[113.8846,-25.3338]]],[[[113.8855,-25.3323],[113.8884,-25.3345],[113.8858,-25.3319],[113.8855,-25.3323]]],[[[113.8814,-25.3239],[113.8828,-25.3239],[113.8809,-25.3226],[113.8814,-25.3239]]],[[[113.8892,-25.3381],[113.8892,-25.3367],[113.8887,-25.3369],[113.8892,-25.3381]]],[[[113.1261,-24.8927],[113.1306,-24.9166],[113.124,-24.9389],[113.119,-24.9869],[113.129,-24.9716],[113.1274,-24.9643],[113.1333,-24.9577],[113.1336,-24.9522],[113.1498,-24.9351],[113.1492,-24.9269],[113.1437,-24.9261],[113.141,-24.9212],[113.1422,-24.8877],[113.1378,-24.8711],[113.1462,-24.8592],[113.1489,-24.8514],[113.1468,-24.8494],[113.159,-24.8276],[113.1651,-24.8045],[113.1633,-24.7914],[113.1664,-24.7818],[113.1601,-24.7659],[113.1597,-24.7546],[113.1542,-24.7574],[113.151,-24.7713],[113.1402,-24.7913],[113.1377,-24.8218],[113.128,-24.8441],[113.1255,-24.86],[113.1261,-24.8927]]],[[[114.0311,-25.6512],[114.0314,-25.6471],[114.0275,-25.6421],[114.0257,-25.6437],[114.024,-25.6381],[114.0239,-25.6451],[114.0311,-25.6512]]],[[[114.0543,-25.68],[114.0636,-25.6839],[114.0539,-25.677],[114.0543,-25.68]]],[[[114.0258,-25.6619],[114.0286,-25.6607],[114.0234,-25.656],[114.0224,-25.6577],[114.0258,-25.6619]]],[[[114.0337,-25.6514],[114.0347,-25.6506],[114.0338,-25.6501],[114.0337,-25.6514]]],[[[114.024,-25.6372],[114.0255,-25.6367],[114.0236,-25.6363],[114.024,-25.6372]]],[[[114.0206,-25.6336],[114.0224,-25.6337],[114.0206,-25.633],[114.0206,-25.6336]]],[[[114.0327,-25.6547],[114.0343,-25.6544],[114.0333,-25.6534],[114.0327,-25.6547]]],[[[114.0022,-25.6155],[114.0038,-25.6156],[114.0036,-25.6151],[114.0022,-25.6155]]],[[[113.1668,-24.798],[113.1686,-24.7985],[113.1676,-24.7974],[113.1668,-24.798]]],[[[113.9099,-25.4004],[113.9117,-25.4008],[113.9097,-25.399],[113.9099,-25.4004]]],[[[113.4077,-24.4889],[113.4096,-24.4892],[113.4094,-24.488],[113.4077,-24.4889]]],[[[113.6412,-24.8971],[113.6373,-24.8912],[113.6429,-24.8938],[113.639,-24.8858],[113.6435,-24.8802],[113.6438,-24.8711],[113.6285,-24.8709],[113.6259,-24.8728],[113.6284,-24.8776],[113.6199,-24.8717],[113.6347,-24.8866],[113.6384,-24.9018],[113.6412,-24.8971]]],[[[113.6405,-24.8853],[113.6475,-24.8906],[113.6534,-24.8863],[113.645,-24.8809],[113.6405,-24.8853]]],[[[113.6287,-24.8644],[113.6176,-24.8643],[113.6161,-24.8684],[113.6287,-24.8644]]],[[[113.619,-24.8628],[113.6205,-24.8621],[113.618,-24.8609],[113.619,-24.8628]]]]}},{"type":"Feature","properties":{"lga_name":"Chapman Valley"},"geometry":{"type":"Polygon","coordinates":[[[114.7459,-28.4055],[114.737,-28.4057],[114.7368,-28.4131],[114.7425,-28.4219],[114.7241,-28.4219],[114.7241,-28.4373],[114.6795,-28.4374],[114.6796,-28.4409],[114.6877,-28.4409],[114.6877,-28.4562],[114.6794,-28.4562],[114.6788,-28.4809],[114.6673,-28.4821],[114.6673,-28.4908],[114.6452,-28.4905],[114.6451,-28.4992],[114.6326,-28.499],[114.6326,-28.4959],[114.6272,-28.4958],[114.6267,-28.504],[114.6308,-28.5093],[114.6315,-28.5199],[114.6285,-28.52],[114.6306,-28.5373],[114.6154,-28.5372],[114.614,-28.5307],[114.5964,-28.5307],[114.5969,-28.5254],[114.5855,-28.5254],[114.5832,-28.5206],[114.5712,-28.5289],[114.5733,-28.5341],[114.5596,-28.5442],[114.5637,-28.5519],[114.5624,-28.5564],[114.5754,-28.5786],[114.5823,-28.5842],[114.6017,-28.6241],[114.603,-28.6345],[114.6068,-28.638],[114.6041,-28.6427],[114.6054,-28.649],[114.6127,-28.6656],[114.6294,-28.6678],[114.6295,-28.6747],[114.6427,-28.6747],[114.6427,-28.6707],[114.6672,-28.6726],[114.6662,-28.7084],[114.6884,-28.707],[114.6927,-28.7043],[114.6956,-28.7071],[114.6956,-28.7189],[114.6919,-28.7202],[114.6919,-28.727],[114.7476,-28.7261],[114.7478,-28.7134],[114.7557,-28.7134],[114.7556,-28.6845],[114.7384,-28.6866],[114.7388,-28.6534],[114.759,-28.6536],[114.7614,-28.6481],[114.7807,-28.6528],[114.7844,-28.6528],[114.7845,-28.648],[114.8049,-28.6505],[114.805,-28.6446],[114.8311,-28.6449],[114.8372,-28.6491],[114.846,-28.6493],[114.8448,-28.6355],[114.9662,-28.6349],[114.9662,-28.6446],[115.0259,-28.6446],[115.0259,-28.6555],[115.0484,-28.6555],[115.0484,-28.6504],[115.0664,-28.6504],[115.0752,-28.6448],[115.0726,-28.6329],[115.0799,-28.6277],[115.091,-28.6116],[115.088,-28.601],[115.0897,-28.5951],[115.1021,-28.5913],[115.1105,-28.5819],[115.1174,-28.589],[115.1221,-28.5885],[115.1269,-28.5772],[115.1376,-28.5686],[115.1429,-28.5571],[115.169,-28.5524],[115.1706,-28.5403],[115.166,-28.5321],[115.1754,-28.5269],[115.178,-28.5021],[115.1888,-28.5011],[115.1952,-28.4966],[115.2051,-28.4981],[115.2122,-28.4933],[115.2112,-28.4889],[115.1982,-28.4848],[115.2033,-28.4647],[115.1907,-28.4556],[115.1916,-28.4504],[115.212,-28.4434],[115.2221,-28.447],[115.2227,-28.4516],[115.2329,-28.4516],[115.2329,-28.4464],[115.2421,-28.4414],[115.2499,-28.4544],[115.2476,-28.4638],[115.2528,-28.4667],[115.2699,-28.461],[115.2751,-28.4502],[115.2877,-28.444],[115.2819,-28.428],[115.285,-28.4223],[115.2987,-28.4265],[115.3074,-28.4187],[115.3222,-28.4223],[115.3332,-28.4137],[115.3452,-28.4147],[115.3561,-28.41],[115.3604,-28.3979],[115.3694,-28.3916],[115.3667,-28.3804],[115.3804,-28.3565],[115.3767,-28.3465],[115.4044,-28.3332],[115.4163,-28.3224],[115.4326,-28.3223],[115.4387,-28.3045],[115.4484,-28.2918],[115.4489,-28.2826],[115.442,-28.2725],[115.4454,-28.2616],[115.4495,-28.2556],[115.4646,-28.2478],[115.4721,-28.24],[115.4787,-28.2391],[115.4873,-28.2286],[115.4875,-28.2261],[115.4838,-28.2272],[115.4958,-28.2062],[115.4387,-28.2062],[115.4387,-28.2174],[115.4163,-28.2174],[115.4162,-28.1962],[115.4048,-28.1963],[115.4049,-28.0032],[115.321,-28.0021],[115.321,-27.9375],[115.3552,-27.9378],[115.3552,-27.8975],[115.3197,-27.8975],[115.3197,-27.818],[115.2593,-27.818],[115.2593,-27.9151],[115.2518,-27.9151],[115.2518,-27.9372],[115.1948,-27.9352],[115.1834,-27.9405],[115.129,-27.9376],[115.12,-27.9425],[115.1021,-27.9409],[115.0788,-27.9521],[115.0589,-27.953],[115.0575,-28.0061],[115.0518,-28.0061],[115.0518,-28.0242],[115.0393,-28.0242],[115.0393,-28.0469],[115.0209,-28.1609],[114.9893,-28.1687],[114.984,-28.2169],[114.7694,-28.2171],[114.7694,-28.2628],[114.7917,-28.2628],[114.7917,-28.2755],[114.796,-28.2755],[114.796,-28.3387],[114.7905,-28.3387],[114.7905,-28.354],[114.782,-28.354],[114.782,-28.3725],[114.7613,-28.3831],[114.7551,-28.3913],[114.7465,-28.3949],[114.7459,-28.4055]]]}},{"type":"Feature","properties":{"lga_name":"Chittering"},"geometry":{"type":"Polygon","coordinates":[[[116.0068,-31.3517],[115.9676,-31.3516],[115.9717,-31.3828],[115.9887,-31.3828],[115.9887,-31.3919],[115.9989,-31.3954],[115.9989,-31.4746],[115.9371,-31.4737],[115.9359,-31.4761],[115.9252,-31.4761],[115.9238,-31.4714],[115.8558,-31.4743],[115.8552,-31.5737],[115.8598,-31.5736],[115.8596,-31.6272],[115.9852,-31.6276],[115.9852,-31.6242],[115.9932,-31.6242],[115.9849,-31.6028],[116.0109,-31.6025],[116.0093,-31.6002],[116.0238,-31.6023],[116.0238,-31.5986],[116.0355,-31.6003],[116.0356,-31.5972],[116.0544,-31.5972],[116.0544,-31.6003],[116.1026,-31.5979],[116.1507,-31.6002],[116.1507,-31.5276],[116.1658,-31.5277],[116.1652,-31.3543],[116.2456,-31.3541],[116.2448,-31.2162],[116.2475,-31.1807],[116.2345,-31.178],[116.2346,-31.1158],[116.2319,-31.116],[116.2321,-31.1091],[116.2254,-31.1091],[116.2255,-31.1024],[116.2213,-31.1023],[116.2213,-31.089],[116.0484,-31.089],[116.0533,-31.1223],[116.0517,-31.1488],[116.0562,-31.1696],[116.0454,-31.1942],[116.043,-31.21],[116.0388,-31.2154],[116.0374,-31.2294],[116.0409,-31.2396],[116.0385,-31.2477],[116.0427,-31.2758],[116.0325,-31.3],[116.023,-31.3063],[116.0291,-31.3178],[116.0286,-31.3226],[116.0077,-31.3402],[116.0068,-31.3517]]]}},{"type":"Feature","properties":{"lga_name":"Claremont"},"geometry":{"type":"Polygon","coordinates":[[[115.767,-31.9753],[115.7668,-31.9846],[115.7718,-31.9825],[115.7718,-31.9866],[115.7662,-31.9934],[115.7729,-31.9935],[115.7732,-31.9897],[115.7769,-31.9884],[115.7927,-31.9916],[115.7927,-31.9888],[115.7883,-31.9887],[115.7911,-31.9864],[115.7916,-31.969],[115.7724,-31.9701],[115.7717,-31.9739],[115.767,-31.9753]]]}},{"type":"Feature","properties":{"lga_name":"Cockburn"},"geometry":{"type":"MultiPolygon","coordinates":[[[[115.8669,-32.0814],[115.8344,-32.0795],[115.8252,-32.0739],[115.8173,-32.0772],[115.8159,-32.0745],[115.7656,-32.0746],[115.7657,-32.0783],[115.7611,-32.0782],[115.7611,-32.0821],[115.7578,-32.0821],[115.7578,-32.0782],[115.7504,-32.078],[115.751,-32.0849],[115.7589,-32.0964],[115.7557,-32.0971],[115.7559,-32.1007],[115.7626,-32.1077],[115.762,-32.1172],[115.7555,-32.1298],[115.7373,-32.135],[115.7436,-32.1358],[115.7438,-32.1382],[115.7476,-32.1348],[115.7549,-32.1354],[115.7621,-32.1405],[115.7617,-32.1384],[115.7654,-32.1396],[115.7665,-32.1524],[115.7602,-32.1448],[115.7617,-32.1509],[115.7659,-32.1533],[115.7665,-32.1606],[115.7627,-32.1616],[115.7704,-32.1671],[115.7749,-32.1814],[115.8986,-32.1802],[115.8969,-32.1361],[115.9159,-32.1145],[115.8906,-32.0921],[115.8921,-32.0822],[115.8756,-32.0821],[115.8668,-32.0855],[115.8669,-32.0814]]],[[[115.6654,-32.1256],[115.6659,-32.1256],[115.6655,-32.1255],[115.6654,-32.1256]]],[[[115.6651,-32.1194],[115.6589,-32.1204],[115.6653,-32.1248],[115.6651,-32.1194]]],[[[115.5541,-32.0132],[115.5559,-32.0136],[115.5545,-32.0126],[115.5541,-32.0132]]],[[[115.5411,-31.994],[115.5432,-31.9905],[115.5397,-31.9882],[115.5281,-31.9904],[115.5259,-31.9873],[115.5215,-31.9917],[115.5113,-31.9876],[115.4934,-31.996],[115.4874,-32.0011],[115.4852,-32.0082],[115.4772,-32.0138],[115.4569,-32.0157],[115.454,-32.0184],[115.4559,-32.0202],[115.45,-32.022],[115.4498,-32.0262],[115.4702,-32.0223],[115.4769,-32.0159],[115.4947,-32.0195],[115.5076,-32.013],[115.5175,-32.0161],[115.5203,-32.0242],[115.5276,-32.0276],[115.5317,-32.015],[115.5512,-32.0125],[115.5584,-32.0046],[115.5453,-32.0],[115.5411,-31.994]]],[[[115.5498,-32.0198],[115.5515,-32.0196],[115.5501,-32.0188],[115.5498,-32.0198]]]]}},{"type":"Feature","properties":{"lga_name":"Collie"},"geometry":{"type":"Polygon","coordinates":[[[116.1469,-33.0849],[116.1467,-33.2242],[116.1419,-33.2243],[116.1448,-33.2319],[116.0085,-33.2319],[116.0312,-33.213],[116.0312,-33.1912],[116.021,-33.1886],[116.0144,-33.183],[116.0103,-33.1905],[116.0147,-33.2018],[116.0024,-33.2108],[115.9926,-33.2135],[115.983,-33.2105],[115.9622,-33.2221],[115.9552,-33.2226],[115.9507,-33.2195],[115.9466,-33.2217],[115.947,-33.2899],[115.9186,-33.29],[115.9189,-33.3391],[115.9279,-33.3417],[115.9279,-33.3489],[115.919,-33.3489],[115.9192,-33.3786],[115.937,-33.3781],[115.9392,-33.3889],[115.9622,-33.3955],[115.9677,-33.4018],[115.9798,-33.4016],[115.9831,-33.4118],[115.9864,-33.4008],[115.9925,-33.399],[115.9946,-33.4099],[116.0011,-33.4083],[116.0036,-33.4137],[116.002,-33.4238],[116.0079,-33.4287],[116.0051,-33.4316],[116.0177,-33.4305],[116.0084,-33.4254],[116.0121,-33.4224],[116.0056,-33.4222],[116.0102,-33.4128],[116.01,-33.4083],[116.0051,-33.4062],[116.0114,-33.4024],[116.0201,-33.4033],[116.0205,-33.4008],[116.0091,-33.396],[116.0157,-33.3921],[116.0116,-33.3903],[116.0171,-33.3853],[116.0081,-33.3798],[116.0085,-33.3729],[116.0037,-33.372],[116.0057,-33.3672],[116.0019,-33.3673],[116.0006,-33.3636],[116.0078,-33.3606],[116.0088,-33.3554],[116.0169,-33.3561],[116.0233,-33.3474],[116.0329,-33.3472],[116.0406,-33.3528],[116.0493,-33.3544],[116.0545,-33.3508],[116.0532,-33.347],[116.058,-33.3477],[116.0579,-33.3607],[116.0233,-33.3609],[116.0236,-33.4405],[116.0642,-33.4404],[116.0642,-33.485],[116.1328,-33.4868],[116.1328,-33.5133],[116.1968,-33.5135],[116.279,-33.5525],[116.2991,-33.5525],[116.2926,-33.5423],[116.2945,-33.5398],[116.2885,-33.5289],[116.2898,-33.5258],[116.277,-33.5151],[116.2657,-33.4994],[116.3246,-33.5024],[116.3246,-33.4952],[116.3332,-33.4952],[116.3332,-33.4729],[116.3823,-33.4562],[116.3827,-33.3434],[116.3892,-33.3434],[116.3891,-33.3073],[116.399,-33.2315],[116.404,-33.2315],[116.404,-33.1949],[116.4124,-33.1949],[116.4094,-32.9946],[116.3543,-32.9946],[116.3543,-33.0118],[116.2845,-33.0118],[116.2844,-33.0303],[116.2089,-33.0304],[116.2091,-33.0851],[116.1469,-33.0849]]]}},{"type":"Feature","properties":{"lga_name":"Coolgardie"},"geometry":{"type":"Polygon","coordinates":[[[120.0139,-30.1611],[120.0097,-31.8667],[122.3977,-31.8667],[122.3996,-31.1803],[121.594,-31.1813],[121.594,-31.0788],[121.5602,-31.0788],[121.5602,-31.0897],[121.5349,-31.0897],[121.535,-31.0171],[121.3657,-30.811],[121.3296,-30.7724],[121.2429,-30.6607],[121.0705,-30.4482],[120.8459,-30.4482],[120.8455,-30.1608],[120.5204,-30.163],[120.0139,-30.1611]]]}},{"type":"Feature","properties":{"lga_name":"Coorow"},"geometry":{"type":"MultiPolygon","coordinates":[[[[114.9791,-29.9357],[114.9701,-29.9645],[114.9628,-29.9739],[114.9631,-29.9948],[114.9695,-30.0079],[114.9633,-30.0153],[114.9638,-30.0219],[114.955,-30.0506],[114.9584,-30.0489],[114.9653,-30.0544],[114.963,-30.0722],[114.968,-30.0749],[114.9722,-30.0719],[114.9774,-30.073],[114.9843,-30.0795],[115.0039,-30.1443],[115.0438,-30.1448],[115.0437,-30.112],[115.0377,-30.1119],[115.0376,-30.0744],[115.0794,-30.0743],[115.0792,-30.1059],[115.2128,-30.1063],[115.2126,-30.1126],[115.217,-30.1126],[115.217,-30.1444],[115.2344,-30.1445],[115.2345,-30.1727],[115.481,-30.1729],[115.481,-30.2046],[115.4843,-30.2053],[115.5304,-30.2086],[115.5725,-30.1987],[115.5811,-30.1911],[115.5905,-30.1945],[115.6472,-30.1906],[115.6879,-30.1772],[115.7658,-30.1422],[115.7949,-30.1349],[115.795,-30.2053],[115.8359,-30.1955],[115.8762,-30.1957],[115.8762,-30.176],[115.979,-30.1758],[115.979,-30.1842],[115.9921,-30.1844],[115.9981,-30.1844],[115.9981,-30.1801],[116.0069,-30.1779],[116.12,-30.1777],[116.12,-30.1836],[116.1522,-30.1836],[116.1522,-30.2],[116.1762,-30.2025],[116.1761,-30.1995],[116.1857,-30.1996],[116.1857,-30.1912],[116.2636,-30.1914],[116.2636,-30.1631],[116.2957,-30.1631],[116.2957,-30.1862],[116.3537,-30.1861],[116.3567,-30.1749],[116.3707,-30.1747],[116.3708,-30.1384],[116.3587,-30.135],[116.3588,-30.1272],[116.3533,-30.1272],[116.3564,-29.9622],[116.3225,-29.9623],[116.3223,-29.9111],[116.3203,-29.9044],[116.317,-29.9044],[116.317,-29.8954],[116.3079,-29.8954],[116.3076,-29.8602],[116.2952,-29.8603],[116.2954,-29.8338],[116.2908,-29.8337],[116.2898,-29.8202],[116.3052,-29.8202],[116.3052,-29.8148],[116.2967,-29.8148],[116.2946,-29.8038],[116.2967,-29.8003],[116.2915,-29.8036],[116.2714,-29.8005],[116.2732,-29.7913],[116.2463,-29.7913],[116.2459,-29.7635],[116.217,-29.7636],[116.217,-29.7732],[116.1881,-29.7732],[116.1881,-29.7636],[116.18,-29.7636],[116.1797,-29.749],[116.1379,-29.7519],[116.1379,-29.7711],[116.1335,-29.7711],[116.1336,-29.7814],[116.112,-29.7812],[116.1119,-29.7934],[116.0895,-29.7932],[116.0895,-29.7877],[116.0263,-29.7876],[116.0279,-29.8229],[116.0141,-29.8229],[116.0055,-29.8267],[115.9872,-29.8095],[115.9716,-29.8171],[115.9638,-29.8305],[115.9656,-29.8367],[115.9309,-29.8366],[115.9309,-29.8526],[115.8976,-29.8526],[115.8976,-29.9039],[115.8401,-29.9039],[115.8346,-29.8921],[115.7277,-29.8921],[115.2561,-29.9464],[115.211,-29.9464],[115.2111,-29.9421],[115.1344,-29.9421],[115.1344,-29.9321],[115.1442,-29.9173],[115.1221,-29.9173],[115.1136,-29.9325],[115.1055,-29.9351],[114.9791,-29.9357]]],[[[114.9418,-30.1373],[114.943,-30.1386],[114.9432,-30.1373],[114.9418,-30.1373]]],[[[114.9436,-30.1296],[114.9453,-30.1302],[114.9451,-30.1293],[114.9436,-30.1296]]],[[[114.9564,-30.0371],[114.9571,-30.0374],[114.9571,-30.0368],[114.9564,-30.0371]]],[[[114.9602,-30.024],[114.9612,-30.0243],[114.9601,-30.0237],[114.9602,-30.024]]],[[[114.9608,-29.9759],[114.9615,-29.9756],[114.9607,-29.9755],[114.9608,-29.9759]]],[[[114.9738,-29.9443],[114.9742,-29.9454],[114.9745,-29.9452],[114.9738,-29.9443]]],[[[114.9744,-29.9411],[114.9753,-29.9416],[114.9748,-29.9408],[114.9744,-29.9411]]]]}},{"type":"Feature","properties":{"lga_name":"Corrigin"},"geometry":{"type":"Polygon","coordinates":[[[117.5189,-32.4279],[117.5189,-32.446],[117.5238,-32.4503],[117.5203,-32.474],[117.5237,-32.474],[117.5237,-32.4783],[117.5388,-32.4783],[117.5388,-32.4819],[117.5334,-32.4819],[117.5334,-32.4945],[117.5547,-32.4945],[117.5545,-32.5003],[117.5483,-32.5003],[117.548,-32.5061],[117.5623,-32.4994],[117.5623,-32.5077],[117.5688,-32.5078],[117.5688,-32.5127],[117.5732,-32.5127],[117.5739,-32.541],[117.5993,-32.541],[117.5993,-32.5553],[117.6338,-32.5553],[117.6403,-32.5881],[117.638,-32.5955],[117.6498,-32.5955],[117.6498,-32.589],[117.6765,-32.5892],[117.6765,-32.5847],[117.6934,-32.5847],[117.6934,-32.5777],[117.7059,-32.5759],[117.7059,-32.5853],[117.7155,-32.5853],[117.7155,-32.593],[117.7262,-32.593],[117.7262,-32.5765],[117.73,-32.5781],[117.73,-32.5855],[117.7501,-32.5855],[117.7501,-32.5781],[117.7776,-32.5805],[117.7697,-32.5925],[117.8245,-32.5925],[117.8462,-32.6017],[117.8848,-32.6017],[117.8848,-32.5987],[117.9065,-32.6023],[117.9069,-32.5676],[118.0155,-32.5649],[118.0155,-32.5432],[118.0198,-32.5432],[118.0192,-32.4868],[118.0397,-32.487],[118.0422,-32.475],[118.0929,-32.475],[118.0928,-32.4385],[118.0853,-32.4385],[118.0853,-32.4141],[118.0977,-32.4141],[118.0977,-32.4212],[118.1041,-32.4212],[118.1041,-32.4122],[118.1006,-32.4122],[118.1229,-32.3932],[118.1461,-32.3801],[118.1696,-32.3797],[118.1692,-32.3582],[118.2035,-32.3582],[118.2035,-32.3371],[118.1855,-32.3216],[118.1852,-32.2814],[118.1949,-32.2814],[118.1948,-32.2496],[118.2083,-32.2496],[118.2083,-32.2308],[118.1896,-32.2309],[118.1896,-32.2366],[118.1743,-32.2366],[118.1742,-32.2316],[118.1404,-32.2316],[118.1403,-32.2282],[118.1251,-32.2283],[118.1251,-32.2304],[118.078,-32.2282],[118.0848,-32.2015],[118.0902,-32.1958],[118.0823,-32.1958],[118.0823,-32.1911],[118.017,-32.192],[118.0169,-32.1736],[117.9918,-32.1737],[117.9814,-32.1651],[117.9281,-32.1628],[117.9245,-32.1575],[117.8913,-32.1543],[117.8653,-32.1562],[117.8573,-32.155],[117.8573,-32.1527],[117.8348,-32.1528],[117.8348,-32.1496],[117.8058,-32.1497],[117.8058,-32.1697],[117.7937,-32.1696],[117.7937,-32.16],[117.6333,-32.1621],[117.6393,-32.1681],[117.6295,-32.1671],[117.6294,-32.1764],[117.6222,-32.1753],[117.6222,-32.1885],[117.5801,-32.1889],[117.5803,-32.1958],[117.5534,-32.1977],[117.5535,-32.2051],[117.5279,-32.2031],[117.5278,-32.1995],[117.4814,-32.2031],[117.4815,-32.1972],[117.4632,-32.1972],[117.4632,-32.2028],[117.4284,-32.2012],[117.4284,-32.226],[117.4121,-32.2261],[117.4127,-32.2497],[117.4211,-32.269],[117.4166,-32.3116],[117.4309,-32.3343],[117.4309,-32.3859],[117.4653,-32.3832],[117.4655,-32.4115],[117.462,-32.4115],[117.4613,-32.4154],[117.4645,-32.4208],[117.4695,-32.4212],[117.4703,-32.4268],[117.5189,-32.4279]]]}},{"type":"Feature","properties":{"lga_name":"Cottesloe "},"geometry":{"type":"Polygon","coordinates":[[[115.7528,-31.982],[115.7512,-32.0157],[115.7534,-32.0161],[115.7718,-31.9825],[115.7668,-31.9846],[115.7668,-31.982],[115.7528,-31.982]]]}},{"type":"Feature","properties":{"lga_name":"Cranbrook"},"geometry":{"type":"Polygon","coordinates":[[[116.9927,-34.1952],[116.983,-34.1952],[116.983,-34.1836],[116.9486,-34.1836],[116.9486,-34.2081],[116.9158,-34.208],[116.9158,-34.2155],[116.8854,-34.218],[116.88,-34.2176],[116.88,-34.2089],[116.8424,-34.2089],[116.8407,-34.2513],[116.7873,-34.2513],[116.7406,-34.2573],[116.6925,-34.2544],[116.6933,-34.2616],[116.6876,-34.2686],[116.6914,-34.2686],[116.6918,-34.2796],[116.7079,-34.2789],[116.7079,-34.3095],[116.699,-34.3086],[116.6976,-34.3701],[116.6777,-34.3735],[116.6777,-34.3944],[116.669,-34.3944],[116.669,-34.4191],[116.6991,-34.4242],[116.7268,-34.4376],[116.7634,-34.4443],[116.778,-34.4572],[116.798,-34.4687],[116.798,-34.4765],[116.8041,-34.4765],[116.8045,-34.4857],[116.798,-34.4857],[116.798,-34.5223],[116.7857,-34.5221],[116.7858,-34.5521],[116.7879,-34.5582],[116.8057,-34.5702],[116.8108,-34.5797],[116.8135,-34.5745],[116.8187,-34.5765],[116.8217,-34.5731],[116.8328,-34.5743],[116.8291,-34.5709],[116.8348,-34.5698],[116.8343,-34.5551],[116.8406,-34.5521],[116.8396,-34.5467],[116.8344,-34.5447],[116.8445,-34.5419],[116.843,-34.533],[116.8514,-34.5328],[116.8454,-34.5246],[116.8667,-34.5212],[116.8654,-34.5177],[116.8685,-34.5128],[116.8631,-34.5111],[116.8611,-34.5067],[116.8714,-34.5032],[116.8717,-34.5],[116.8824,-34.4986],[116.8853,-34.4922],[116.8829,-34.4889],[116.8893,-34.4835],[116.8932,-34.4841],[116.8943,-34.4441],[116.9498,-34.444],[116.9498,-34.4543],[117.1511,-34.4488],[117.151,-34.4646],[117.1888,-34.4646],[117.1916,-34.4548],[117.2241,-34.4548],[117.2241,-34.4405],[117.2657,-34.4405],[117.2665,-34.4641],[117.2869,-34.4641],[117.2851,-34.4569],[117.2918,-34.4539],[117.3194,-34.4539],[117.3194,-34.4493],[117.3526,-34.4498],[117.3526,-34.4764],[117.4223,-34.4765],[117.4223,-34.4631],[117.4736,-34.4626],[117.4736,-34.4379],[117.4837,-34.4436],[117.4837,-34.4289],[117.5074,-34.4291],[117.5074,-34.4017],[117.52,-34.4017],[117.52,-34.4084],[117.5319,-34.4084],[117.5319,-34.4015],[117.5643,-34.4018],[117.5643,-34.3991],[117.5761,-34.3991],[117.5777,-34.4029],[117.606,-34.4029],[117.606,-34.3998],[117.6241,-34.3998],[117.6241,-34.408],[117.6329,-34.408],[117.6329,-34.4139],[117.6757,-34.4114],[117.6758,-34.4055],[117.6829,-34.4046],[117.9869,-34.4056],[117.9888,-34.2578],[117.8401,-34.2579],[117.8401,-34.2496],[117.8052,-34.2496],[117.8052,-34.2524],[117.7825,-34.2502],[117.7771,-34.2565],[117.7456,-34.2565],[117.7498,-34.2439],[117.7461,-34.24],[117.739,-34.2474],[117.7387,-34.2575],[117.6646,-34.2575],[117.6646,-34.2521],[117.654,-34.2531],[117.6515,-34.2486],[117.6434,-34.2485],[117.6628,-34.2143],[117.6741,-34.2008],[117.6709,-34.1827],[117.6237,-34.183],[117.6237,-34.1945],[117.6133,-34.1945],[117.6136,-34.1854],[117.6027,-34.1836],[117.6027,-34.1809],[117.5785,-34.1809],[117.5785,-34.1707],[117.5704,-34.1707],[117.5704,-34.1677],[117.5654,-34.1677],[117.5653,-34.1726],[117.5069,-34.1733],[117.5069,-34.1488],[117.4376,-34.1496],[117.4376,-34.1314],[117.4273,-34.1314],[117.4273,-34.1247],[117.3979,-34.1247],[117.3979,-34.1343],[117.3739,-34.1343],[117.3653,-34.1104],[117.3451,-34.0939],[117.3405,-34.0939],[117.3389,-34.0887],[117.3182,-34.0886],[117.3171,-34.0951],[117.2596,-34.1054],[117.2036,-34.1428],[117.1948,-34.1428],[117.1948,-34.1398],[117.1892,-34.1398],[117.1892,-34.1428],[117.1504,-34.1419],[117.1503,-34.1579],[117.0704,-34.1563],[117.0703,-34.1839],[117.0114,-34.1838],[117.0114,-34.1908],[116.9935,-34.1909],[116.9927,-34.1952]]]}},{"type":"Feature","properties":{"lga_name":"Cuballing"},"geometry":{"type":"Polygon","coordinates":[[[116.9435,-32.7564],[116.9435,-32.8081],[116.9405,-32.808],[116.9405,-32.8172],[116.9459,-32.8154],[116.9459,-32.8245],[116.9394,-32.8245],[116.9394,-32.829],[116.9526,-32.829],[116.9526,-32.8368],[116.9493,-32.8368],[116.9491,-32.8602],[116.9516,-32.8617],[116.9714,-32.8617],[116.9756,-32.8632],[116.9756,-32.8679],[116.9898,-32.8673],[116.9898,-32.8717],[117.0182,-32.8699],[117.0181,-32.8774],[117.0664,-32.8752],[117.0698,-32.8717],[117.0897,-32.8687],[117.1398,-32.8692],[117.1451,-32.8669],[117.1887,-32.8709],[117.1864,-32.8625],[117.2055,-32.8625],[117.2055,-32.8907],[117.1969,-32.8907],[117.1965,-32.895],[117.2211,-32.895],[117.2211,-32.8832],[117.214,-32.8832],[117.214,-32.8716],[117.2211,-32.8716],[117.2211,-32.8663],[117.2348,-32.874],[117.2348,-32.8708],[117.2877,-32.8709],[117.2877,-32.874],[117.3229,-32.8568],[117.3386,-32.8587],[117.3386,-32.8496],[117.3427,-32.8479],[117.3811,-32.8391],[117.3811,-32.8283],[117.3893,-32.8267],[117.3898,-32.804],[117.361,-32.804],[117.361,-32.7628],[117.3577,-32.7402],[117.3633,-32.7402],[117.3633,-32.7347],[117.3701,-32.7347],[117.3701,-32.7305],[117.3815,-32.7306],[117.3815,-32.7266],[117.3898,-32.7268],[117.4021,-32.7163],[117.387,-32.6824],[117.3805,-32.6428],[117.363,-32.6252],[117.363,-32.622],[117.3545,-32.622],[117.3545,-32.616],[117.3373,-32.616],[117.3267,-32.6106],[117.3218,-32.6135],[117.3054,-32.5882],[117.2808,-32.5905],[117.2808,-32.5934],[117.2502,-32.5936],[117.2502,-32.5903],[117.243,-32.5903],[117.243,-32.5958],[117.2346,-32.5958],[117.2346,-32.5985],[117.23,-32.5985],[117.23,-32.5939],[117.1956,-32.5966],[117.1956,-32.5899],[117.1863,-32.5899],[117.1863,-32.6006],[117.1764,-32.6006],[117.1764,-32.5919],[117.1656,-32.5918],[117.1656,-32.5945],[117.1254,-32.5934],[117.1226,-32.6019],[117.1161,-32.6019],[117.1161,-32.5934],[117.0867,-32.5938],[117.0837,-32.5897],[117.0723,-32.5896],[117.0723,-32.5856],[117.0688,-32.5856],[117.0688,-32.5974],[117.0575,-32.5963],[117.0556,-32.5999],[117.0512,-32.5989],[117.0449,-32.6043],[117.0497,-32.6111],[117.0429,-32.612],[117.0339,-32.6192],[117.0271,-32.6176],[117.0237,-32.6237],[117.0186,-32.6224],[117.005,-32.6305],[117.0045,-32.6358],[116.976,-32.6404],[116.9716,-32.6491],[116.9591,-32.6449],[116.9504,-32.6524],[116.9422,-32.6489],[116.9268,-32.6613],[116.9081,-32.6602],[116.9079,-32.6664],[116.9124,-32.667],[116.9117,-32.6846],[116.916,-32.6847],[116.916,-32.7062],[116.9238,-32.7062],[116.9238,-32.7255],[116.9292,-32.7255],[116.9292,-32.7316],[116.934,-32.7316],[116.934,-32.7394],[116.9402,-32.745],[116.9401,-32.7564],[116.9435,-32.7564]]]}},{"type":"Feature","properties":{"lga_name":"Cue"},"geometry":{"type":"Polygon","coordinates":[[[117.1666,-27.4645],[117.1666,-27.6087],[117.3409,-27.6087],[117.3409,-27.687],[117.3858,-27.687],[117.3857,-27.7596],[117.4329,-27.7596],[117.4329,-27.687],[117.5672,-27.687],[117.5672,-27.5749],[117.591,-27.5749],[117.5911,-27.5783],[117.6745,-27.5783],[117.6745,-27.6427],[117.619,-27.6427],[117.619,-27.7879],[117.6842,-27.7879],[117.6842,-27.7009],[117.8486,-27.7009],[117.8486,-27.7404],[117.965,-27.7404],[117.965,-27.8257],[118.0057,-27.8257],[118.0057,-27.7635],[118.1364,-27.7635],[118.1364,-27.782],[118.2019,-27.782],[118.2019,-27.799],[118.3865,-27.7979],[118.3865,-27.7797],[118.5566,-27.7798],[118.5566,-27.7612],[118.6317,-27.7612],[118.6317,-27.7793],[118.7393,-27.7793],[118.7393,-27.6888],[118.6819,-27.6888],[118.6819,-27.3733],[118.8433,-27.3733],[118.8433,-27.3132],[118.8009,-27.3129],[118.801,-27.2269],[118.5753,-27.227],[118.5753,-27.1399],[118.5889,-27.1399],[118.5889,-27.0158],[118.508,-27.0158],[118.508,-26.9991],[118.3277,-26.999],[118.3277,-26.9897],[117.9992,-26.9927],[117.9992,-26.8574],[117.9947,-26.8574],[117.9738,-26.808],[117.9732,-26.776],[117.6216,-26.776],[117.6216,-26.6261],[117.5411,-26.6261],[117.5411,-26.7709],[117.4117,-26.771],[117.4117,-26.7002],[117.3467,-26.7002],[117.3467,-26.7598],[117.3265,-26.7598],[117.3265,-26.8049],[117.294,-26.8049],[117.2941,-26.9186],[117.3075,-26.9185],[117.3075,-27.194],[117.334,-27.194],[117.334,-27.2652],[117.256,-27.2652],[117.256,-27.2938],[117.1772,-27.2938],[117.1772,-27.4645],[117.1666,-27.4645]]]}},{"type":"Feature","properties":{"lga_name":"Cunderdin"},"geometry":{"type":"Polygon","coordinates":[[[117.0328,-31.4269],[116.9912,-31.4269],[116.991,-31.4482],[116.9658,-31.4483],[116.9658,-31.453],[116.8776,-31.4912],[116.8718,-31.4825],[116.8552,-31.4896],[116.8626,-31.5026],[116.8531,-31.5066],[116.8603,-31.5192],[116.8449,-31.5257],[116.8479,-31.5309],[116.8572,-31.5301],[116.8623,-31.539],[116.8749,-31.5337],[116.889,-31.5595],[116.886,-31.5609],[116.9128,-31.6065],[116.9354,-31.6411],[116.9394,-31.641],[116.9435,-31.6473],[116.9404,-31.6506],[116.9493,-31.6651],[116.9478,-31.6775],[116.9561,-31.6739],[116.9615,-31.683],[116.9435,-31.6907],[116.9893,-31.7613],[116.994,-31.7593],[116.9997,-31.7693],[117.0049,-31.7672],[117.0142,-31.7839],[117.0194,-31.7818],[117.0209,-31.7843],[117.0576,-31.7701],[117.0753,-31.7978],[117.0799,-31.7959],[117.0823,-31.8],[117.0871,-31.798],[117.0909,-31.8044],[117.1031,-31.8012],[117.1067,-31.8073],[117.1238,-31.7999],[117.1342,-31.8173],[117.1542,-31.8086],[117.1541,-31.8012],[117.1755,-31.8012],[117.1755,-31.798],[117.1854,-31.798],[117.1854,-31.7955],[117.2286,-31.7951],[117.2279,-31.8178],[117.2358,-31.8178],[117.2358,-31.8252],[117.2437,-31.8221],[117.2437,-31.8285],[117.2566,-31.8236],[117.2605,-31.83],[117.2558,-31.8322],[117.2619,-31.842],[117.2656,-31.8403],[117.2716,-31.85],[117.2806,-31.8459],[117.2886,-31.8562],[117.3113,-31.8468],[117.3088,-31.8423],[117.3155,-31.8395],[117.3183,-31.8451],[117.3251,-31.8423],[117.3265,-31.8448],[117.3271,-31.8418],[117.3911,-31.814],[117.3846,-31.7902],[117.3648,-31.7722],[117.3597,-31.7623],[117.3762,-31.7535],[117.3733,-31.7535],[117.3733,-31.736],[117.3556,-31.736],[117.3556,-31.7322],[117.3644,-31.7322],[117.3644,-31.7171],[117.3573,-31.7171],[117.3573,-31.6871],[117.3514,-31.6871],[117.3514,-31.6641],[117.3553,-31.6633],[117.3553,-31.6524],[117.3594,-31.6513],[117.362,-31.6414],[117.3558,-31.6417],[117.3557,-31.6182],[117.3394,-31.6182],[117.3394,-31.5974],[117.351,-31.5974],[117.351,-31.6011],[117.3594,-31.6011],[117.3594,-31.5958],[117.3758,-31.5957],[117.3758,-31.5857],[117.3793,-31.5858],[117.3802,-31.5456],[117.3778,-31.5456],[117.3779,-31.5318],[117.3758,-31.5317],[117.3759,-31.4804],[117.3731,-31.4777],[117.3839,-31.4777],[117.3839,-31.4593],[117.3563,-31.4592],[117.3563,-31.4518],[117.3608,-31.4518],[117.3608,-31.4481],[117.3661,-31.4481],[117.3661,-31.4445],[117.3768,-31.4445],[117.3768,-31.4338],[117.3682,-31.4337],[117.3682,-31.4366],[117.3351,-31.4367],[117.3382,-31.4112],[117.3317,-31.4112],[117.3318,-31.4021],[117.3259,-31.4021],[117.3186,-31.3965],[117.2904,-31.3945],[117.2904,-31.4038],[117.2321,-31.4027],[117.2233,-31.369],[117.2085,-31.369],[117.2085,-31.3763],[117.1861,-31.3762],[117.1862,-31.3705],[117.1721,-31.3705],[117.1721,-31.3763],[117.1573,-31.3762],[117.1573,-31.3804],[117.1426,-31.3804],[117.1426,-31.3964],[117.1331,-31.3964],[117.1331,-31.388],[117.0823,-31.3879],[117.0823,-31.3939],[117.0584,-31.3942],[117.0571,-31.4035],[117.0329,-31.4044],[117.0328,-31.4269]]]}},{"type":"Feature","properties":{"lga_name":"Dalwallinu"},"geometry":{"type":"Polygon","coordinates":[[[117.522,-29.9968],[117.5292,-29.9722],[117.5223,-29.9731],[117.5291,-29.9665],[117.5157,-29.9592],[117.5053,-29.9473],[117.505,-29.9408],[117.5121,-29.9278],[117.5235,-29.9286],[117.5221,-29.9265],[117.539,-29.9307],[117.5562,-29.945],[117.5675,-29.9488],[117.5821,-29.9474],[117.5843,-29.9446],[117.5943,-29.9497],[117.6052,-29.948],[117.6191,-29.9521],[117.6377,-29.9499],[117.6526,-29.9362],[117.6582,-29.9367],[117.659,-29.9343],[117.6558,-29.9344],[117.6578,-29.9276],[117.6602,-29.9326],[117.6612,-29.9277],[117.6645,-29.929],[117.662,-29.9206],[117.6666,-29.9197],[117.6616,-29.9149],[117.6668,-29.9049],[117.6656,-29.8991],[117.6712,-29.898],[117.6646,-29.8955],[117.6678,-29.892],[117.6651,-29.8906],[117.6663,-29.8868],[117.6702,-29.8844],[117.6665,-29.8822],[117.6702,-29.8791],[117.6645,-29.8778],[117.6685,-29.8745],[117.6628,-29.8724],[117.6662,-29.8701],[117.6622,-29.8682],[117.6635,-29.8661],[117.6459,-29.8538],[117.6456,-29.8573],[117.6417,-29.8561],[117.641,-29.8477],[117.6345,-29.8454],[117.6311,-29.8474],[117.6366,-29.851],[117.6329,-29.8515],[117.6245,-29.8489],[117.627,-29.845],[117.5967,-29.8515],[117.5734,-29.8675],[117.5273,-29.8712],[117.5141,-29.8822],[117.5047,-29.8839],[117.4943,-29.8759],[117.4903,-29.8625],[117.4955,-29.8386],[117.4961,-29.8149],[117.502,-29.8013],[117.101,-29.8013],[117.1009,-29.7734],[116.856,-29.7734],[116.856,-29.7433],[116.7921,-29.7433],[116.7902,-29.7485],[116.7952,-29.7724],[116.7928,-29.7897],[116.7983,-29.806],[116.8178,-29.8317],[116.8399,-29.8368],[116.8423,-29.8399],[116.8368,-29.8464],[116.8221,-29.8515],[116.8096,-29.8643],[116.7958,-29.8698],[116.791,-29.8688],[116.7966,-29.8786],[116.8183,-29.8898],[116.7797,-29.8894],[116.7689,-29.8711],[116.7529,-29.8782],[116.7587,-29.8883],[116.7401,-29.8968],[116.7462,-29.9074],[116.6055,-29.9074],[116.5221,-29.9042],[116.5232,-29.913],[116.5067,-29.9131],[116.5066,-29.9198],[116.463,-29.9198],[116.463,-29.9267],[116.45,-29.9265],[116.4501,-29.9241],[116.3578,-29.9219],[116.3536,-29.9219],[116.3536,-29.9294],[116.3455,-29.9294],[116.3455,-29.9256],[116.3223,-29.9256],[116.3225,-29.9623],[116.3564,-29.9622],[116.3533,-30.1272],[116.3588,-30.1272],[116.3587,-30.135],[116.3708,-30.1384],[116.3707,-30.1747],[116.3567,-30.1749],[116.3567,-30.1797],[116.3537,-30.1797],[116.3538,-30.2058],[116.297,-30.2059],[116.297,-30.2433],[116.312,-30.2434],[116.312,-30.2614],[116.3834,-30.2612],[116.3835,-30.2811],[116.4494,-30.2805],[116.4494,-30.2945],[116.4665,-30.2945],[116.4664,-30.2683],[116.5093,-30.2683],[116.5094,-30.3178],[116.5028,-30.3182],[116.5032,-30.464],[116.514,-30.4644],[116.5144,-30.485],[116.4989,-30.4851],[116.4989,-30.4891],[116.5108,-30.489],[116.511,-30.5097],[116.53,-30.5114],[116.5299,-30.5052],[116.6637,-30.5046],[116.6637,-30.5015],[116.7046,-30.502],[116.7046,-30.517],[116.7241,-30.5169],[116.7242,-30.5137],[116.7325,-30.5118],[116.8568,-30.5115],[116.8574,-30.5003],[116.8742,-30.499],[116.8742,-30.4933],[116.9111,-30.4919],[116.9111,-30.4969],[116.9386,-30.4969],[116.9397,-30.4836],[116.9863,-30.4835],[116.9863,-30.4922],[117.0293,-30.4921],[117.0336,-30.4803],[117.0793,-30.48],[117.0793,-30.4855],[117.0862,-30.4867],[117.1288,-30.4884],[117.129,-30.4824],[117.1394,-30.4825],[117.1414,-30.4756],[117.1415,-30.465],[117.1368,-30.4649],[117.1369,-30.4504],[117.1632,-30.4507],[117.1633,-30.4579],[117.1811,-30.458],[117.1812,-30.462],[117.2036,-30.462],[117.2036,-30.4656],[117.2443,-30.4658],[117.2444,-30.4628],[117.2497,-30.4627],[117.2497,-30.4269],[117.2435,-30.4269],[117.2435,-30.4087],[117.2466,-30.4086],[117.2465,-30.3903],[117.2504,-30.3903],[117.251,-30.2264],[117.3994,-30.226],[117.3983,-30.221],[117.4021,-30.218],[117.4069,-30.2205],[117.4066,-30.2183],[117.4212,-30.2175],[117.4174,-30.2164],[117.4209,-30.2157],[117.4165,-30.2099],[117.4196,-30.2078],[117.4293,-30.2095],[117.4223,-30.2062],[117.5537,-30.2058],[117.5468,-30.1931],[117.5481,-30.1889],[117.5453,-30.1898],[117.545,-30.185],[117.5396,-30.1815],[117.5341,-30.1713],[117.5313,-30.1638],[117.5332,-30.1622],[117.5294,-30.1644],[117.5223,-30.1622],[117.5272,-30.1548],[117.5406,-30.1541],[117.5427,-30.1505],[117.5313,-30.1398],[117.5325,-30.1241],[117.5306,-30.1259],[117.5296,-30.1222],[117.5322,-30.1183],[117.528,-30.0911],[117.5308,-30.0405],[117.5261,-30.0215],[117.5281,-30.0135],[117.5253,-30.0129],[117.522,-29.9968]]]}},{"type":"Feature","properties":{"lga_name":"Dandaragan"},"geometry":{"type":"MultiPolygon","coordinates":[[[[115.0229,-30.3128],[115.021,-30.3184],[115.0359,-30.3298],[115.0423,-30.3387],[115.0499,-30.3774],[115.0509,-30.4259],[115.0626,-30.4491],[115.0627,-30.4578],[115.0712,-30.4781],[115.0683,-30.4925],[115.0539,-30.5049],[115.0573,-30.5038],[115.0576,-30.5109],[115.0675,-30.5113],[115.074,-30.5175],[115.0759,-30.5277],[115.0858,-30.5344],[115.0942,-30.5483],[115.0949,-30.5578],[115.0907,-30.5636],[115.0877,-30.5784],[115.0982,-30.5835],[115.1036,-30.5915],[115.102,-30.6018],[115.1075,-30.6065],[115.1073,-30.6135],[115.1152,-30.6203],[115.1206,-30.6358],[115.132,-30.6535],[115.1338,-30.6668],[115.145,-30.6853],[115.1542,-30.7179],[115.1833,-30.7719],[115.1903,-30.7934],[115.1897,-30.8249],[115.2027,-30.8229],[115.2185,-30.8314],[115.238,-30.8569],[115.2422,-30.8681],[115.2527,-30.8751],[115.2627,-30.8917],[115.424,-30.8928],[115.4246,-30.8988],[115.4722,-30.8988],[115.498,-30.9198],[115.5131,-30.9505],[115.5203,-30.9757],[115.6918,-30.9756],[115.693,-30.9935],[115.6981,-30.9967],[115.709,-30.9858],[115.705,-30.9809],[115.7095,-30.9782],[115.7385,-30.9839],[115.7573,-30.9806],[115.7708,-30.9832],[115.7801,-30.977],[115.7897,-30.9797],[115.7957,-30.9725],[115.798,-30.9767],[115.8164,-30.9824],[115.8347,-30.9785],[115.8543,-30.9779],[115.8581,-30.981],[115.8621,-30.9776],[115.8679,-30.9812],[115.8754,-30.9721],[115.8876,-30.976],[115.8919,-30.9807],[115.8931,-30.9925],[115.8978,-30.9927],[115.8953,-31.0013],[115.9009,-31.0079],[115.9273,-31.0054],[115.9374,-31.0009],[115.9522,-31.0043],[115.9522,-30.9799],[115.9398,-30.9799],[115.9399,-30.9322],[115.934,-30.9314],[115.9345,-30.7098],[115.9374,-30.7098],[115.9375,-30.6882],[115.9308,-30.6882],[115.9308,-30.6676],[115.9266,-30.6676],[115.9267,-30.6556],[115.907,-30.6555],[115.9071,-30.615],[115.9232,-30.616],[115.921,-30.6141],[115.921,-30.583],[115.9018,-30.583],[115.9019,-30.5513],[115.8874,-30.5513],[115.8875,-30.5234],[115.9022,-30.5234],[115.9022,-30.4947],[115.9332,-30.4948],[115.9331,-30.4722],[115.9248,-30.4722],[115.9249,-30.4576],[115.9109,-30.4575],[115.9109,-30.4338],[115.8948,-30.4338],[115.895,-30.4192],[115.8983,-30.4172],[115.8988,-30.318],[115.8761,-30.318],[115.8762,-30.1957],[115.8359,-30.1955],[115.795,-30.2053],[115.7949,-30.1349],[115.7658,-30.1422],[115.6879,-30.1772],[115.6472,-30.1906],[115.5905,-30.1945],[115.5811,-30.1911],[115.5725,-30.1987],[115.5304,-30.2086],[115.4843,-30.2053],[115.481,-30.2046],[115.481,-30.1729],[115.2345,-30.1727],[115.2344,-30.1445],[115.217,-30.1444],[115.217,-30.1126],[115.2126,-30.1126],[115.2128,-30.1063],[115.0809,-30.1063],[115.0794,-30.0743],[115.0376,-30.0744],[115.0377,-30.1119],[115.0437,-30.112],[115.0438,-30.1448],[115.0039,-30.1443],[115.0062,-30.1592],[115.0026,-30.1649],[115.0037,-30.1719],[114.9995,-30.1748],[114.9985,-30.1829],[114.9919,-30.1837],[114.9974,-30.2],[114.9927,-30.2076],[114.9975,-30.2105],[114.999,-30.2232],[114.9941,-30.2271],[114.9966,-30.2288],[114.995,-30.2329],[115.0026,-30.2279],[115.0275,-30.2369],[115.037,-30.2529],[115.0411,-30.268],[115.0428,-30.2826],[115.0394,-30.2887],[115.0401,-30.2974],[115.0229,-30.3128]]],[[[114.997,-30.4424],[114.9975,-30.4427],[114.9977,-30.4422],[114.997,-30.4424]]],[[[114.9974,-30.4409],[114.9983,-30.4406],[114.9979,-30.4405],[114.9974,-30.4409]]],[[[115.0184,-30.4536],[115.0187,-30.4575],[115.0215,-30.4541],[115.0184,-30.4536]]],[[[114.9956,-30.3534],[114.9966,-30.3539],[114.9965,-30.3529],[114.9956,-30.3534]]],[[[114.9965,-30.3164],[114.9971,-30.3172],[114.9973,-30.3168],[114.9965,-30.3164]]],[[[115.0049,-30.3122],[115.0067,-30.312],[115.0056,-30.311],[115.0049,-30.3122]]],[[[114.9704,-30.2706],[114.9718,-30.2716],[114.9715,-30.2698],[114.9704,-30.2706]]],[[[114.9896,-30.2095],[114.9902,-30.2106],[114.9902,-30.2097],[114.9896,-30.2095]]],[[[115.0455,-30.5212],[115.0473,-30.5228],[115.046,-30.5207],[115.0455,-30.5212]]],[[[115.0445,-30.5312],[115.0453,-30.5327],[115.045,-30.5297],[115.0445,-30.5312]]],[[[115.0448,-30.5283],[115.0454,-30.529],[115.0453,-30.5281],[115.0448,-30.5283]]],[[[114.9987,-30.3489],[114.9996,-30.3497],[114.9992,-30.3488],[114.9987,-30.3489]]],[[[114.9893,-30.3309],[114.9834,-30.3343],[114.9837,-30.336],[114.9888,-30.3333],[114.9893,-30.3309]]],[[[114.9866,-30.331],[114.9871,-30.3314],[114.9872,-30.3313],[114.9866,-30.331]]],[[[114.9921,-30.32],[114.9933,-30.3241],[114.9935,-30.3182],[114.9921,-30.32]]],[[[114.997,-30.2327],[114.9978,-30.2326],[114.9972,-30.2322],[114.997,-30.2327]]],[[[115.1873,-30.8281],[115.1907,-30.8294],[115.1878,-30.827],[115.1873,-30.8281]]],[[[115.1043,-30.6824],[115.1081,-30.6833],[115.1053,-30.68],[115.1043,-30.6824]]],[[[115.1043,-30.6805],[115.1042,-30.6787],[115.1023,-30.6782],[115.1043,-30.6805]]],[[[115.1147,-30.6562],[115.1151,-30.657],[115.116,-30.6569],[115.1147,-30.6562]]],[[[115.1093,-30.664],[115.1101,-30.6647],[115.1102,-30.6642],[115.1093,-30.664]]],[[[115.0082,-30.2805],[115.0086,-30.2808],[115.0086,-30.2805],[115.0082,-30.2805]]],[[[114.999,-30.3193],[115.0033,-30.3193],[115.009,-30.3151],[115.0063,-30.3127],[114.999,-30.3193]]],[[[115.0084,-30.2831],[115.0078,-30.2812],[115.0075,-30.2842],[115.0084,-30.2831]]]]}},{"type":"Feature","properties":{"lga_name":"Dardanup"},"geometry":{"type":"Polygon","coordinates":[[[115.6954,-33.3125],[115.6969,-33.327],[115.7083,-33.3284],[115.7091,-33.3455],[115.7146,-33.3446],[115.7146,-33.3601],[115.6944,-33.3601],[115.6902,-33.3704],[115.703,-33.3719],[115.703,-33.4039],[115.7088,-33.4125],[115.7059,-33.415],[115.7068,-33.42],[115.7113,-33.4221],[115.7108,-33.4266],[115.7201,-33.4315],[115.7237,-33.4409],[115.7278,-33.4429],[115.7254,-33.4478],[115.7381,-33.4478],[115.7381,-33.4518],[115.7775,-33.4528],[115.7774,-33.4811],[115.7829,-33.4828],[115.7774,-33.4904],[115.7772,-33.5404],[115.815,-33.5419],[115.8209,-33.5398],[115.8209,-33.5318],[115.8285,-33.5318],[115.8286,-33.5252],[115.8227,-33.5251],[115.8227,-33.5214],[115.83,-33.5214],[115.8339,-33.5145],[115.8396,-33.5145],[115.8396,-33.5214],[115.8544,-33.5184],[115.8579,-33.5183],[115.8579,-33.5212],[115.8691,-33.5204],[115.8672,-33.505],[115.938,-33.5033],[115.9479,-33.5006],[115.9498,-33.4887],[115.9736,-33.4886],[115.9737,-33.5069],[115.9865,-33.5069],[115.9865,-33.5111],[115.9986,-33.5111],[115.9988,-33.5052],[116.0234,-33.5053],[116.0233,-33.3609],[116.0579,-33.3607],[116.058,-33.3477],[116.0532,-33.347],[116.0545,-33.3508],[116.0493,-33.3544],[116.0406,-33.3528],[116.0329,-33.3472],[116.0233,-33.3474],[116.0169,-33.3561],[116.0088,-33.3554],[116.0076,-33.3608],[116.001,-33.3629],[116.0019,-33.3673],[116.0057,-33.3672],[116.0037,-33.372],[116.0085,-33.3729],[116.0081,-33.3798],[116.0171,-33.3853],[116.0116,-33.3903],[116.0157,-33.3921],[116.0093,-33.3967],[116.0207,-33.4018],[116.0051,-33.4056],[116.01,-33.4083],[116.0102,-33.4128],[116.0056,-33.4222],[116.0121,-33.4224],[116.0084,-33.4254],[116.0185,-33.4302],[116.0054,-33.4318],[116.0079,-33.4287],[116.002,-33.4238],[116.0036,-33.4137],[116.0011,-33.4083],[115.9946,-33.4099],[115.9925,-33.399],[115.9864,-33.4008],[115.9831,-33.4118],[115.9798,-33.4016],[115.9677,-33.4018],[115.9622,-33.3955],[115.9392,-33.3889],[115.9368,-33.378],[115.9166,-33.3786],[115.9115,-33.364],[115.8941,-33.3452],[115.8962,-33.3426],[115.8944,-33.337],[115.9026,-33.3286],[115.9008,-33.3199],[115.8876,-33.325],[115.8795,-33.3213],[115.8733,-33.3242],[115.867,-33.3204],[115.8351,-33.3162],[115.8139,-33.3],[115.8081,-33.3024],[115.8024,-33.2994],[115.7913,-33.3004],[115.7823,-33.3087],[115.7726,-33.3015],[115.767,-33.3015],[115.7652,-33.2954],[115.7497,-33.2985],[115.7467,-33.2946],[115.7447,-33.2983],[115.7375,-33.3002],[115.7297,-33.291],[115.7233,-33.2901],[115.7195,-33.2924],[115.7211,-33.2983],[115.7169,-33.311],[115.7058,-33.3126],[115.6977,-33.3094],[115.6954,-33.3125]]]}},{"type":"Feature","properties":{"lga_name":"Denmark"},"geometry":{"type":"MultiPolygon","coordinates":[[[[116.8018,-34.9698],[116.8229,-34.9809],[116.8162,-34.985],[116.8223,-34.9865],[116.8189,-34.9869],[116.8215,-34.9893],[116.8119,-34.9923],[116.8102,-35.0008],[116.7877,-35.0042],[116.7779,-35.0006],[116.7543,-35.0013],[116.737,-35.017],[116.7349,-35.0296],[116.7377,-35.0299],[116.7484,-35.0183],[116.7681,-35.0147],[116.7806,-35.0159],[116.8131,-35.027],[116.8242,-35.034],[116.8259,-35.0379],[116.8234,-35.0398],[116.8255,-35.0398],[116.8266,-35.0392],[116.8278,-35.0395],[116.8289,-35.039],[116.829,-35.0391],[116.8269,-35.0433],[116.8349,-35.0393],[116.8448,-35.0405],[116.8483,-35.0448],[116.8464,-35.0495],[116.8537,-35.0478],[116.8619,-35.0566],[116.8658,-35.0485],[116.8752,-35.0507],[116.8846,-35.0478],[116.8908,-35.055],[116.904,-35.0548],[116.9052,-35.0584],[116.9128,-35.0582],[116.9209,-35.0643],[116.9267,-35.0601],[116.9247,-35.0532],[116.9284,-35.0528],[116.9314,-35.0442],[116.9294,-35.0418],[116.9333,-35.0402],[116.9343,-35.0351],[116.9566,-35.0194],[116.9851,-35.0219],[117.0147,-35.0312],[117.0189,-35.0355],[117.0247,-35.0321],[117.0238,-35.0285],[117.0335,-35.0251],[117.056,-35.0305],[117.0602,-35.0287],[117.0709,-35.0383],[117.0749,-35.0363],[117.0734,-35.0318],[117.0766,-35.0345],[117.0821,-35.0301],[117.0979,-35.0324],[117.1101,-35.0415],[117.1302,-35.0479],[117.1347,-35.0551],[117.1411,-35.0522],[117.1505,-35.0615],[117.1561,-35.0581],[117.151,-35.0553],[117.1536,-35.0478],[117.1643,-35.0448],[117.1601,-35.038],[117.1623,-35.0295],[117.1724,-35.0227],[117.1883,-35.0178],[117.2217,-35.0193],[117.226,-35.0233],[117.2342,-35.0235],[117.2366,-35.0271],[117.2475,-35.0293],[117.2612,-35.0246],[117.2633,-35.0209],[117.2722,-35.0211],[117.3153,-35.0371],[117.3168,-35.0429],[117.3186,-35.0405],[117.323,-35.0438],[117.3312,-35.0427],[117.3336,-35.0407],[117.3308,-35.0377],[117.337,-35.0345],[117.3311,-35.0303],[117.3328,-35.0249],[117.3289,-35.0254],[117.3304,-35.0213],[117.3274,-35.0207],[117.3264,-35.0155],[117.3288,-35.0087],[117.3371,-35.0049],[117.3342,-34.9937],[117.3363,-34.9954],[117.3488,-34.987],[117.3531,-34.988],[117.3548,-34.993],[117.3628,-34.986],[117.3692,-34.9695],[117.3771,-34.9687],[117.3806,-34.9716],[117.3865,-34.9689],[117.4049,-34.9735],[117.4208,-34.9854],[117.4246,-34.9833],[117.4291,-34.9861],[117.4487,-34.9681],[117.4554,-34.967],[117.4636,-34.9704],[117.4676,-34.96],[117.466,-34.9529],[117.4724,-34.9497],[117.4721,-34.9443],[117.4755,-34.9442],[117.4736,-34.9416],[117.4762,-34.9377],[117.4725,-34.9348],[117.4772,-34.928],[117.4733,-34.9175],[117.4757,-34.9122],[117.482,-34.9093],[117.4795,-34.9056],[117.4827,-34.9047],[117.4789,-34.9019],[117.4863,-34.895],[117.4882,-34.8872],[117.4881,-34.7636],[117.474,-34.7611],[117.474,-34.7575],[117.4553,-34.7577],[117.447,-34.7604],[117.4566,-34.7675],[117.4467,-34.7691],[117.4243,-34.767],[117.3749,-34.7697],[117.3637,-34.7644],[117.3229,-34.7644],[117.3229,-34.7536],[116.8425,-34.7533],[116.8353,-34.7578],[116.8381,-34.7626],[116.8348,-34.766],[116.8233,-34.7719],[116.8145,-34.7698],[116.8179,-34.7773],[116.817,-34.786],[116.8129,-34.7833],[116.8073,-34.7921],[116.797,-34.7983],[116.8054,-34.8039],[116.805,-34.8104],[116.8105,-34.8107],[116.8112,-34.8194],[116.8067,-34.8212],[116.8106,-34.8251],[116.8008,-34.8283],[116.7979,-34.8316],[116.7999,-34.8361],[116.7895,-34.8418],[116.7755,-34.8378],[116.7724,-34.8535],[116.7674,-34.8528],[116.7579,-34.8599],[116.7587,-34.8706],[116.7468,-34.8783],[116.7428,-34.8719],[116.7352,-34.8714],[116.7387,-34.8768],[116.7289,-34.8782],[116.7279,-34.8821],[116.7304,-34.8833],[116.7247,-34.8903],[116.7294,-34.8913],[116.741,-34.904],[116.7533,-34.8983],[116.764,-34.9031],[116.7724,-34.898],[116.7739,-34.9017],[116.7824,-34.9],[116.7824,-34.9044],[116.7903,-34.908],[116.7883,-34.9138],[116.7923,-34.92],[116.7885,-34.9226],[116.7852,-34.9202],[116.7853,-34.9249],[116.7801,-34.9298],[116.7873,-34.9357],[116.7955,-34.9371],[116.7928,-34.9391],[116.8021,-34.944],[116.8009,-34.947],[116.8079,-34.9513],[116.8186,-34.947],[116.8269,-34.9528],[116.8226,-34.9548],[116.8253,-34.9559],[116.825,-34.961],[116.8141,-34.9655],[116.8113,-34.9632],[116.8018,-34.9698]]],[[[117.1518,-35.0632],[117.1509,-35.0669],[117.157,-35.0669],[117.1563,-35.0656],[117.1518,-35.0632]]],[[[117.2593,-35.0282],[117.2539,-35.0277],[117.2533,-35.0289],[117.2593,-35.0282]]],[[[117.2612,-35.0264],[117.2601,-35.0266],[117.2603,-35.027],[117.2612,-35.0264]]],[[[117.2638,-35.0257],[117.2628,-35.0256],[117.2633,-35.0261],[117.2638,-35.0257]]],[[[117.2622,-35.0259],[117.2627,-35.0257],[117.2616,-35.0254],[117.2622,-35.0259]]]]}},{"type":"Feature","properties":{"lga_name":"Derby-West Kimberley"},"geometry":{"type":"MultiPolygon","coordinates":[[[[124.9027,-15.9986],[124.5811,-15.9986],[124.5798,-16.0017],[124.5825,-16.0014],[124.5847,-16.0069],[124.5824,-16.0106],[124.5871,-16.0117],[124.5889,-16.023],[124.5955,-16.0274],[124.5805,-16.0232],[124.5868,-16.0394],[124.5855,-16.0668],[124.589,-16.1134],[124.5953,-16.116],[124.6094,-16.1116],[124.6173,-16.0996],[124.6181,-16.0898],[124.6243,-16.0929],[124.6219,-16.0942],[124.623,-16.0997],[124.6341,-16.0918],[124.6339,-16.0944],[124.6377,-16.0932],[124.6358,-16.0958],[124.6474,-16.0961],[124.6459,-16.0999],[124.6287,-16.1035],[124.6213,-16.1142],[124.6197,-16.1125],[124.5993,-16.1274],[124.5854,-16.1276],[124.5607,-16.1195],[124.554,-16.1349],[124.5556,-16.1378],[124.5492,-16.1365],[124.5406,-16.1494],[124.5386,-16.1543],[124.5414,-16.1576],[124.5364,-16.1556],[124.527,-16.162],[124.5258,-16.1712],[124.5367,-16.1842],[124.5333,-16.1863],[124.5302,-16.1817],[124.5254,-16.1812],[124.5245,-16.1856],[124.5326,-16.1894],[124.5251,-16.1882],[124.5264,-16.1948],[124.5231,-16.1932],[124.5213,-16.1849],[124.5188,-16.1891],[124.5188,-16.1788],[124.5131,-16.1903],[124.5155,-16.1949],[124.5124,-16.1918],[124.5106,-16.1943],[124.5122,-16.2],[124.5093,-16.1986],[124.5105,-16.2044],[124.5082,-16.206],[124.5081,-16.1929],[124.5168,-16.1774],[124.502,-16.1892],[124.5013,-16.1854],[124.5053,-16.1829],[124.5014,-16.1827],[124.517,-16.1736],[124.5121,-16.1605],[124.4929,-16.1382],[124.4866,-16.1222],[124.4761,-16.1159],[124.4726,-16.109],[124.4686,-16.1072],[124.4675,-16.1116],[124.4666,-16.107],[124.4584,-16.1025],[124.4689,-16.1026],[124.4729,-16.0969],[124.48,-16.0941],[124.4772,-16.0785],[124.4641,-16.0718],[124.4627,-16.0795],[124.4533,-16.0784],[124.4469,-16.0727],[124.4476,-16.0668],[124.4456,-16.0687],[124.4443,-16.0654],[124.4431,-16.1022],[124.4486,-16.1056],[124.4489,-16.1103],[124.4433,-16.1135],[124.4475,-16.1142],[124.4497,-16.122],[124.4347,-16.1788],[124.4277,-16.1828],[124.4259,-16.1765],[124.423,-16.1786],[124.4213,-16.1757],[124.4169,-16.1765],[124.4149,-16.1716],[124.415,-16.175],[124.4109,-16.1753],[124.403,-16.1688],[124.3986,-16.1695],[124.401,-16.1827],[124.3885,-16.1861],[124.3896,-16.1918],[124.3986,-16.1939],[124.4002,-16.2017],[124.3866,-16.2168],[124.3797,-16.2155],[124.3827,-16.2216],[124.3787,-16.227],[124.4027,-16.238],[124.4042,-16.2483],[124.4079,-16.2507],[124.399,-16.274],[124.3925,-16.2729],[124.3912,-16.2767],[124.3852,-16.2761],[124.3937,-16.2809],[124.3941,-16.2856],[124.3988,-16.288],[124.3972,-16.292],[124.4007,-16.2923],[124.4036,-16.2986],[124.4107,-16.2936],[124.4032,-16.3018],[124.4035,-16.3064],[124.401,-16.3062],[124.4006,-16.3229],[124.3945,-16.3385],[124.4036,-16.3333],[124.4074,-16.3353],[124.4082,-16.342],[124.4123,-16.3392],[124.4069,-16.3473],[124.4089,-16.3527],[124.414,-16.3537],[124.4117,-16.3573],[124.4242,-16.3596],[124.4389,-16.355],[124.4443,-16.3573],[124.4497,-16.3522],[124.4531,-16.3545],[124.4574,-16.3528],[124.4577,-16.3479],[124.4643,-16.3412],[124.4707,-16.3477],[124.4776,-16.345],[124.4805,-16.3564],[124.5066,-16.3428],[124.5109,-16.3462],[124.5346,-16.3357],[124.5794,-16.3295],[124.5983,-16.3356],[124.6233,-16.3365],[124.6734,-16.3504],[124.6841,-16.3452],[124.6945,-16.3449],[124.7152,-16.3558],[124.7252,-16.3722],[124.7334,-16.3755],[124.7473,-16.3749],[124.7877,-16.3859],[124.8145,-16.4164],[124.8175,-16.4117],[124.8264,-16.4091],[124.8425,-16.4147],[124.8639,-16.4127],[124.8744,-16.4162],[124.8776,-16.4099],[124.8819,-16.4088],[124.9013,-16.416],[124.9101,-16.41],[124.9177,-16.3881],[124.9277,-16.3823],[124.9439,-16.384],[124.9533,-16.3713],[124.955,-16.3766],[124.9501,-16.3827],[124.949,-16.3921],[124.9391,-16.3934],[124.931,-16.3882],[124.9223,-16.3911],[124.9182,-16.4065],[124.9213,-16.4167],[124.9172,-16.4208],[124.9085,-16.42],[124.888,-16.428],[124.8594,-16.4272],[124.8405,-16.4343],[124.8141,-16.4262],[124.7935,-16.4089],[124.7454,-16.39],[124.7271,-16.3974],[124.7034,-16.4013],[124.6267,-16.4048],[124.5997,-16.4143],[124.5733,-16.413],[124.5605,-16.4071],[124.5401,-16.4102],[124.5317,-16.4073],[124.5136,-16.4086],[124.5018,-16.4008],[124.497,-16.4024],[124.4971,-16.4105],[124.4945,-16.4117],[124.4944,-16.4043],[124.4795,-16.4082],[124.475,-16.4059],[124.4642,-16.4114],[124.466,-16.4071],[124.4492,-16.4109],[124.4524,-16.4065],[124.4495,-16.3886],[124.4447,-16.3888],[124.4448,-16.3921],[124.4381,-16.3957],[124.4282,-16.392],[124.4253,-16.3864],[124.4319,-16.3775],[124.4315,-16.3742],[124.4268,-16.3737],[124.4262,-16.3668],[124.4197,-16.3704],[124.4159,-16.3687],[124.4141,-16.3735],[124.4074,-16.3733],[124.4075,-16.3702],[124.4018,-16.3695],[124.4025,-16.3522],[124.3991,-16.3543],[124.3992,-16.3484],[124.3945,-16.345],[124.3875,-16.3456],[124.3842,-16.3538],[124.3804,-16.3525],[124.3643,-16.3747],[124.363,-16.3782],[124.3657,-16.3787],[124.3584,-16.3815],[124.3546,-16.3903],[124.3489,-16.3892],[124.3479,-16.399],[124.3436,-16.4036],[124.3471,-16.4074],[124.3424,-16.41],[124.3443,-16.4164],[124.3363,-16.4165],[124.3365,-16.4188],[124.3406,-16.4245],[124.3464,-16.4248],[124.3704,-16.4204],[124.3812,-16.4137],[124.3888,-16.4152],[124.4009,-16.4251],[124.4009,-16.4441],[124.4066,-16.4489],[124.4008,-16.4638],[124.4028,-16.4697],[124.4066,-16.4703],[124.4191,-16.4852],[124.4306,-16.4835],[124.4371,-16.4769],[124.4414,-16.4754],[124.4375,-16.4783],[124.4401,-16.4828],[124.4534,-16.486],[124.4506,-16.4872],[124.4632,-16.492],[124.4682,-16.4986],[124.462,-16.5017],[124.448,-16.4961],[124.4492,-16.5012],[124.4435,-16.4949],[124.4494,-16.5067],[124.4447,-16.5027],[124.4426,-16.5089],[124.4412,-16.4975],[124.4298,-16.4985],[124.429,-16.5031],[124.4343,-16.5097],[124.4298,-16.5157],[124.4355,-16.5255],[124.4276,-16.5179],[124.4262,-16.5317],[124.4103,-16.5433],[124.4041,-16.5408],[124.4064,-16.5339],[124.3995,-16.5364],[124.3923,-16.533],[124.3955,-16.5273],[124.4075,-16.5255],[124.4115,-16.519],[124.4059,-16.5224],[124.4152,-16.51],[124.41,-16.5038],[124.4028,-16.507],[124.3991,-16.5064],[124.4059,-16.5036],[124.4,-16.5026],[124.4029,-16.5001],[124.4009,-16.4973],[124.3916,-16.5046],[124.4043,-16.4883],[124.4035,-16.4828],[124.4073,-16.4786],[124.3953,-16.4616],[124.3903,-16.459],[124.3894,-16.456],[124.3938,-16.4534],[124.3901,-16.4452],[124.3734,-16.4427],[124.3611,-16.4487],[124.3637,-16.4582],[124.3587,-16.4527],[124.3534,-16.4542],[124.3461,-16.4602],[124.345,-16.4656],[124.3438,-16.4598],[124.3323,-16.4585],[124.3256,-16.4612],[124.3306,-16.4654],[124.3242,-16.462],[124.3192,-16.4687],[124.318,-16.4631],[124.3148,-16.4632],[124.3081,-16.4554],[124.3222,-16.4488],[124.323,-16.444],[124.3151,-16.4415],[124.3295,-16.4408],[124.3336,-16.4352],[124.3342,-16.4285],[124.3292,-16.4282],[124.3291,-16.425],[124.3227,-16.4215],[124.325,-16.4149],[124.3112,-16.4202],[124.3079,-16.414],[124.3001,-16.4149],[124.2982,-16.4177],[124.3012,-16.4184],[124.2947,-16.4239],[124.2901,-16.4218],[124.2899,-16.4171],[124.2829,-16.4145],[124.2649,-16.4149],[124.2611,-16.4194],[124.2641,-16.4138],[124.2567,-16.4096],[124.2436,-16.412],[124.2428,-16.4155],[124.2396,-16.4136],[124.2334,-16.4164],[124.2333,-16.4193],[124.2227,-16.4184],[124.2237,-16.4154],[124.2187,-16.4127],[124.2175,-16.4053],[124.2115,-16.3985],[124.2109,-16.4025],[124.2089,-16.4002],[124.2018,-16.4048],[124.2101,-16.397],[124.2049,-16.3869],[124.2002,-16.3875],[124.1995,-16.3909],[124.1959,-16.389],[124.1966,-16.3858],[124.2058,-16.3846],[124.2046,-16.3778],[124.1992,-16.3724],[124.197,-16.377],[124.1993,-16.3606],[124.1935,-16.3664],[124.1912,-16.362],[124.1943,-16.356],[124.1857,-16.3527],[124.1949,-16.3426],[124.1857,-16.3331],[124.1833,-16.334],[124.184,-16.3318],[124.175,-16.3282],[124.1787,-16.3201],[124.1763,-16.3123],[124.1797,-16.3096],[124.1638,-16.306],[124.131,-16.2864],[124.1245,-16.2889],[124.1244,-16.2804],[124.1175,-16.2832],[124.1187,-16.2796],[124.1078,-16.2786],[124.1014,-16.2854],[124.1048,-16.2778],[124.094,-16.2772],[124.0864,-16.272],[124.0834,-16.2766],[124.0802,-16.2764],[124.0824,-16.2727],[124.0755,-16.271],[124.0699,-16.2747],[124.0662,-16.2709],[124.057,-16.2714],[124.0683,-16.2842],[124.0571,-16.2787],[124.0524,-16.272],[124.0499,-16.2747],[124.0438,-16.2734],[124.042,-16.2783],[124.0418,-16.2728],[124.0386,-16.2773],[124.0381,-16.2751],[124.0424,-16.269],[124.0315,-16.2624],[124.0312,-16.2592],[124.027,-16.2602],[124.0262,-16.2557],[124.0251,-16.2603],[124.0212,-16.2576],[124.0189,-16.261],[124.0149,-16.2594],[124.0178,-16.2683],[124.0099,-16.2574],[124.0085,-16.2594],[124.0064,-16.2572],[124.0073,-16.2621],[124.0043,-16.2592],[124.0042,-16.2638],[124.0025,-16.2611],[123.9998,-16.2647],[124.0028,-16.2546],[123.9967,-16.2542],[123.9955,-16.2616],[123.9906,-16.2601],[123.9933,-16.2546],[123.9842,-16.2521],[123.9839,-16.2496],[123.9798,-16.251],[123.9799,-16.2483],[123.9754,-16.2497],[123.9759,-16.2559],[123.9726,-16.2521],[123.9701,-16.2537],[123.9721,-16.2453],[123.9699,-16.2479],[123.9557,-16.2389],[123.9399,-16.2336],[123.932,-16.2221],[123.9245,-16.2189],[123.9245,-16.2226],[123.9216,-16.2222],[123.9207,-16.2173],[123.9099,-16.2103],[123.9099,-16.2167],[123.9166,-16.2219],[123.9159,-16.2315],[123.9196,-16.2287],[123.9214,-16.2354],[123.9259,-16.2296],[123.9245,-16.2355],[123.936,-16.2375],[123.9339,-16.241],[123.9417,-16.2492],[123.9436,-16.2465],[123.952,-16.2462],[123.9496,-16.249],[123.9515,-16.2524],[123.9457,-16.2509],[123.9507,-16.2577],[123.9625,-16.2528],[123.9502,-16.2605],[123.9529,-16.2642],[123.9593,-16.2652],[123.9638,-16.2602],[123.9612,-16.2686],[123.9876,-16.2839],[123.9937,-16.2814],[124.0001,-16.2918],[123.9979,-16.293],[123.9922,-16.2866],[123.9863,-16.2868],[123.9807,-16.2818],[123.9765,-16.2838],[123.961,-16.2798],[123.9566,-16.2845],[123.9518,-16.2837],[123.9532,-16.2889],[123.9498,-16.2861],[123.9462,-16.2904],[123.9417,-16.2891],[123.9337,-16.297],[123.9345,-16.3009],[123.9361,-16.2991],[123.9423,-16.3054],[123.9493,-16.3044],[123.9508,-16.3066],[123.9457,-16.3074],[123.9488,-16.3152],[123.9558,-16.3206],[123.9551,-16.325],[123.9676,-16.3328],[123.9678,-16.3366],[123.9773,-16.3404],[123.9876,-16.3704],[123.9841,-16.3684],[123.9867,-16.3746],[123.9838,-16.3795],[123.9784,-16.3769],[123.9757,-16.3789],[123.9413,-16.3598],[123.9058,-16.3352],[123.8996,-16.3272],[123.8954,-16.3074],[123.8901,-16.3026],[123.8901,-16.3081],[123.8866,-16.303],[123.8838,-16.304],[123.8928,-16.3337],[123.917,-16.3522],[123.8857,-16.3428],[123.8936,-16.3505],[123.8916,-16.352],[123.909,-16.3629],[123.8995,-16.3634],[123.8978,-16.3578],[123.8843,-16.3537],[123.895,-16.365],[123.8936,-16.3835],[123.8994,-16.3922],[123.8895,-16.3945],[123.9003,-16.4138],[123.9,-16.4228],[123.8992,-16.4251],[123.8952,-16.4239],[123.8884,-16.4095],[123.883,-16.4167],[123.8756,-16.4101],[123.867,-16.4129],[123.8757,-16.4447],[123.8723,-16.4431],[123.8711,-16.4471],[123.868,-16.4397],[123.858,-16.4332],[123.8559,-16.4327],[123.8552,-16.4372],[123.8541,-16.4352],[123.8571,-16.4276],[123.8468,-16.4069],[123.8481,-16.3979],[123.842,-16.3828],[123.8471,-16.3824],[123.8506,-16.3765],[123.8445,-16.3729],[123.8365,-16.3544],[123.8514,-16.3717],[123.8761,-16.3777],[123.8788,-16.3713],[123.8676,-16.366],[123.87,-16.3636],[123.8658,-16.3622],[123.8704,-16.3624],[123.8777,-16.3567],[123.8764,-16.3471],[123.8655,-16.3424],[123.8643,-16.3474],[123.8676,-16.3517],[123.8635,-16.3517],[123.8625,-16.3485],[123.8601,-16.3503],[123.8646,-16.3361],[123.8619,-16.3341],[123.8585,-16.3406],[123.8567,-16.3302],[123.8621,-16.331],[123.8659,-16.3279],[123.8572,-16.3197],[123.8439,-16.315],[123.8352,-16.3196],[123.843,-16.3262],[123.8254,-16.3228],[123.7995,-16.304],[123.7984,-16.31],[123.8101,-16.3207],[123.8023,-16.3143],[123.7964,-16.3161],[123.7962,-16.3123],[123.7844,-16.3031],[123.7837,-16.2988],[123.7927,-16.3048],[123.7958,-16.2998],[123.791,-16.2996],[123.7946,-16.2969],[123.7832,-16.2841],[123.7837,-16.2902],[123.7807,-16.2935],[123.7827,-16.2977],[123.7765,-16.2928],[123.778,-16.2858],[123.7716,-16.2871],[123.7728,-16.2839],[123.7606,-16.275],[123.7573,-16.2787],[123.7577,-16.2751],[123.7498,-16.2727],[123.7407,-16.2633],[123.743,-16.2531],[123.7463,-16.2573],[123.7516,-16.255],[123.7609,-16.2589],[123.7643,-16.2562],[123.7695,-16.2595],[123.7771,-16.2518],[123.7793,-16.2595],[123.7835,-16.2621],[123.7863,-16.2496],[123.7823,-16.2466],[123.7833,-16.243],[123.7869,-16.244],[123.7918,-16.2529],[123.7888,-16.2539],[123.7911,-16.2636],[123.7969,-16.263],[123.7992,-16.257],[123.7968,-16.2513],[123.8012,-16.2549],[123.795,-16.2388],[123.792,-16.2346],[123.7912,-16.2377],[123.7883,-16.2283],[123.785,-16.2334],[123.7807,-16.228],[123.7757,-16.2288],[123.7716,-16.2162],[123.7736,-16.2137],[123.7891,-16.2236],[123.7912,-16.222],[123.7847,-16.2124],[123.7886,-16.2095],[123.7898,-16.2145],[123.7947,-16.2144],[123.7986,-16.2229],[123.8004,-16.2162],[123.8126,-16.2224],[123.8146,-16.2197],[123.8066,-16.2061],[123.7968,-16.2092],[123.8032,-16.2035],[123.7906,-16.2005],[123.7706,-16.1706],[123.761,-16.167],[123.7601,-16.1633],[123.757,-16.1651],[123.7579,-16.1615],[123.7509,-16.1574],[123.7472,-16.1628],[123.746,-16.1559],[123.7418,-16.1535],[123.7379,-16.1606],[123.7354,-16.1527],[123.7384,-16.1528],[123.7266,-16.1405],[123.7031,-16.1287],[123.7041,-16.1329],[123.719,-16.1408],[123.7221,-16.1476],[123.7171,-16.1456],[123.7285,-16.1568],[123.7132,-16.1541],[123.7248,-16.1658],[123.7234,-16.1709],[123.7227,-16.1666],[123.709,-16.1522],[123.7031,-16.1539],[123.703,-16.1563],[123.71,-16.1564],[123.7121,-16.1616],[123.705,-16.1604],[123.7136,-16.1675],[123.7107,-16.1729],[123.71,-16.1701],[123.7021,-16.1712],[123.7057,-16.1752],[123.7041,-16.1888],[123.7014,-16.1903],[123.701,-16.1695],[123.6971,-16.1668],[123.696,-16.1733],[123.6932,-16.1662],[123.6966,-16.1642],[123.6898,-16.16],[123.6968,-16.1622],[123.6937,-16.1595],[123.6982,-16.1569],[123.6934,-16.1511],[123.6907,-16.1549],[123.6866,-16.1542],[123.6858,-16.1599],[123.6798,-16.1606],[123.6772,-16.1597],[123.6826,-16.1587],[123.6835,-16.1536],[123.6653,-16.1512],[123.6699,-16.1536],[123.6667,-16.1545],[123.6694,-16.1558],[123.667,-16.1578],[123.675,-16.1608],[123.6757,-16.1632],[123.6664,-16.1629],[123.668,-16.1598],[123.6651,-16.1543],[123.6598,-16.1534],[123.6582,-16.1569],[123.6631,-16.1584],[123.6542,-16.1599],[123.6567,-16.1635],[123.6541,-16.165],[123.6553,-16.1683],[123.649,-16.166],[123.6406,-16.169],[123.6284,-16.1618],[123.6334,-16.1586],[123.624,-16.1602],[123.6204,-16.1577],[123.6373,-16.1736],[123.6358,-16.1762],[123.6216,-16.1653],[123.6162,-16.1633],[123.6146,-16.1655],[123.6133,-16.1605],[123.6102,-16.161],[123.6107,-16.1636],[123.6042,-16.1615],[123.6039,-16.1663],[123.5965,-16.1642],[123.5943,-16.1679],[123.5842,-16.1644],[123.5749,-16.1694],[123.5707,-16.1808],[123.5693,-16.1723],[123.5657,-16.1785],[123.5601,-16.1747],[123.5567,-16.1777],[123.5621,-16.183],[123.5621,-16.1871],[123.5641,-16.1847],[123.5725,-16.1921],[123.5673,-16.1933],[123.5733,-16.2003],[123.5647,-16.1969],[123.5667,-16.2035],[123.5639,-16.2104],[123.5689,-16.2059],[123.5817,-16.2059],[123.5861,-16.2117],[123.6011,-16.2164],[123.5806,-16.2201],[123.5831,-16.2152],[123.5806,-16.2131],[123.5637,-16.2162],[123.5764,-16.2225],[123.5789,-16.2263],[123.5761,-16.227],[123.5823,-16.2337],[123.5855,-16.2291],[123.5892,-16.2299],[123.5865,-16.2249],[123.5914,-16.2306],[123.5941,-16.2312],[123.5941,-16.2286],[123.6019,-16.2324],[123.5955,-16.2322],[123.5884,-16.238],[123.5801,-16.2392],[123.5883,-16.2422],[123.5879,-16.2455],[123.5909,-16.2477],[123.5908,-16.2441],[123.5995,-16.2473],[123.605,-16.2428],[123.6091,-16.2434],[123.6035,-16.251],[123.6166,-16.2618],[123.6022,-16.2573],[123.5853,-16.2448],[123.5837,-16.2469],[123.5761,-16.2453],[123.5729,-16.2464],[123.5747,-16.249],[123.5857,-16.2497],[123.5933,-16.2553],[123.5896,-16.254],[123.593,-16.2569],[123.5918,-16.26],[123.5933,-16.2584],[123.5993,-16.2641],[123.5839,-16.2606],[123.5858,-16.2662],[123.5823,-16.264],[123.5796,-16.2666],[123.5821,-16.272],[123.5791,-16.2744],[123.5778,-16.2707],[123.5661,-16.2763],[123.5571,-16.2676],[123.5544,-16.2697],[123.5568,-16.2632],[123.5522,-16.2652],[123.5496,-16.2628],[123.5516,-16.2792],[123.547,-16.2777],[123.5502,-16.2832],[123.5633,-16.2941],[123.5657,-16.3015],[123.5898,-16.3148],[123.5881,-16.3101],[123.5988,-16.3228],[123.5981,-16.3155],[123.5934,-16.3112],[123.5991,-16.31],[123.6053,-16.3143],[123.6054,-16.3108],[123.6103,-16.3177],[123.6135,-16.3151],[123.6244,-16.3173],[123.6255,-16.3133],[123.6154,-16.3027],[123.6114,-16.2871],[123.6216,-16.2926],[123.6271,-16.2905],[123.6278,-16.2971],[123.6403,-16.3087],[123.6624,-16.3135],[123.6602,-16.3154],[123.6645,-16.3195],[123.6776,-16.3265],[123.6762,-16.3308],[123.68,-16.3356],[123.6974,-16.3375],[123.7001,-16.351],[123.7046,-16.3487],[123.7106,-16.354],[123.699,-16.3541],[123.7022,-16.3583],[123.6989,-16.3591],[123.7169,-16.3724],[123.7116,-16.3735],[123.7135,-16.3716],[123.7104,-16.3704],[123.7022,-16.3749],[123.6814,-16.3754],[123.663,-16.368],[123.673,-16.3831],[123.6635,-16.3834],[123.6562,-16.3789],[123.6514,-16.3695],[123.6526,-16.3661],[123.6603,-16.3644],[123.6587,-16.3629],[123.6534,-16.3597],[123.6292,-16.3568],[123.6313,-16.3582],[123.629,-16.3605],[123.6356,-16.3628],[123.637,-16.3699],[123.639,-16.3678],[123.6409,-16.3708],[123.6368,-16.3724],[123.6389,-16.3766],[123.6479,-16.3854],[123.6671,-16.3989],[123.6883,-16.4048],[123.6801,-16.4079],[123.681,-16.4102],[123.6895,-16.409],[123.6798,-16.4162],[123.6972,-16.4149],[123.6969,-16.4208],[123.6849,-16.428],[123.6802,-16.4275],[123.6815,-16.4327],[123.6717,-16.4283],[123.6766,-16.4336],[123.6655,-16.4366],[123.6637,-16.4331],[123.6486,-16.4272],[123.6361,-16.426],[123.6375,-16.4283],[123.6351,-16.4293],[123.6296,-16.423],[123.6214,-16.43],[123.608,-16.4258],[123.5918,-16.4171],[123.6052,-16.4156],[123.6055,-16.41],[123.598,-16.4057],[123.5901,-16.4036],[123.5886,-16.4075],[123.5862,-16.4028],[123.5719,-16.4008],[123.5735,-16.403],[123.5697,-16.4029],[123.5749,-16.4078],[123.5717,-16.4084],[123.5569,-16.4035],[123.5662,-16.4035],[123.5683,-16.4009],[123.5636,-16.3981],[123.5404,-16.3945],[123.5359,-16.398],[123.5318,-16.396],[123.5349,-16.395],[123.5263,-16.3926],[123.527,-16.3894],[123.5217,-16.3849],[123.5085,-16.381],[123.5141,-16.383],[123.5186,-16.3893],[123.5112,-16.3913],[123.5466,-16.4011],[123.5367,-16.4025],[123.5631,-16.408],[123.5645,-16.4109],[123.5602,-16.4078],[123.5478,-16.4085],[123.5665,-16.4195],[123.5789,-16.4202],[123.5769,-16.422],[123.5822,-16.4277],[123.5595,-16.4264],[123.5244,-16.4106],[123.5108,-16.4105],[123.5066,-16.4076],[123.5045,-16.4108],[123.5028,-16.4071],[123.502,-16.4106],[123.4979,-16.4099],[123.5047,-16.4143],[123.5053,-16.42],[123.5113,-16.4176],[123.5129,-16.424],[123.5401,-16.4315],[123.543,-16.4272],[123.5479,-16.4299],[123.5432,-16.4311],[123.5479,-16.4354],[123.56,-16.4388],[123.5618,-16.4432],[123.5682,-16.4455],[123.5659,-16.4426],[123.5719,-16.4413],[123.5869,-16.4443],[123.5937,-16.4507],[123.5992,-16.4487],[123.609,-16.4547],[123.6088,-16.4589],[123.6198,-16.4647],[123.6342,-16.4668],[123.6432,-16.4741],[123.6514,-16.4749],[123.6483,-16.4799],[123.6528,-16.4847],[123.6605,-16.485],[123.6629,-16.4911],[123.6587,-16.4957],[123.6451,-16.4946],[123.6455,-16.4967],[123.6329,-16.4986],[123.6351,-16.4946],[123.6271,-16.4939],[123.6252,-16.4904],[123.6152,-16.4939],[123.6097,-16.4921],[123.6058,-16.4953],[123.6027,-16.4907],[123.5994,-16.4964],[123.5942,-16.4917],[123.5946,-16.4949],[123.5907,-16.4946],[123.5932,-16.497],[123.5885,-16.4952],[123.583,-16.4986],[123.5883,-16.5014],[123.5856,-16.5071],[123.5885,-16.5105],[123.6076,-16.5049],[123.611,-16.5104],[123.637,-16.518],[123.6445,-16.5245],[123.643,-16.53],[123.5843,-16.5175],[123.599,-16.5252],[123.5945,-16.5259],[123.5623,-16.5123],[123.5668,-16.5107],[123.5464,-16.5042],[123.5476,-16.5079],[123.5363,-16.506],[123.5341,-16.5086],[123.5356,-16.5039],[123.544,-16.5046],[123.5079,-16.4906],[123.4735,-16.47],[123.4614,-16.477],[123.4669,-16.478],[123.4696,-16.4751],[123.4725,-16.484],[123.4844,-16.4862],[123.4887,-16.4922],[123.4951,-16.4941],[123.5021,-16.5041],[123.4997,-16.5069],[123.493,-16.5017],[123.4923,-16.5053],[123.4979,-16.5112],[123.4966,-16.5145],[123.4859,-16.5159],[123.4607,-16.5076],[123.4543,-16.5108],[123.4492,-16.5078],[123.4453,-16.5099],[123.4311,-16.503],[123.4422,-16.5005],[123.4285,-16.4989],[123.4244,-16.5062],[123.4285,-16.5112],[123.4681,-16.5182],[123.4687,-16.5222],[123.4604,-16.5246],[123.4637,-16.5348],[123.4821,-16.5473],[123.491,-16.546],[123.5031,-16.566],[123.5134,-16.5684],[123.4981,-16.5651],[123.4943,-16.5708],[123.4965,-16.5803],[123.5116,-16.5978],[123.5117,-16.5841],[123.5175,-16.5736],[123.5177,-16.5661],[123.5401,-16.5751],[123.5422,-16.572],[123.5417,-16.5637],[123.5339,-16.5505],[123.5302,-16.5474],[123.5208,-16.5482],[123.5261,-16.5444],[123.5365,-16.548],[123.5786,-16.5498],[123.5819,-16.5397],[123.5886,-16.5383],[123.603,-16.5446],[123.6151,-16.5543],[123.617,-16.5608],[123.6147,-16.5655],[123.6194,-16.5738],[123.613,-16.5701],[123.5892,-16.5675],[123.5919,-16.5739],[123.6038,-16.5793],[123.602,-16.5821],[123.5884,-16.5828],[123.5811,-16.5945],[123.5712,-16.587],[123.5634,-16.5883],[123.5629,-16.5947],[123.5664,-16.5963],[123.563,-16.6008],[123.5725,-16.608],[123.5663,-16.6073],[123.5647,-16.6112],[123.5608,-16.6063],[123.5557,-16.6126],[123.563,-16.6212],[123.5736,-16.622],[123.5739,-16.6252],[123.564,-16.626],[123.5633,-16.6297],[123.55,-16.6323],[123.5491,-16.6352],[123.5318,-16.6339],[123.5165,-16.6418],[123.5066,-16.6431],[123.5089,-16.6468],[123.5169,-16.6456],[123.5206,-16.6501],[123.5028,-16.6588],[123.5125,-16.6643],[123.5213,-16.6648],[123.523,-16.6678],[123.5264,-16.664],[123.5355,-16.6652],[123.5419,-16.6581],[123.5454,-16.6609],[123.5425,-16.6637],[123.5468,-16.6661],[123.5512,-16.664],[123.5522,-16.6597],[123.5557,-16.6657],[123.5637,-16.6683],[123.5703,-16.6663],[123.5674,-16.6682],[123.5714,-16.6728],[123.5788,-16.6742],[123.5876,-16.6676],[123.5957,-16.6715],[123.5975,-16.6742],[123.595,-16.6756],[123.5999,-16.679],[123.6097,-16.6815],[123.6178,-16.6795],[123.6243,-16.6851],[123.6244,-16.6913],[123.6378,-16.6984],[123.6483,-16.7207],[123.6635,-16.7299],[123.6815,-16.7517],[123.6876,-16.7556],[123.6989,-16.7491],[123.7115,-16.7527],[123.7137,-16.7618],[123.7116,-16.7702],[123.7176,-16.7849],[123.7472,-16.8307],[123.7583,-16.8377],[123.7582,-16.8665],[123.761,-16.8759],[123.7687,-16.8887],[123.7775,-16.8944],[123.7756,-16.8954],[123.7783,-16.899],[123.7961,-16.9118],[123.8124,-16.9103],[123.8319,-16.8957],[123.8559,-16.8925],[123.884,-16.8779],[123.8928,-16.8659],[123.8878,-16.8608],[123.8943,-16.8644],[123.8933,-16.8572],[123.898,-16.864],[123.9036,-16.8638],[123.9211,-16.8568],[123.921,-16.8521],[123.9259,-16.8568],[123.934,-16.8518],[123.9421,-16.8521],[123.9457,-16.8455],[123.9405,-16.8367],[123.9422,-16.8228],[123.9514,-16.8181],[123.9544,-16.8211],[123.9492,-16.8293],[123.9513,-16.8324],[123.9493,-16.8364],[123.9588,-16.8444],[123.9593,-16.8524],[123.9515,-16.8675],[123.9383,-16.8678],[123.9333,-16.8708],[123.9341,-16.8738],[123.9284,-16.8713],[123.9215,-16.8756],[123.9217,-16.8815],[123.9158,-16.8865],[123.9026,-16.8875],[123.893,-16.9024],[123.8944,-16.9074],[123.8713,-16.9206],[123.8263,-16.9578],[123.8126,-16.9799],[123.8026,-16.9864],[123.8216,-16.9928],[123.8204,-16.9979],[123.7964,-17.004],[123.7992,-17.0187],[123.8179,-17.0545],[123.8272,-17.1051],[123.8342,-17.118],[123.8282,-17.1271],[123.8296,-17.1346],[123.8424,-17.149],[123.8674,-17.1683],[123.8699,-17.177],[123.8855,-17.1866],[123.8877,-17.2025],[123.8936,-17.2059],[123.9149,-17.2056],[123.9125,-17.2119],[123.8887,-17.2217],[123.878,-17.2217],[123.8625,-17.2166],[123.8545,-17.2065],[123.852,-17.1954],[123.8362,-17.1916],[123.8299,-17.1784],[123.8073,-17.1692],[123.7935,-17.1507],[123.7892,-17.1523],[123.7906,-17.1493],[123.7861,-17.1388],[123.7731,-17.129],[123.7722,-17.1154],[123.7611,-17.0877],[123.7552,-17.0816],[123.752,-17.0825],[123.7409,-17.0683],[123.7044,-17.0427],[123.6892,-17.06],[123.6803,-17.0592],[123.6791,-17.0451],[123.6672,-17.0385],[123.66,-17.0396],[123.6593,-17.0102],[123.648,-16.9997],[123.6416,-16.9978],[123.6153,-17.0088],[123.6007,-17.0106],[123.5896,-17.0292],[123.5851,-17.0349],[123.5853,-17.0322],[123.5835,-17.0333],[123.5876,-17.0928],[123.5906,-17.101],[123.6081,-17.1394],[123.6306,-17.1602],[123.6462,-17.184],[123.6417,-17.1937],[123.6282,-17.1938],[123.6238,-17.1987],[123.6127,-17.2791],[123.6166,-17.2804],[123.6114,-17.2829],[123.6045,-17.3009],[123.6029,-17.3394],[123.5926,-17.3586],[123.5938,-17.3615],[123.5864,-17.3493],[123.581,-17.3502],[123.5738,-17.3672],[123.5752,-17.3857],[123.5698,-17.3938],[123.5699,-17.4035],[123.5645,-17.4058],[123.5676,-17.414],[123.5829,-17.4251],[123.5803,-17.4381],[123.5847,-17.472],[123.5796,-17.4836],[123.5956,-17.4999],[123.6001,-17.5156],[123.599,-17.5189],[123.5948,-17.5184],[123.5913,-17.5294],[123.5971,-17.5427],[123.5899,-17.5526],[123.5953,-17.5603],[123.5931,-17.5738],[123.5892,-17.578],[123.5811,-17.579],[123.5803,-17.5842],[123.578,-17.5626],[123.5724,-17.5558],[123.5769,-17.5238],[123.5713,-17.5122],[123.5627,-17.5039],[123.556,-17.5051],[123.5478,-17.5002],[123.5435,-17.5011],[123.5462,-17.4982],[123.5452,-17.4692],[123.541,-17.4638],[123.5417,-17.4739],[123.5397,-17.4775],[123.5378,-17.469],[123.5349,-17.4739],[123.5362,-17.4823],[123.5339,-17.4819],[123.5353,-17.4683],[123.5321,-17.4695],[123.5381,-17.4621],[123.5375,-17.4544],[123.5341,-17.4496],[123.533,-17.4557],[123.5305,-17.452],[123.5231,-17.4523],[123.5263,-17.4385],[123.5245,-17.4335],[123.5229,-17.4364],[123.5211,-17.4319],[123.5156,-17.4372],[123.5148,-17.4295],[123.5123,-17.4355],[123.5113,-17.4259],[123.5143,-17.4185],[123.5078,-17.4112],[123.5025,-17.4108],[123.4996,-17.4046],[123.4833,-17.3971],[123.4839,-17.3884],[123.4738,-17.3828],[123.4593,-17.3506],[123.4427,-17.3454],[123.4252,-17.3255],[123.4184,-17.3284],[123.4052,-17.3275],[123.4075,-17.3255],[123.3927,-17.3163],[123.3888,-17.3076],[123.3939,-17.2954],[123.3937,-17.2756],[123.3873,-17.2493],[123.3793,-17.2341],[123.029,-17.2331],[123.029,-17.366],[123.1141,-17.366],[123.1141,-17.4598],[123.1652,-17.4597],[123.1652,-17.5373],[122.9961,-17.5373],[122.9962,-17.8152],[123.1483,-17.8151],[123.1486,-18.2722],[123.3486,-18.2722],[123.3463,-18.4982],[123.5111,-18.4982],[123.5252,-18.6633],[123.4042,-18.6633],[123.4043,-18.7541],[123.5503,-18.7542],[123.5484,-18.9986],[123.5663,-19.4955],[124.0013,-19.4986],[126.0014,-19.4986],[126.0018,-19.4234],[126.5048,-19.4238],[126.5049,-19.2459],[126.582,-19.246],[126.582,-19.0106],[126.1853,-19.0046],[126.1207,-18.9965],[126.1213,-18.8043],[126.0806,-18.7525],[126.0502,-18.7648],[126.0317,-18.7555],[126.0261,-18.7555],[126.0261,-18.731],[126.0079,-18.7241],[126.011,-18.7087],[125.9567,-18.6745],[125.9298,-18.6202],[125.9028,-18.6137],[125.9908,-18.5232],[126.0333,-18.4914],[126.0376,-18.3506],[126.0358,-18.3361],[126.0433,-18.3361],[126.0483,-18.3201],[126.06,-18.3236],[126.0802,-18.343],[126.0975,-18.3494],[126.1233,-18.3443],[126.1585,-18.3282],[126.1831,-18.3229],[126.2547,-18.3963],[126.3155,-18.3963],[126.3155,-18.2562],[126.3188,-18.2531],[126.3254,-18.2533],[126.3246,-18.1739],[126.2827,-18.1739],[126.2827,-18.0965],[126.6225,-18.0965],[126.6225,-17.7789],[126.392,-17.7789],[126.392,-17.633],[126.3084,-17.633],[126.3084,-17.5803],[126.1322,-17.5803],[126.1328,-17.5753],[126.1436,-17.563],[126.1434,-17.5531],[126.1516,-17.5515],[126.1574,-17.5585],[126.1818,-17.558],[126.1954,-17.5512],[126.1964,-17.5389],[126.1992,-17.5361],[126.2265,-17.5261],[126.2283,-17.518],[126.2214,-17.5021],[126.2347,-17.5017],[126.2378,-17.4983],[126.2299,-17.488],[126.2391,-17.4811],[126.2425,-17.4721],[126.2556,-17.4594],[126.268,-17.4577],[126.2799,-17.4606],[126.2873,-17.4572],[126.2897,-17.4535],[126.2871,-17.4447],[126.2958,-17.4386],[126.295,-17.434],[126.2971,-17.434],[126.2971,-17.4867],[126.3243,-17.4868],[126.4277,-17.4867],[126.4277,-17.434],[126.5394,-17.434],[126.5394,-17.5431],[126.6489,-17.5431],[126.6489,-17.4973],[126.6696,-17.4972],[126.7014,-17.5023],[126.7116,-17.5011],[126.7206,-17.4957],[126.737,-17.4995],[126.7409,-17.4979],[126.7422,-17.4902],[126.7655,-17.4903],[126.7724,-17.4807],[126.7828,-17.4869],[126.7931,-17.4821],[126.8289,-17.4803],[126.847,-17.4726],[126.8663,-17.4835],[126.8792,-17.4774],[126.8842,-17.4798],[126.8818,-17.4759],[126.8913,-17.4768],[126.8913,-17.5494],[127.0465,-17.5494],[127.0465,-17.3888],[127.2472,-17.3873],[127.2472,-17.2327],[127.3268,-17.2327],[127.3268,-17.2163],[127.4129,-17.2163],[127.4129,-16.9981],[127.5642,-16.9981],[127.5642,-16.8426],[127.4138,-16.8426],[127.4138,-16.9807],[127.3386,-16.9807],[127.3386,-17.0722],[127.2197,-17.0722],[127.2197,-17.108],[126.9536,-17.108],[126.9536,-16.8471],[126.639,-16.8471],[126.639,-16.7002],[126.4908,-16.7002],[126.4908,-16.6864],[126.2865,-16.6864],[126.2978,-16.6754],[126.306,-16.6616],[126.3104,-16.6445],[126.3083,-16.6361],[126.3137,-16.6335],[126.3238,-16.6375],[126.3263,-16.6357],[126.3258,-16.6291],[126.0298,-16.6291],[126.0298,-16.722],[125.9623,-16.722],[125.9623,-16.6613],[125.9503,-16.6697],[125.9517,-16.6523],[125.9623,-16.6459],[125.9623,-16.4482],[125.9895,-16.4482],[125.9895,-16.0807],[126.0012,-16.0809],[126.0013,-15.9986],[125.2271,-15.9986],[125.2236,-15.9928],[125.2235,-15.9781],[125.2152,-15.9724],[125.2106,-15.9529],[125.0696,-15.9529],[125.0912,-15.9425],[125.1074,-15.9394],[125.1074,-15.9015],[124.9026,-15.9015],[124.9027,-15.9986]]],[[[123.3998,-16.4524],[123.4027,-16.4507],[123.4026,-16.4495],[123.3991,-16.4499],[123.3998,-16.4524]]],[[[123.3489,-16.4498],[123.3501,-16.4503],[123.351,-16.4478],[123.3489,-16.4498]]],[[[123.3718,-16.1218],[123.373,-16.1216],[123.3723,-16.1212],[123.3718,-16.1218]]],[[[123.2965,-16.12],[123.2953,-16.1179],[123.2935,-16.1176],[123.2944,-16.1195],[123.2965,-16.12]]],[[[123.5411,-15.9877],[123.5384,-15.9854],[123.536,-15.9882],[123.5385,-15.9901],[123.5411,-15.9877]]],[[[123.5404,-15.9843],[123.5413,-15.9847],[123.5409,-15.9841],[123.5404,-15.9843]]],[[[123.4056,-16.6045],[123.4028,-16.601],[123.3963,-16.6001],[123.4048,-16.6073],[123.413,-16.6066],[123.4084,-16.6029],[123.4056,-16.6045]]],[[[123.5351,-16.5775],[123.5366,-16.5782],[123.5351,-16.576],[123.5351,-16.5775]]],[[[123.3166,-16.5775],[123.3197,-16.5744],[123.3196,-16.5734],[123.3153,-16.5736],[123.3166,-16.5775]]],[[[123.3608,-16.4988],[123.3685,-16.5018],[123.3651,-16.4972],[123.3608,-16.4988]]],[[[123.3735,-16.4956],[123.3749,-16.4955],[123.373,-16.4951],[123.3735,-16.4956]]],[[[123.362,-16.4899],[123.3631,-16.4895],[123.3629,-16.489],[123.362,-16.4899]]],[[[123.3544,-16.483],[123.3598,-16.4884],[123.3611,-16.4881],[123.3544,-16.483]]],[[[123.3399,-16.4587],[123.3409,-16.4589],[123.3405,-16.458],[123.3399,-16.4587]]],[[[123.3425,-16.4239],[123.3468,-16.4307],[123.3427,-16.4326],[123.3468,-16.4416],[123.3435,-16.4453],[123.3459,-16.4473],[123.3506,-16.4457],[123.3524,-16.4409],[123.3538,-16.4425],[123.3556,-16.44],[123.3535,-16.439],[123.3597,-16.4391],[123.3568,-16.4331],[123.3592,-16.4313],[123.3558,-16.4298],[123.3619,-16.4268],[123.3546,-16.4242],[123.3539,-16.4183],[123.351,-16.4213],[123.3477,-16.4169],[123.3475,-16.4215],[123.3425,-16.4239]]],[[[123.3452,-16.416],[123.3469,-16.4158],[123.3467,-16.4153],[123.3452,-16.416]]],[[[123.3257,-16.3958],[123.3289,-16.3965],[123.3255,-16.3952],[123.3257,-16.3958]]],[[[123.3076,-16.3892],[123.3092,-16.3891],[123.3075,-16.3884],[123.3076,-16.3892]]],[[[123.371,-16.3691],[123.3766,-16.3711],[123.3784,-16.3704],[123.3752,-16.3672],[123.371,-16.3691]]],[[[123.3574,-16.3614],[123.3467,-16.3445],[123.3494,-16.3397],[123.3347,-16.3328],[123.3397,-16.3381],[123.3316,-16.3381],[123.3359,-16.3587],[123.3449,-16.356],[123.3459,-16.3605],[123.3515,-16.3581],[123.3574,-16.3614]]],[[[123.4186,-16.3267],[123.4197,-16.3279],[123.4203,-16.3251],[123.4186,-16.3267]]],[[[123.261,-16.3039],[123.2689,-16.3072],[123.2603,-16.3025],[123.261,-16.3039]]],[[[123.3034,-16.3024],[123.3042,-16.3006],[123.3021,-16.3007],[123.3034,-16.3024]]],[[[123.4056,-16.2753],[123.4111,-16.2788],[123.4089,-16.2762],[123.4056,-16.2753]]],[[[123.337,-16.1774],[123.3388,-16.1771],[123.3373,-16.1762],[123.337,-16.1774]]],[[[123.3411,-16.1755],[123.3428,-16.1757],[123.3433,-16.1744],[123.3411,-16.1755]]],[[[123.3215,-16.1718],[123.3219,-16.1709],[123.3205,-16.1707],[123.3215,-16.1718]]],[[[123.2848,-16.1287],[123.286,-16.1291],[123.2856,-16.1282],[123.2848,-16.1287]]],[[[123.3396,-16.0567],[123.3405,-16.0557],[123.3391,-16.0562],[123.3396,-16.0567]]],[[[123.2714,-16.0411],[123.2745,-16.0429],[123.2737,-16.0394],[123.2714,-16.0411]]],[[[123.5119,-16.0142],[123.5133,-16.0145],[123.5128,-16.0139],[123.5119,-16.0142]]],[[[123.6828,-15.9646],[123.6843,-15.9643],[123.6839,-15.9633],[123.6828,-15.9646]]],[[[123.6738,-15.8772],[123.6748,-15.8775],[123.6745,-15.8763],[123.6738,-15.8772]]],[[[123.6349,-15.8749],[123.6383,-15.8723],[123.6382,-15.8699],[123.6357,-15.8717],[123.6349,-15.8749]]],[[[123.7079,-15.8685],[123.7107,-15.8683],[123.7074,-15.8672],[123.7079,-15.8685]]],[[[123.1574,-15.5197],[123.1584,-15.5195],[123.1576,-15.5191],[123.1574,-15.5197]]],[[[123.3635,-16.5841],[123.3683,-16.5842],[123.3691,-16.5912],[123.388,-16.6046],[123.3905,-16.5973],[123.3864,-16.5913],[123.3904,-16.5891],[123.3902,-16.5796],[123.374,-16.5663],[123.3706,-16.5581],[123.3647,-16.556],[123.3652,-16.5508],[123.3568,-16.5409],[123.3595,-16.5383],[123.3586,-16.531],[123.3524,-16.5301],[123.3531,-16.534],[123.3486,-16.5383],[123.349,-16.5493],[123.3537,-16.5538],[123.3537,-16.5611],[123.3605,-16.5705],[123.3577,-16.5727],[123.3635,-16.5841]]],[[[123.3515,-16.5597],[123.3526,-16.5588],[123.3521,-16.5586],[123.3515,-16.5597]]],[[[123.3831,-16.5093],[123.3887,-16.5079],[123.3891,-16.5074],[123.38,-16.5047],[123.3831,-16.5093]]],[[[123.3637,-16.4912],[123.3668,-16.4914],[123.3638,-16.49],[123.3637,-16.4912]]],[[[123.3684,-16.4939],[123.3701,-16.4936],[123.3683,-16.4935],[123.3684,-16.4939]]],[[[123.331,-16.397],[123.3321,-16.3968],[123.3313,-16.3965],[123.331,-16.397]]],[[[123.3075,-16.3869],[123.3122,-16.3869],[123.3071,-16.3861],[123.3075,-16.3869]]],[[[123.3996,-16.3806],[123.3971,-16.3764],[123.4025,-16.3718],[123.3833,-16.3732],[123.3996,-16.3806]]],[[[123.2854,-16.3226],[123.2813,-16.3156],[123.2708,-16.309],[123.2798,-16.3162],[123.2854,-16.3226]]],[[[123.2959,-16.3061],[123.2975,-16.3008],[123.2916,-16.3007],[123.2919,-16.3031],[123.2959,-16.3061]]],[[[123.3392,-16.178],[123.3417,-16.1777],[123.3406,-16.1764],[123.3392,-16.178]]],[[[123.2876,-16.1334],[123.2883,-16.1323],[123.2878,-16.1319],[123.2876,-16.1334]]],[[[123.3995,-16.082],[123.4008,-16.082],[123.4006,-16.0815],[123.3995,-16.082]]],[[[123.3522,-16.0587],[123.3508,-16.0557],[123.3448,-16.0565],[123.3475,-16.0569],[123.3522,-16.0587]]],[[[123.6913,-15.9621],[123.6922,-15.9615],[123.6915,-15.9612],[123.6913,-15.9621]]],[[[123.6966,-15.9618],[123.6977,-15.9615],[123.697,-15.9613],[123.6966,-15.9618]]],[[[123.1579,-15.5233],[123.157,-15.5212],[123.1578,-15.5147],[123.1612,-15.516],[123.1586,-15.5092],[123.1525,-15.5119],[123.1521,-15.5309],[123.156,-15.5356],[123.165,-15.5333],[123.1673,-15.5277],[123.1593,-15.5161],[123.1629,-15.5233],[123.1579,-15.5233]]],[[[123.1599,-15.5225],[123.1608,-15.5223],[123.1605,-15.5218],[123.1599,-15.5225]]],[[[123.673,-15.8674],[123.6738,-15.8655],[123.6732,-15.865],[123.673,-15.8674]]],[[[123.3926,-16.4989],[123.3899,-16.4965],[123.3757,-16.4964],[123.38,-16.4983],[123.3926,-16.4989]]],[[[123.3981,-16.3478],[123.3992,-16.3471],[123.3979,-16.3474],[123.3981,-16.3478]]],[[[123.3746,-16.0637],[123.3807,-16.069],[123.386,-16.0678],[123.3776,-16.0627],[123.3746,-16.0637]]],[[[123.6877,-15.9007],[123.689,-15.9012],[123.688,-15.8996],[123.6877,-15.9007]]],[[[123.5759,-16.5875],[123.574,-16.5826],[123.5634,-16.5826],[123.5649,-16.5841],[123.5759,-16.5875]]],[[[123.5404,-16.5897],[123.5414,-16.5833],[123.5416,-16.5763],[123.5392,-16.5807],[123.5404,-16.5897]]],[[[123.5969,-16.5623],[123.5981,-16.5615],[123.5966,-16.5613],[123.5969,-16.5623]]],[[[123.3874,-16.5266],[123.4005,-16.5283],[123.3983,-16.5131],[123.3886,-16.5108],[123.3801,-16.5172],[123.389,-16.5248],[123.3874,-16.5266]]],[[[123.3831,-16.5128],[123.3781,-16.5079],[123.3743,-16.509],[123.3757,-16.5101],[123.3831,-16.5128]]],[[[123.3643,-16.0636],[123.3684,-16.0619],[123.3637,-16.0626],[123.3643,-16.0636]]],[[[123.3007,-16.0367],[123.2838,-16.0375],[123.2864,-16.0412],[123.2783,-16.0402],[123.2775,-16.0434],[123.2802,-16.0466],[123.2835,-16.0445],[123.2853,-16.048],[123.2949,-16.046],[123.3138,-16.0334],[123.3082,-16.0355],[123.3018,-16.0334],[123.3007,-16.0367]]],[[[123.3589,-16.0421],[123.3649,-16.0421],[123.3566,-16.0398],[123.3589,-16.0421]]],[[[123.3517,-16.037],[123.3532,-16.0356],[123.3482,-16.0354],[123.3517,-16.037]]],[[[123.3488,-16.0387],[123.3497,-16.0394],[123.355,-16.0392],[123.3488,-16.0387]]],[[[123.358,-16.0384],[123.3604,-16.0374],[123.3557,-16.0368],[123.358,-16.0384]]],[[[123.286,-16.0349],[123.2892,-16.0352],[123.2864,-16.0343],[123.286,-16.0349]]],[[[123.3658,-16.0411],[123.3669,-16.0406],[123.3635,-16.0394],[123.3658,-16.0411]]],[[[123.6965,-15.9339],[123.6955,-15.9376],[123.6908,-15.9353],[123.6904,-15.9531],[123.6844,-15.9589],[123.6892,-15.9671],[123.6917,-15.9579],[123.7016,-15.9593],[123.6935,-15.9569],[123.6932,-15.9512],[123.6953,-15.9489],[123.6967,-15.9523],[123.7021,-15.9455],[123.6972,-15.9419],[123.703,-15.94],[123.6986,-15.9359],[123.6976,-15.9292],[123.6915,-15.9262],[123.6909,-15.9328],[123.6965,-15.9339]]],[[[124.072,-15.9754],[124.0792,-15.9754],[124.0706,-15.9695],[124.0649,-15.9696],[124.072,-15.9754]]],[[[124.062,-15.9764],[124.0641,-15.9747],[124.0614,-15.9753],[124.062,-15.9764]]],[[[123.6903,-15.9736],[123.6923,-15.9743],[123.6933,-15.9704],[123.6903,-15.9736]]],[[[123.4531,-16.532],[123.4555,-16.5304],[123.4519,-16.527],[123.4414,-16.5218],[123.4293,-16.5249],[123.4531,-16.532]]],[[[124.3999,-16.5347],[124.4054,-16.531],[124.3952,-16.5292],[124.3952,-16.5327],[124.3999,-16.5347]]],[[[123.441,-16.5168],[123.4508,-16.5225],[123.4514,-16.522],[123.4504,-16.519],[123.441,-16.5168]]],[[[123.4383,-16.518],[123.438,-16.5157],[123.4333,-16.5162],[123.4341,-16.5177],[123.4383,-16.518]]],[[[124.4289,-16.5074],[124.432,-16.5086],[124.4292,-16.5046],[124.4289,-16.5074]]],[[[123.4267,-16.5282],[123.4296,-16.5271],[123.4253,-16.5263],[123.4267,-16.5282]]],[[[123.4102,-16.5272],[123.4105,-16.5299],[123.4121,-16.5284],[123.4102,-16.5272]]],[[[123.4136,-16.5051],[123.4149,-16.5037],[123.4124,-16.5044],[123.4136,-16.5051]]],[[[123.6037,-16.5115],[123.6066,-16.5104],[123.6032,-16.5112],[123.6037,-16.5115]]],[[[123.64,-16.525],[123.642,-16.5243],[123.6399,-16.5238],[123.64,-16.525]]],[[[124.4107,-16.5404],[124.4128,-16.5394],[124.4127,-16.539],[124.4107,-16.5404]]],[[[123.4193,-16.5047],[123.4203,-16.5057],[123.4211,-16.5052],[123.4193,-16.5047]]],[[[123.4095,-16.5125],[123.4121,-16.5137],[123.4123,-16.5136],[123.4095,-16.5125]]],[[[123.5823,-16.5041],[123.5835,-16.5044],[123.5837,-16.5037],[123.5823,-16.5041]]],[[[123.578,-16.5044],[123.5789,-16.5043],[123.5782,-16.5036],[123.578,-16.5044]]],[[[123.3093,-16.3204],[123.3191,-16.3218],[123.3141,-16.3169],[123.3139,-16.3076],[123.309,-16.307],[123.3114,-16.3185],[123.3093,-16.3204]]],[[[123.3,-16.3062],[123.3027,-16.3163],[123.3064,-16.3141],[123.3052,-16.3066],[123.3,-16.3062]]],[[[123.3071,-16.3071],[123.3097,-16.305],[123.3092,-16.3036],[123.306,-16.3045],[123.3071,-16.3071]]],[[[123.3016,-16.3056],[123.304,-16.304],[123.3013,-16.3049],[123.3016,-16.3056]]],[[[123.3149,-16.3081],[123.3178,-16.3077],[123.3155,-16.3064],[123.3149,-16.3081]]],[[[123.3995,-16.169],[123.401,-16.1682],[123.3992,-16.1687],[123.3995,-16.169]]],[[[123.3074,-16.1328],[123.2992,-16.1259],[123.29,-16.1253],[123.2986,-16.1324],[123.303,-16.1322],[123.3,-16.1368],[123.3026,-16.1378],[123.3036,-16.1341],[123.3053,-16.1378],[123.3078,-16.1337],[123.3174,-16.1348],[123.3094,-16.1293],[123.3074,-16.1328]]],[[[123.2895,-16.1327],[123.29,-16.131],[123.2891,-16.1317],[123.2895,-16.1327]]],[[[123.3928,-16.1338],[123.3945,-16.1345],[123.3949,-16.1333],[123.3928,-16.1338]]],[[[123.3641,-16.0548],[123.3582,-16.0568],[123.3611,-16.062],[123.3625,-16.0582],[123.3763,-16.0589],[123.3651,-16.0547],[123.3715,-16.0525],[123.3616,-16.05],[123.3641,-16.0548]]],[[[123.4013,-16.0581],[123.4027,-16.058],[123.4021,-16.0576],[123.4013,-16.0581]]],[[[123.4424,-16.465],[123.4432,-16.4625],[123.4355,-16.4605],[123.4381,-16.4588],[123.432,-16.4588],[123.4343,-16.4607],[123.4317,-16.462],[123.4424,-16.465]]],[[[123.4769,-16.4921],[123.4725,-16.4883],[123.4665,-16.4879],[123.4685,-16.4908],[123.4769,-16.4921]]],[[[123.4396,-16.4677],[123.4452,-16.4707],[123.4456,-16.4694],[123.4396,-16.4677]]],[[[123.5537,-16.4511],[123.5642,-16.4533],[123.5525,-16.4503],[123.5537,-16.4511]]],[[[124.4331,-16.4965],[124.4367,-16.4963],[124.439,-16.4954],[124.4352,-16.4942],[124.4331,-16.4965]]],[[[123.4837,-16.4926],[123.4787,-16.4877],[123.4773,-16.4881],[123.4789,-16.4902],[123.4837,-16.4926]]],[[[123.5266,-16.4906],[123.5254,-16.4887],[123.5221,-16.4891],[123.5235,-16.4902],[123.5266,-16.4906]]],[[[123.5803,-16.4941],[123.581,-16.4964],[123.5823,-16.4952],[123.5803,-16.4941]]],[[[123.4228,-16.4597],[123.4257,-16.4594],[123.4209,-16.4574],[123.4228,-16.4597]]],[[[123.574,-16.4972],[123.5762,-16.4984],[123.5741,-16.4967],[123.574,-16.4972]]],[[[123.4171,-16.457],[123.4194,-16.4579],[123.4194,-16.4575],[123.4171,-16.457]]],[[[123.4429,-16.472],[123.4442,-16.4717],[123.4425,-16.4711],[123.4429,-16.472]]],[[[123.4822,-16.4982],[123.4837,-16.4982],[123.482,-16.4973],[123.4822,-16.4982]]],[[[123.5902,-16.4907],[123.5915,-16.4905],[123.591,-16.4897],[123.5902,-16.4907]]],[[[124.3626,-16.4252],[124.3642,-16.4256],[124.363,-16.4247],[124.3626,-16.4252]]],[[[123.4471,-16.5025],[123.4481,-16.5019],[123.4468,-16.5022],[123.4471,-16.5025]]],[[[123.5816,-16.4923],[123.5829,-16.4928],[123.5826,-16.492],[123.5816,-16.4923]]],[[[123.4095,-16.3786],[123.4118,-16.3776],[123.4089,-16.3782],[123.4095,-16.3786]]],[[[123.4105,-16.3767],[123.412,-16.3759],[123.4099,-16.3763],[123.4105,-16.3767]]],[[[123.4088,-16.1711],[123.4128,-16.1706],[123.4135,-16.1691],[123.4092,-16.1686],[123.4088,-16.1711]]],[[[123.3298,-16.1562],[123.3306,-16.1635],[123.3358,-16.167],[123.346,-16.1696],[123.3424,-16.1606],[123.352,-16.1641],[123.3479,-16.1587],[123.3499,-16.1529],[123.3449,-16.1527],[123.3455,-16.1494],[123.3339,-16.1544],[123.3291,-16.1499],[123.3318,-16.1485],[123.33,-16.1468],[123.3225,-16.1449],[123.3272,-16.1508],[123.3199,-16.1529],[123.3245,-16.1573],[123.3298,-16.1562]]],[[[123.3144,-16.1439],[123.3181,-16.1417],[123.328,-16.1435],[123.3295,-16.1406],[123.3235,-16.1347],[123.3156,-16.1396],[123.3087,-16.1352],[123.3087,-16.142],[123.3117,-16.1396],[123.3144,-16.1439]]],[[[123.3536,-16.1638],[123.3547,-16.1647],[123.3569,-16.1649],[123.3536,-16.1638]]],[[[123.3288,-16.1627],[123.3282,-16.1609],[123.3274,-16.161],[123.3288,-16.1627]]],[[[123.347,-16.15],[123.3494,-16.1511],[123.3497,-16.1506],[123.347,-16.15]]],[[[123.3211,-16.1589],[123.3224,-16.1593],[123.3213,-16.1584],[123.3211,-16.1589]]],[[[123.3219,-16.1433],[123.3237,-16.1431],[123.3218,-16.1429],[123.3219,-16.1433]]],[[[123.4074,-17.3236],[123.4082,-17.323],[123.407,-17.3232],[123.4074,-17.3236]]],[[[123.3964,-17.3161],[123.3976,-17.3164],[123.3966,-17.3157],[123.3964,-17.3161]]],[[[123.4752,-16.6302],[123.5054,-16.6408],[123.5144,-16.6389],[123.5268,-16.6242],[123.5278,-16.618],[123.5241,-16.6196],[123.5325,-16.6093],[123.5229,-16.6107],[123.5202,-16.607],[123.5129,-16.6112],[123.5114,-16.6179],[123.5023,-16.6236],[123.5035,-16.627],[123.5086,-16.6279],[123.5082,-16.6314],[123.5035,-16.6318],[123.5006,-16.6247],[123.4951,-16.623],[123.4931,-16.6171],[123.4892,-16.6155],[123.4837,-16.6174],[123.4742,-16.6145],[123.4666,-16.6193],[123.4565,-16.6171],[123.467,-16.6258],[123.4704,-16.6237],[123.4752,-16.6302]]],[[[123.6761,-17.0434],[123.6826,-17.0387],[123.6827,-17.0313],[123.6775,-17.0217],[123.6714,-17.0229],[123.6697,-17.0224],[123.6649,-17.0279],[123.6643,-17.0357],[123.6761,-17.0434]]],[[[123.5183,-16.5803],[123.5162,-16.5929],[123.5247,-16.6059],[123.5312,-16.5969],[123.5326,-16.5994],[123.5347,-16.5956],[123.538,-16.5974],[123.538,-16.5921],[123.5292,-16.5915],[123.5268,-16.5793],[123.5183,-16.5803]]],[[[123.4795,-16.6111],[123.487,-16.6095],[123.4886,-16.6025],[123.4934,-16.6003],[123.483,-16.5986],[123.4859,-16.6033],[123.4792,-16.6049],[123.4795,-16.6111]]],[[[123.907,-16.8847],[123.9178,-16.8824],[123.9201,-16.8757],[123.9173,-16.8754],[123.907,-16.8847]]],[[[123.5539,-16.6037],[123.5514,-16.6036],[123.5514,-16.6083],[123.5596,-16.6059],[123.5529,-16.5972],[123.5539,-16.6037]]],[[[123.6817,-17.0484],[123.6823,-17.0573],[123.6853,-17.052],[123.6871,-17.0402],[123.6851,-17.0396],[123.6817,-17.0484]]],[[[123.7052,-16.7614],[123.7109,-16.7619],[123.7085,-16.7547],[123.7029,-16.7562],[123.7052,-16.7614]]],[[[123.8932,-16.8715],[123.8999,-16.8673],[123.8999,-16.8667],[123.8932,-16.8669],[123.8932,-16.8715]]],[[[123.5351,-16.6315],[123.5459,-16.6307],[123.5463,-16.6296],[123.5351,-16.6315]]],[[[123.8373,-16.9038],[123.841,-16.9035],[123.8482,-16.8982],[123.84,-16.9009],[123.8373,-16.9038]]],[[[123.9461,-16.8596],[123.9506,-16.8589],[123.9534,-16.8537],[123.9461,-16.8596]]],[[[123.6169,-16.7212],[123.6166,-16.7166],[123.6147,-16.7168],[123.6141,-16.7198],[123.6169,-16.7212]]],[[[123.4815,-16.6551],[123.4883,-16.657],[123.4884,-16.6564],[123.4815,-16.6551]]],[[[123.6654,-17.0241],[123.6668,-17.0216],[123.6649,-17.0208],[123.6654,-17.0241]]],[[[123.4957,-16.6053],[123.4982,-16.6088],[123.4961,-16.6043],[123.4957,-16.6053]]],[[[123.5651,-16.6243],[123.5709,-16.6234],[123.5645,-16.6238],[123.5651,-16.6243]]],[[[123.561,-16.6042],[123.5641,-16.6047],[123.5614,-16.6031],[123.561,-16.6042]]],[[[123.5386,-16.6264],[123.5404,-16.6283],[123.5407,-16.628],[123.5386,-16.6264]]],[[[123.5324,-16.6069],[123.5343,-16.6056],[123.5349,-16.6038],[123.5333,-16.604],[123.5324,-16.6069]]],[[[123.5161,-16.5981],[123.5171,-16.5983],[123.5156,-16.5953],[123.5161,-16.5981]]],[[[123.5674,-16.6066],[123.5665,-16.6046],[123.5652,-16.604],[123.5649,-16.6044],[123.5674,-16.6066]]],[[[123.5539,-16.6217],[123.556,-16.6213],[123.5548,-16.6205],[123.5539,-16.6217]]],[[[123.5449,-16.6324],[123.5457,-16.6334],[123.5466,-16.6325],[123.5449,-16.6324]]],[[[123.6805,-17.0248],[123.6803,-17.0229],[123.6789,-17.0217],[123.6805,-17.0248]]],[[[123.6312,-16.7313],[123.6335,-16.7308],[123.6313,-16.7305],[123.6312,-16.7313]]],[[[123.8341,-16.9005],[123.8365,-16.9006],[123.8372,-16.9],[123.8341,-16.9005]]],[[[123.895,-16.8625],[123.8962,-16.8627],[123.8953,-16.8614],[123.895,-16.8625]]],[[[123.5613,-16.6224],[123.5622,-16.623],[123.562,-16.6225],[123.5613,-16.6224]]],[[[123.4774,-16.604],[123.4784,-16.6031],[123.4778,-16.6029],[123.4774,-16.604]]],[[[123.5295,-16.6289],[123.5305,-16.6291],[123.5297,-16.6284],[123.5295,-16.6289]]],[[[123.6833,-17.0302],[123.683,-17.028],[123.6825,-17.0277],[123.6824,-17.0283],[123.6833,-17.0302]]],[[[123.6705,-17.0218],[123.6722,-17.0222],[123.6727,-17.0221],[123.6705,-17.0218]]],[[[123.6812,-17.0265],[123.6818,-17.0257],[123.6815,-17.0255],[123.6812,-17.0265]]],[[[123.532,-16.6178],[123.5331,-16.6175],[123.5325,-16.617],[123.532,-16.6178]]],[[[123.4061,-16.3473],[123.4063,-16.3433],[123.4006,-16.3467],[123.4061,-16.3473]]],[[[123.4028,-16.3547],[123.4055,-16.3521],[123.4077,-16.3509],[123.4036,-16.3521],[123.4028,-16.3547]]],[[[123.4112,-16.3415],[123.4117,-16.3391],[123.4107,-16.3384],[123.4102,-16.3392],[123.4112,-16.3415]]],[[[123.409,-16.343],[123.4098,-16.3416],[123.4085,-16.3425],[123.409,-16.343]]],[[[123.4105,-16.3497],[123.4119,-16.3507],[123.4108,-16.3493],[123.4105,-16.3497]]],[[[123.5384,-17.242],[123.5443,-17.2899],[123.5496,-17.2897],[123.5538,-17.2736],[123.5519,-17.2414],[123.5437,-17.2326],[123.5384,-17.242]]],[[[123.4232,-17.3241],[123.4228,-17.3209],[123.3995,-17.3007],[123.3981,-17.3113],[123.4037,-17.3194],[123.4232,-17.3241]]],[[[123.4497,-17.3401],[123.4561,-17.3422],[123.4579,-17.3359],[123.4556,-17.33],[123.4442,-17.324],[123.4443,-17.332],[123.4497,-17.3401]]],[[[123.5313,-17.3322],[123.5352,-17.3213],[123.5282,-17.3071],[123.5258,-17.3214],[123.5313,-17.3322]]],[[[123.5037,-17.4016],[123.5061,-17.4006],[123.4995,-17.3909],[123.493,-17.388],[123.4881,-17.3783],[123.4819,-17.3744],[123.4804,-17.3768],[123.4871,-17.3834],[123.4886,-17.3896],[123.5037,-17.4016]]],[[[123.5157,-17.336],[123.5244,-17.3584],[123.5262,-17.3444],[123.5213,-17.3375],[123.5157,-17.336]]],[[[123.5459,-17.3185],[123.5519,-17.3115],[123.5483,-17.3003],[123.5422,-17.3068],[123.5459,-17.3185]]],[[[123.4269,-17.3013],[123.4284,-17.2982],[123.4236,-17.2895],[123.4168,-17.2851],[123.4178,-17.2938],[123.4269,-17.3013]]],[[[123.5409,-17.3012],[123.5464,-17.2973],[123.5386,-17.2913],[123.5374,-17.2953],[123.5409,-17.3012]]],[[[123.5918,-17.575],[123.5869,-17.5687],[123.5883,-17.5765],[123.5918,-17.575]]],[[[123.4155,-17.3272],[123.4205,-17.3251],[123.4102,-17.3241],[123.4155,-17.3272]]],[[[123.4237,-17.3171],[123.4235,-17.3147],[123.417,-17.3114],[123.4191,-17.3144],[123.4237,-17.3171]]],[[[123.5851,-17.3424],[123.587,-17.3437],[123.5869,-17.343],[123.5851,-17.3424]]],[[[123.5381,-17.2888],[123.5403,-17.2894],[123.5382,-17.2878],[123.5381,-17.2888]]],[[[123.5231,-17.4329],[123.5235,-17.4347],[123.5234,-17.4327],[123.5231,-17.4329]]],[[[123.4593,-16.2317],[123.4615,-16.236],[123.4733,-16.2369],[123.4798,-16.2441],[123.4769,-16.2481],[123.4787,-16.2576],[123.4891,-16.2724],[123.4831,-16.2783],[123.4853,-16.2812],[123.4884,-16.2801],[123.4898,-16.2848],[123.4901,-16.2815],[123.4975,-16.2848],[123.4997,-16.2766],[123.5066,-16.2743],[123.5032,-16.2712],[123.5058,-16.2664],[123.4913,-16.2591],[123.4916,-16.254],[123.497,-16.2497],[123.5317,-16.2598],[123.5284,-16.2535],[123.5213,-16.2496],[123.4927,-16.2415],[123.4907,-16.2433],[123.4858,-16.2356],[123.4889,-16.2339],[123.4781,-16.2269],[123.4788,-16.2244],[123.488,-16.2248],[123.4779,-16.2174],[123.4738,-16.2201],[123.4736,-16.2158],[123.4797,-16.2154],[123.4702,-16.2116],[123.4683,-16.2149],[123.4667,-16.2092],[123.4652,-16.2116],[123.4573,-16.209],[123.4583,-16.213],[123.4525,-16.2113],[123.4544,-16.2163],[123.4505,-16.2145],[123.451,-16.2177],[123.4476,-16.2182],[123.449,-16.2213],[123.4464,-16.2214],[123.449,-16.2227],[123.4474,-16.2289],[123.4516,-16.2263],[123.4593,-16.2317]]],[[[123.9034,-16.2739],[123.9329,-16.2821],[123.9401,-16.277],[123.9323,-16.2716],[123.9287,-16.273],[123.9206,-16.2633],[123.9094,-16.2557],[123.9072,-16.2572],[123.901,-16.2485],[123.8769,-16.2324],[123.8855,-16.2461],[123.8757,-16.2445],[123.8619,-16.2357],[123.8608,-16.2384],[123.8663,-16.2434],[123.8971,-16.257],[123.9004,-16.2718],[123.9056,-16.2675],[123.912,-16.2707],[123.9034,-16.2739]]],[[[124.2416,-16.3756],[124.2352,-16.3696],[124.2309,-16.3707],[124.2304,-16.3632],[124.2268,-16.3641],[124.225,-16.3583],[124.2308,-16.3578],[124.2311,-16.3553],[124.2271,-16.3485],[124.2216,-16.3476],[124.222,-16.3552],[124.2161,-16.3543],[124.2198,-16.3571],[124.2183,-16.359],[124.2237,-16.3693],[124.2234,-16.3809],[124.2323,-16.389],[124.2306,-16.3909],[124.2397,-16.4025],[124.2481,-16.4037],[124.2546,-16.3979],[124.2599,-16.3848],[124.2532,-16.3844],[124.254,-16.3814],[124.2474,-16.3788],[124.2451,-16.3891],[124.2379,-16.376],[124.2416,-16.3756]]],[[[123.8176,-16.2696],[123.8241,-16.2619],[123.8202,-16.2551],[123.8264,-16.2584],[123.826,-16.2481],[123.8313,-16.2472],[123.8304,-16.2526],[123.8354,-16.2475],[123.8332,-16.2381],[123.8353,-16.2328],[123.8311,-16.2237],[123.8339,-16.2312],[123.829,-16.2306],[123.8313,-16.235],[123.8226,-16.2275],[123.8277,-16.2398],[123.8197,-16.2414],[123.8156,-16.2379],[123.8151,-16.2419],[123.8105,-16.2361],[123.8083,-16.2412],[123.8157,-16.2491],[123.8073,-16.2428],[123.8041,-16.2452],[123.8062,-16.25],[123.811,-16.2497],[123.8107,-16.2562],[123.8075,-16.2517],[123.8088,-16.2631],[123.8108,-16.2666],[123.8152,-16.2636],[123.8176,-16.2696]]],[[[124.1047,-16.2577],[124.1138,-16.2569],[124.1116,-16.255],[124.1132,-16.2509],[124.118,-16.2527],[124.1227,-16.2499],[124.1296,-16.2532],[124.1454,-16.2498],[124.1345,-16.2453],[124.1395,-16.241],[124.1247,-16.2391],[124.1234,-16.2354],[124.118,-16.2399],[124.1199,-16.231],[124.1149,-16.2323],[124.1131,-16.2292],[124.1135,-16.2402],[124.1011,-16.2368],[124.1054,-16.2411],[124.1006,-16.2419],[124.1025,-16.2472],[124.0998,-16.2455],[124.0976,-16.2511],[124.105,-16.2525],[124.1047,-16.2577]]],[[[124.5677,-16.3465],[124.5809,-16.3491],[124.6501,-16.3503],[124.6099,-16.3418],[124.5662,-16.3426],[124.5677,-16.3465]]],[[[124.7115,-16.381],[124.7207,-16.3782],[124.7148,-16.3626],[124.7108,-16.3603],[124.6966,-16.3696],[124.6795,-16.3686],[124.6888,-16.3772],[124.7115,-16.381]]],[[[123.8777,-16.2868],[123.883,-16.2898],[123.881,-16.2874],[123.8863,-16.2845],[123.8832,-16.2733],[123.8763,-16.2645],[123.8743,-16.2676],[123.8698,-16.2635],[123.8723,-16.2616],[123.8699,-16.2591],[123.8645,-16.2553],[123.8633,-16.2588],[123.8574,-16.2532],[123.8576,-16.26],[123.866,-16.2714],[123.8636,-16.2736],[123.8724,-16.283],[123.8749,-16.2799],[123.879,-16.282],[123.8777,-16.2868]]],[[[123.5412,-16.2614],[123.5244,-16.2652],[123.509,-16.2583],[123.5034,-16.2584],[123.5174,-16.2658],[123.5244,-16.2779],[123.5302,-16.2775],[123.5292,-16.2723],[123.5467,-16.2735],[123.545,-16.2672],[123.5488,-16.266],[123.5404,-16.2554],[123.5364,-16.2555],[123.5412,-16.2614]]],[[[123.8772,-16.1991],[123.8768,-16.2041],[123.8704,-16.2075],[123.8721,-16.2175],[123.8752,-16.2187],[123.8867,-16.2119],[123.8857,-16.2036],[123.8907,-16.2029],[123.8881,-16.1979],[123.8865,-16.2004],[123.8839,-16.1977],[123.8863,-16.195],[123.884,-16.1887],[123.88,-16.1903],[123.8816,-16.1978],[123.8772,-16.191],[123.8708,-16.1879],[123.8676,-16.1919],[123.871,-16.1917],[123.8772,-16.1991]]],[[[123.6143,-16.348],[123.6291,-16.3546],[123.6278,-16.3451],[123.6212,-16.3438],[123.6076,-16.3284],[123.6001,-16.3278],[123.6064,-16.3429],[123.6114,-16.3454],[123.6115,-16.341],[123.6143,-16.348]]],[[[124.6919,-16.3647],[124.7032,-16.3569],[124.6929,-16.3493],[124.673,-16.3562],[124.6919,-16.3647]]],[[[124.444,-16.3773],[124.4548,-16.3738],[124.4647,-16.3558],[124.4615,-16.3602],[124.4445,-16.3685],[124.4333,-16.3681],[124.4365,-16.3747],[124.444,-16.3773]]],[[[123.6586,-16.3452],[123.6482,-16.3357],[123.6363,-16.3327],[123.6307,-16.3343],[123.6271,-16.3299],[123.6227,-16.3303],[123.6505,-16.3478],[123.6586,-16.3452]]],[[[123.6345,-16.4103],[123.6484,-16.418],[123.6656,-16.4188],[123.6618,-16.4134],[123.659,-16.416],[123.6452,-16.4088],[123.6423,-16.4109],[123.6323,-16.4013],[123.6222,-16.4006],[123.6345,-16.4077],[123.6345,-16.4103]]],[[[123.4383,-16.2783],[123.4454,-16.2761],[123.4435,-16.2731],[123.4476,-16.2745],[123.4428,-16.2677],[123.4491,-16.271],[123.4601,-16.27],[123.4386,-16.2619],[123.4345,-16.2705],[123.4383,-16.2783]]],[[[123.5621,-16.2352],[123.5614,-16.2328],[123.5649,-16.2343],[123.5645,-16.2413],[123.5679,-16.2402],[123.5664,-16.2383],[123.5734,-16.2391],[123.5712,-16.2416],[123.5735,-16.2432],[123.5784,-16.2441],[123.5801,-16.2414],[123.5476,-16.2194],[123.5621,-16.2352]]],[[[123.8415,-16.211],[123.8381,-16.2094],[123.8414,-16.1881],[123.8368,-16.19],[123.8309,-16.203],[123.8352,-16.2101],[123.8333,-16.2129],[123.8413,-16.2147],[123.8415,-16.211]]],[[[123.7429,-16.2617],[123.7601,-16.2718],[123.7652,-16.2697],[123.7596,-16.2679],[123.7563,-16.2659],[123.754,-16.263],[123.7617,-16.2668],[123.7661,-16.2655],[123.7532,-16.2589],[123.7456,-16.2587],[123.7429,-16.2617]]],[[[123.6069,-16.4178],[123.6214,-16.4284],[123.6275,-16.4214],[123.6131,-16.4145],[123.6156,-16.4165],[123.61,-16.4148],[123.6069,-16.4178]]],[[[123.8648,-16.2899],[123.8818,-16.315],[123.8779,-16.3143],[123.8852,-16.3197],[123.8807,-16.3055],[123.8728,-16.2994],[123.8769,-16.2973],[123.8766,-16.2938],[123.8709,-16.2887],[123.8648,-16.2899]]],[[[124.0657,-16.2429],[124.0635,-16.238],[124.0605,-16.2403],[124.0616,-16.2447],[124.0745,-16.2555],[124.0822,-16.2508],[124.0764,-16.2434],[124.07,-16.2439],[124.0718,-16.2411],[124.0682,-16.2393],[124.0657,-16.2429]]],[[[123.9524,-16.3475],[123.952,-16.3431],[123.9379,-16.333],[123.9204,-16.3248],[123.9524,-16.3475]]],[[[123.5545,-16.2583],[123.5675,-16.2616],[123.573,-16.2497],[123.5686,-16.2471],[123.5676,-16.2494],[123.5647,-16.2445],[123.5651,-16.254],[123.5599,-16.2578],[123.5671,-16.2553],[123.5646,-16.2599],[123.5544,-16.2572],[123.5465,-16.2515],[123.5545,-16.2583]]],[[[124.3554,-16.3409],[124.3475,-16.3516],[124.3545,-16.3596],[124.3593,-16.3423],[124.3554,-16.3409]]],[[[124.0972,-16.2325],[124.0923,-16.227],[124.0902,-16.2337],[124.0766,-16.227],[124.0743,-16.2302],[124.0859,-16.2379],[124.0943,-16.2359],[124.0972,-16.2325]]],[[[123.4216,-16.2792],[123.4189,-16.2713],[123.4146,-16.2777],[123.4175,-16.28],[123.4155,-16.2836],[123.421,-16.2844],[123.4211,-16.2894],[123.4268,-16.2849],[123.4299,-16.2871],[123.4293,-16.2827],[123.4216,-16.2792]]],[[[123.5151,-16.2987],[123.5193,-16.297],[123.518,-16.2941],[123.5205,-16.295],[123.5162,-16.2805],[123.5217,-16.2759],[123.5163,-16.2758],[123.5125,-16.2825],[123.5151,-16.2987]]],[[[123.6058,-16.3701],[123.6156,-16.3783],[123.6145,-16.3725],[123.6073,-16.3645],[123.5926,-16.3566],[123.601,-16.3671],[123.6051,-16.3687],[123.6035,-16.3657],[123.6057,-16.3662],[123.6085,-16.37],[123.6058,-16.3701]]],[[[123.4713,-16.4074],[123.4951,-16.418],[123.501,-16.4155],[123.4787,-16.4066],[123.4713,-16.4074]]],[[[123.6952,-16.3552],[123.6933,-16.3512],[123.6858,-16.3455],[123.6787,-16.345],[123.6882,-16.3562],[123.6984,-16.3564],[123.6959,-16.3519],[123.6952,-16.3552]]],[[[123.4221,-16.278],[123.4293,-16.282],[123.4335,-16.2753],[123.436,-16.2787],[123.436,-16.2765],[123.4332,-16.2698],[123.4302,-16.2727],[123.4274,-16.2709],[123.4275,-16.2754],[123.4245,-16.2729],[123.4221,-16.278]]],[[[123.8457,-16.2364],[123.8421,-16.2272],[123.8369,-16.2254],[123.8413,-16.2399],[123.8396,-16.2418],[123.8424,-16.2433],[123.8457,-16.2364]]],[[[123.6536,-16.353],[123.6625,-16.3528],[123.6727,-16.3556],[123.6689,-16.3488],[123.6539,-16.3475],[123.6567,-16.3512],[123.6536,-16.353]]],[[[123.9607,-16.2005],[123.9536,-16.1974],[123.9515,-16.2005],[123.9638,-16.2031],[123.9736,-16.2017],[123.9742,-16.1986],[123.9691,-16.1955],[123.9607,-16.2005]]],[[[124.3635,-16.3625],[124.3586,-16.376],[124.3637,-16.3738],[124.3677,-16.3645],[124.3635,-16.3625]]],[[[123.8187,-16.2187],[123.8167,-16.2032],[123.8116,-16.204],[123.8187,-16.2187]]],[[[123.7679,-16.2754],[123.7784,-16.2818],[123.7815,-16.2798],[123.775,-16.2726],[123.7687,-16.2714],[123.7679,-16.2754]]],[[[124.3517,-16.3646],[124.3503,-16.3575],[124.342,-16.353],[124.3411,-16.3599],[124.3517,-16.3646]]],[[[123.8477,-16.2717],[123.8497,-16.281],[123.8564,-16.281],[123.8515,-16.2707],[123.8477,-16.2717]]],[[[123.5036,-16.2267],[123.4917,-16.2088],[123.4895,-16.2145],[123.5009,-16.2309],[123.5036,-16.2267]]],[[[123.9465,-16.2267],[123.9629,-16.2295],[123.9657,-16.2288],[123.9394,-16.2207],[123.9465,-16.2267]]],[[[123.8134,-16.199],[123.816,-16.1974],[123.8078,-16.1885],[123.797,-16.1871],[123.8067,-16.1903],[123.8134,-16.199]]],[[[123.5744,-16.2582],[123.569,-16.2623],[123.5712,-16.2672],[123.5669,-16.2663],[123.5667,-16.2688],[123.5736,-16.2708],[123.5754,-16.2687],[123.5764,-16.2638],[123.571,-16.2619],[123.5744,-16.2582]]],[[[124.3905,-16.3245],[124.396,-16.3224],[124.3926,-16.316],[124.3861,-16.3209],[124.3905,-16.3245]]],[[[123.4215,-16.3448],[123.4215,-16.3353],[123.4189,-16.3324],[123.4148,-16.3435],[123.4215,-16.3448]]],[[[123.6844,-16.3663],[123.6855,-16.3632],[123.6734,-16.3613],[123.6755,-16.3653],[123.6844,-16.3663]]],[[[123.5461,-16.211],[123.5447,-16.1948],[123.5386,-16.1876],[123.5433,-16.1966],[123.5461,-16.211]]],[[[123.5155,-16.3754],[123.5034,-16.3675],[123.491,-16.3636],[123.4911,-16.3646],[123.5155,-16.3754]]],[[[123.8221,-16.2762],[123.8265,-16.2735],[123.826,-16.2692],[123.8293,-16.2678],[123.8218,-16.2693],[123.8221,-16.2762]]],[[[123.6216,-16.322],[123.6353,-16.3283],[123.6379,-16.3271],[123.6216,-16.322]]],[[[123.9213,-16.2994],[123.9226,-16.2966],[123.9154,-16.2952],[123.911,-16.2981],[123.9213,-16.2994]]],[[[124.3374,-16.3844],[124.3435,-16.3845],[124.3399,-16.3748],[124.3374,-16.3844]]],[[[124.2101,-16.2782],[124.2146,-16.2747],[124.2065,-16.2702],[124.2075,-16.2757],[124.2101,-16.2782]]],[[[123.5552,-16.2194],[123.564,-16.2262],[123.557,-16.2172],[123.5552,-16.2194]]],[[[124.2205,-16.2839],[124.2249,-16.2811],[124.221,-16.2821],[124.219,-16.2812],[124.221,-16.2789],[124.2146,-16.2778],[124.2205,-16.2839]]],[[[123.8654,-16.1972],[123.8632,-16.2037],[123.8677,-16.2007],[123.8692,-16.2054],[123.8743,-16.2018],[123.8654,-16.1972]]],[[[123.8497,-16.3843],[123.8547,-16.3913],[123.8573,-16.3882],[123.8556,-16.3826],[123.8497,-16.3843]]],[[[123.6046,-16.3787],[123.6101,-16.38],[123.6026,-16.3711],[123.6048,-16.375],[123.6046,-16.3787]]],[[[123.424,-16.3813],[123.4296,-16.3785],[123.4279,-16.3755],[123.4211,-16.3778],[123.424,-16.3813]]],[[[123.87,-16.2145],[123.865,-16.2086],[123.8598,-16.2114],[123.87,-16.2145]]],[[[123.548,-16.4139],[123.5519,-16.4132],[123.5462,-16.4084],[123.54,-16.4079],[123.5463,-16.41],[123.548,-16.4139]]],[[[124.0461,-16.2422],[124.047,-16.2393],[124.0354,-16.2394],[124.0366,-16.2412],[124.0461,-16.2422]]],[[[124.6769,-16.3723],[124.6715,-16.3685],[124.664,-16.3677],[124.6714,-16.371],[124.6769,-16.3723]]],[[[124.2714,-16.3917],[124.275,-16.3952],[124.2825,-16.3979],[124.2857,-16.3977],[124.2714,-16.3917]]],[[[123.4174,-16.3611],[123.4248,-16.3635],[123.4335,-16.3659],[123.4326,-16.3643],[123.4174,-16.3611]]],[[[123.4275,-16.314],[123.4318,-16.3114],[123.4332,-16.3079],[123.4275,-16.3091],[123.4275,-16.314]]],[[[123.4956,-16.4098],[123.4938,-16.4043],[123.4887,-16.4063],[123.4915,-16.4083],[123.4956,-16.4098]]],[[[123.5443,-16.2242],[123.5519,-16.2324],[123.5555,-16.2407],[123.5545,-16.2347],[123.5443,-16.2242]]],[[[123.6709,-16.4074],[123.6774,-16.4092],[123.6788,-16.4069],[123.6709,-16.4074]]],[[[123.5533,-16.2488],[123.5565,-16.2448],[123.5562,-16.2438],[123.5519,-16.2446],[123.5533,-16.2488]]],[[[124.1543,-16.2738],[124.159,-16.269],[124.156,-16.2672],[124.1528,-16.2722],[124.1543,-16.2738]]],[[[124.8856,-16.4109],[124.8792,-16.4108],[124.8774,-16.4135],[124.8825,-16.4127],[124.8856,-16.4109]]],[[[124.1682,-16.27],[124.1727,-16.2738],[124.1712,-16.271],[124.1738,-16.2686],[124.1682,-16.27]]],[[[123.8535,-16.3132],[123.8561,-16.3102],[123.854,-16.308],[123.8502,-16.3096],[123.8535,-16.3132]]],[[[124.2285,-16.2857],[124.2337,-16.2877],[124.2348,-16.2856],[124.2285,-16.2857]]],[[[123.3971,-16.2864],[123.3975,-16.2841],[123.4004,-16.2824],[123.3929,-16.2849],[123.3971,-16.2864]]],[[[123.8328,-16.2653],[123.8327,-16.2564],[123.8304,-16.2628],[123.8328,-16.2653]]],[[[123.5868,-16.365],[123.5831,-16.3611],[123.5769,-16.3606],[123.581,-16.3619],[123.5868,-16.365]]],[[[124.2303,-16.3433],[124.2298,-16.3411],[124.2249,-16.3365],[124.2258,-16.3418],[124.2303,-16.3433]]],[[[123.4385,-16.3807],[123.4462,-16.3826],[123.4369,-16.3793],[123.4385,-16.3807]]],[[[123.858,-16.2346],[123.8614,-16.2338],[123.857,-16.2289],[123.858,-16.2308],[123.858,-16.2346]]],[[[124.1389,-16.2675],[124.1467,-16.2658],[124.1366,-16.2652],[124.1389,-16.2675]]],[[[123.5055,-16.2339],[123.511,-16.2353],[123.5037,-16.2295],[123.5055,-16.2339]]],[[[123.6262,-16.3418],[123.6336,-16.3412],[123.6227,-16.3392],[123.6262,-16.3418]]],[[[123.8703,-16.3217],[123.8687,-16.3174],[123.8643,-16.3171],[123.8653,-16.3188],[123.8703,-16.3217]]],[[[123.4198,-16.3161],[123.4256,-16.3146],[123.426,-16.3135],[123.4212,-16.3136],[123.4198,-16.3161]]],[[[123.9678,-16.2305],[123.9753,-16.2317],[123.9671,-16.2292],[123.9678,-16.2305]]],[[[123.8443,-16.208],[123.8451,-16.206],[123.8441,-16.2003],[123.8426,-16.203],[123.8443,-16.208]]],[[[123.886,-16.3229],[123.884,-16.3238],[123.8851,-16.3279],[123.887,-16.327],[123.886,-16.3229]]],[[[124.1614,-16.2757],[124.1664,-16.2731],[124.1604,-16.2738],[124.1614,-16.2757]]],[[[124.3688,-16.308],[124.3721,-16.3087],[124.3707,-16.3036],[124.3688,-16.308]]],[[[124.1954,-16.2989],[124.2021,-16.3012],[124.195,-16.2966],[124.1954,-16.2989]]],[[[124.3938,-16.2613],[124.3996,-16.2619],[124.3935,-16.26],[124.3938,-16.2613]]],[[[123.8803,-16.3454],[123.8856,-16.3498],[123.8809,-16.3438],[123.8803,-16.3454]]],[[[124.0567,-16.2402],[124.0551,-16.2357],[124.0529,-16.2341],[124.0538,-16.2382],[124.0567,-16.2402]]],[[[123.8251,-16.2847],[123.8256,-16.2819],[123.8207,-16.2785],[123.8221,-16.2815],[123.8251,-16.2847]]],[[[123.8785,-16.3364],[123.8755,-16.3327],[123.8732,-16.3328],[123.875,-16.3347],[123.8785,-16.3364]]],[[[123.444,-16.3855],[123.4476,-16.3851],[123.442,-16.3849],[123.444,-16.3855]]],[[[123.8709,-16.3397],[123.8749,-16.3401],[123.8717,-16.3384],[123.8709,-16.3397]]],[[[123.4473,-16.1941],[123.4495,-16.1911],[123.448,-16.1904],[123.446,-16.1907],[123.4473,-16.1941]]],[[[124.1977,-16.332],[124.201,-16.3316],[124.2011,-16.329],[124.1977,-16.332]]],[[[124.2679,-16.3925],[124.2674,-16.3898],[124.266,-16.3883],[124.2644,-16.3906],[124.2679,-16.3925]]],[[[123.4413,-16.224],[123.4437,-16.2221],[123.4428,-16.2189],[123.4406,-16.2219],[123.4413,-16.224]]],[[[123.8085,-16.2362],[123.8088,-16.2315],[123.8076,-16.2305],[123.8063,-16.2324],[123.8085,-16.2362]]],[[[123.8082,-16.1824],[123.8115,-16.1829],[123.8085,-16.1803],[123.8082,-16.1824]]],[[[123.6738,-16.4164],[123.6784,-16.4157],[123.6791,-16.4139],[123.6761,-16.4143],[123.6738,-16.4164]]],[[[124.8669,-16.4146],[124.8647,-16.4134],[124.8586,-16.4144],[124.8589,-16.4146],[124.8669,-16.4146]]],[[[123.4836,-16.3954],[123.4823,-16.3929],[123.4801,-16.3942],[123.4811,-16.3952],[123.4836,-16.3954]]],[[[123.4558,-16.1886],[123.4568,-16.186],[123.4533,-16.1869],[123.4558,-16.1886]]],[[[124.7227,-16.3948],[124.7301,-16.3938],[124.7221,-16.3944],[124.7227,-16.3948]]],[[[123.4117,-16.3137],[123.4178,-16.3128],[123.4112,-16.3132],[123.4117,-16.3137]]],[[[124.0625,-16.2379],[124.0641,-16.2353],[124.0609,-16.2347],[124.0603,-16.2357],[124.0625,-16.2379]]],[[[123.8502,-16.2892],[123.8535,-16.288],[123.8489,-16.2873],[123.8502,-16.2892]]],[[[123.804,-16.2677],[123.8035,-16.2637],[123.8016,-16.2627],[123.8015,-16.2639],[123.804,-16.2677]]],[[[123.8802,-16.3302],[123.8824,-16.3301],[123.8795,-16.3272],[123.8802,-16.3302]]],[[[123.8432,-16.3076],[123.8423,-16.3032],[123.8404,-16.3019],[123.84,-16.3022],[123.8432,-16.3076]]],[[[123.4323,-16.3796],[123.4353,-16.3783],[123.4317,-16.3792],[123.4323,-16.3796]]],[[[123.46,-16.2783],[123.4643,-16.276],[123.4641,-16.2743],[123.46,-16.2783]]],[[[123.4669,-16.3905],[123.469,-16.3889],[123.4665,-16.3876],[123.4669,-16.3905]]],[[[123.5345,-16.2098],[123.539,-16.2161],[123.5349,-16.2094],[123.5345,-16.2098]]],[[[123.4022,-16.2901],[123.4022,-16.2877],[123.3999,-16.2862],[123.4001,-16.2878],[123.4022,-16.2901]]],[[[124.0931,-16.2579],[124.0974,-16.2581],[124.0923,-16.2564],[124.0931,-16.2579]]],[[[123.8766,-16.3441],[123.8782,-16.3424],[123.876,-16.3416],[123.8766,-16.3441]]],[[[123.4463,-16.2936],[123.4485,-16.2933],[123.4486,-16.2897],[123.4463,-16.2936]]],[[[123.8634,-16.2322],[123.8665,-16.2318],[123.8627,-16.231],[123.8634,-16.2322]]],[[[124.025,-16.2405],[124.0288,-16.2407],[124.0295,-16.2399],[124.025,-16.2405]]],[[[123.5821,-16.354],[123.5862,-16.355],[123.5813,-16.3527],[123.5821,-16.354]]],[[[123.5237,-16.2873],[123.527,-16.2862],[123.5272,-16.2854],[123.5248,-16.2849],[123.5237,-16.2873]]],[[[123.782,-16.2296],[123.7848,-16.2286],[123.7822,-16.2283],[123.782,-16.2296]]],[[[123.4825,-16.2966],[123.484,-16.2947],[123.4834,-16.293],[123.4821,-16.2941],[123.4825,-16.2966]]],[[[124.9377,-16.387],[124.9402,-16.3858],[124.936,-16.3857],[124.9377,-16.387]]],[[[123.5586,-16.326],[123.5608,-16.3275],[123.5634,-16.3296],[123.5622,-16.3277],[123.5586,-16.326]]],[[[123.5906,-16.3597],[123.5892,-16.3574],[123.587,-16.3565],[123.5866,-16.3571],[123.5906,-16.3597]]],[[[123.573,-16.2098],[123.5735,-16.2082],[123.5711,-16.2084],[123.573,-16.2098]]],[[[123.503,-16.38],[123.508,-16.3806],[123.5028,-16.3794],[123.503,-16.38]]],[[[124.2361,-16.295],[124.2381,-16.294],[124.2369,-16.2927],[124.2361,-16.295]]],[[[123.862,-16.3223],[123.8614,-16.3198],[123.8592,-16.3183],[123.8591,-16.3189],[123.862,-16.3223]]],[[[123.815,-16.2733],[123.8154,-16.272],[123.8129,-16.2708],[123.815,-16.2733]]],[[[123.8388,-16.2542],[123.8411,-16.2529],[123.8408,-16.2518],[123.8388,-16.2542]]],[[[123.424,-16.341],[123.4265,-16.3405],[123.4254,-16.3388],[123.424,-16.341]]],[[[123.7828,-16.276],[123.7856,-16.2769],[123.783,-16.2754],[123.7828,-16.276]]],[[[123.5781,-16.2617],[123.5808,-16.2619],[123.5798,-16.2598],[123.5781,-16.2617]]],[[[123.4907,-16.2362],[123.4927,-16.2356],[123.4899,-16.2349],[123.4907,-16.2362]]],[[[123.557,-16.3477],[123.5586,-16.3471],[123.5566,-16.346],[123.557,-16.3477]]],[[[123.8396,-16.2504],[123.8398,-16.2484],[123.838,-16.2458],[123.8378,-16.2465],[123.8396,-16.2504]]],[[[123.505,-16.2353],[123.5024,-16.2316],[123.5018,-16.2314],[123.5028,-16.2338],[123.505,-16.2353]]],[[[124.1975,-16.3066],[124.2006,-16.3072],[124.1972,-16.3063],[124.1975,-16.3066]]],[[[123.6109,-16.3571],[123.6141,-16.3577],[123.6111,-16.3566],[123.6109,-16.3571]]],[[[123.5677,-16.3357],[123.5702,-16.3364],[123.5679,-16.3351],[123.5677,-16.3357]]],[[[124.1069,-16.2343],[124.1089,-16.2343],[124.1083,-16.2329],[124.1069,-16.2343]]],[[[123.6166,-16.3191],[123.6186,-16.3191],[123.6167,-16.3176],[123.6166,-16.3191]]],[[[124.0819,-16.2533],[124.0843,-16.2539],[124.0848,-16.2532],[124.0819,-16.2533]]],[[[124.0113,-16.2405],[124.0147,-16.2413],[124.0148,-16.2409],[124.0113,-16.2405]]],[[[123.5403,-16.201],[123.5413,-16.1993],[123.5404,-16.1977],[123.5403,-16.201]]],[[[123.4792,-16.2842],[123.4807,-16.2834],[123.479,-16.2833],[123.4792,-16.2842]]],[[[123.449,-16.1938],[123.4506,-16.1931],[123.4496,-16.1912],[123.449,-16.1938]]],[[[123.5732,-16.3392],[123.5754,-16.3401],[123.5733,-16.3386],[123.5732,-16.3392]]],[[[123.5878,-16.2321],[123.5894,-16.2316],[123.588,-16.231],[123.5878,-16.2321]]],[[[124.1945,-16.3307],[124.1961,-16.3295],[124.1949,-16.329],[124.1945,-16.3307]]],[[[123.5637,-16.3314],[123.5658,-16.3318],[123.5636,-16.3299],[123.5637,-16.3314]]],[[[123.5662,-16.3384],[123.5678,-16.3378],[123.5671,-16.3373],[123.5662,-16.3384]]],[[[123.8575,-16.2815],[123.859,-16.2817],[123.8598,-16.2801],[123.8575,-16.2815]]],[[[123.8078,-16.2056],[123.8095,-16.2049],[123.8078,-16.205],[123.8078,-16.2056]]],[[[123.4646,-16.2376],[123.4671,-16.2388],[123.4648,-16.2371],[123.4646,-16.2376]]],[[[123.7682,-16.263],[123.7694,-16.2636],[123.7691,-16.2623],[123.7682,-16.263]]],[[[124.8023,-16.4132],[124.8042,-16.4133],[124.8031,-16.4121],[124.8023,-16.4132]]],[[[123.8165,-16.1871],[123.8183,-16.1868],[123.8169,-16.186],[123.8165,-16.1871]]],[[[123.5525,-16.21],[123.5537,-16.2089],[123.5515,-16.2089],[123.5525,-16.21]]],[[[123.4817,-16.3688],[123.4807,-16.3666],[123.4796,-16.3667],[123.4817,-16.3688]]],[[[124.5631,-16.3429],[124.5651,-16.3431],[124.5655,-16.3427],[124.5631,-16.3429]]],[[[123.5477,-16.3302],[123.5496,-16.3311],[123.5479,-16.3297],[123.5477,-16.3302]]],[[[123.4955,-16.3812],[123.4976,-16.3823],[123.498,-16.3819],[123.4955,-16.3812]]],[[[123.8778,-16.3186],[123.8796,-16.319],[123.8777,-16.318],[123.8778,-16.3186]]],[[[123.5534,-16.2139],[123.5544,-16.215],[123.5548,-16.2142],[123.5534,-16.2139]]],[[[124.3272,-16.417],[124.329,-16.4172],[124.3292,-16.4165],[124.3272,-16.417]]],[[[124.0874,-16.2576],[124.0897,-16.258],[124.0879,-16.257],[124.0874,-16.2576]]],[[[124.1024,-16.2317],[124.1037,-16.2314],[124.1027,-16.2313],[124.1024,-16.2317]]],[[[123.5232,-16.1841],[123.5248,-16.185],[123.5253,-16.1847],[123.5232,-16.1841]]],[[[123.5101,-16.397],[123.5122,-16.3968],[123.5101,-16.3963],[123.5101,-16.397]]],[[[123.4717,-16.242],[123.4714,-16.2405],[123.4702,-16.2408],[123.4717,-16.242]]],[[[123.839,-16.2575],[123.8406,-16.2576],[123.8401,-16.257],[123.839,-16.2575]]],[[[123.6673,-16.4173],[123.669,-16.4167],[123.6672,-16.4166],[123.6673,-16.4173]]],[[[123.7013,-16.352],[123.7024,-16.3531],[123.7022,-16.3518],[123.7013,-16.352]]],[[[123.5433,-16.2784],[123.5449,-16.2779],[123.5446,-16.277],[123.5433,-16.2784]]],[[[123.5449,-16.3322],[123.546,-16.332],[123.5441,-16.3311],[123.5449,-16.3322]]],[[[124.3761,-16.2335],[124.377,-16.2323],[124.3764,-16.232],[124.3761,-16.2335]]],[[[123.7878,-16.2815],[123.7888,-16.2809],[123.7883,-16.2806],[123.7878,-16.2815]]],[[[123.8326,-16.2776],[123.8332,-16.2783],[123.8342,-16.2766],[123.8326,-16.2776]]],[[[123.8724,-16.2318],[123.8738,-16.2314],[123.8722,-16.2315],[123.8724,-16.2318]]],[[[123.8834,-16.3203],[123.8843,-16.3201],[123.8837,-16.3194],[123.8834,-16.3203]]],[[[123.8838,-16.2878],[123.8851,-16.2874],[123.8842,-16.2873],[123.8838,-16.2878]]],[[[124.0212,-16.2408],[124.0219,-16.2401],[124.0208,-16.2404],[124.0212,-16.2408]]],[[[123.5748,-16.3582],[123.576,-16.358],[123.575,-16.3571],[123.5748,-16.3582]]],[[[123.8279,-16.2791],[123.829,-16.279],[123.8283,-16.2783],[123.8279,-16.2791]]],[[[123.8706,-16.2339],[123.8718,-16.2345],[123.8718,-16.2336],[123.8706,-16.2339]]],[[[123.5834,-16.2165],[123.5852,-16.2171],[123.5861,-16.2172],[123.5834,-16.2165]]],[[[123.873,-16.235],[123.8741,-16.2348],[123.8732,-16.2341],[123.873,-16.235]]],[[[124.3828,-16.2391],[124.3832,-16.2382],[124.3818,-16.2386],[124.3828,-16.2391]]],[[[124.116,-16.2538],[124.1177,-16.2544],[124.1163,-16.2535],[124.116,-16.2538]]],[[[123.8376,-16.2363],[123.8387,-16.2364],[123.838,-16.2355],[123.8376,-16.2363]]],[[[123.8388,-16.2391],[123.8399,-16.2397],[123.8392,-16.2385],[123.8388,-16.2391]]],[[[124.201,-16.3353],[124.2022,-16.3347],[124.2015,-16.3345],[124.201,-16.3353]]],[[[123.4796,-16.3712],[123.4806,-16.3708],[123.4798,-16.3704],[123.4796,-16.3712]]],[[[124.3338,-16.419],[124.3347,-16.4192],[124.3345,-16.4178],[124.3338,-16.419]]],[[[123.8771,-16.2361],[123.8786,-16.2357],[123.8766,-16.2353],[123.8771,-16.2361]]],[[[124.0072,-16.2415],[124.0084,-16.241],[124.0072,-16.2408],[124.0072,-16.2415]]],[[[124.3886,-16.2959],[124.39,-16.2957],[124.3894,-16.2954],[124.3886,-16.2959]]],[[[123.8366,-16.2469],[123.8378,-16.2475],[123.8367,-16.2465],[123.8366,-16.2469]]],[[[124.3777,-16.2304],[124.3786,-16.231],[124.3783,-16.2298],[124.3777,-16.2304]]],[[[124.0038,-16.2415],[124.0047,-16.241],[124.0029,-16.2408],[124.0038,-16.2415]]],[[[124.3393,-16.4098],[124.3404,-16.4094],[124.3395,-16.4093],[124.3393,-16.4098]]],[[[124.3869,-16.3162],[124.3878,-16.3167],[124.3875,-16.3154],[124.3869,-16.3162]]],[[[123.9745,-16.1948],[123.9758,-16.1948],[123.9756,-16.1945],[123.9745,-16.1948]]],[[[123.5418,-16.2219],[123.5428,-16.2221],[123.542,-16.2211],[123.5418,-16.2219]]],[[[123.444,-16.2232],[123.4448,-16.2239],[123.4448,-16.2235],[123.444,-16.2232]]],[[[123.441,-16.1953],[123.4419,-16.1958],[123.4419,-16.1952],[123.441,-16.1953]]],[[[123.8757,-16.2367],[123.8768,-16.2367],[123.8759,-16.236],[123.8757,-16.2367]]],[[[123.476,-16.1907],[123.4767,-16.1897],[123.4762,-16.1895],[123.476,-16.1907]]],[[[123.5563,-16.215],[123.5573,-16.2156],[123.5573,-16.2147],[123.5563,-16.215]]],[[[124.016,-16.2408],[124.0172,-16.2409],[124.0161,-16.2404],[124.016,-16.2408]]],[[[123.4643,-16.4064],[123.4647,-16.4057],[123.4634,-16.4058],[123.4643,-16.4064]]],[[[124.3944,-16.3128],[124.3956,-16.3128],[124.3949,-16.3122],[124.3944,-16.3128]]],[[[124.3849,-16.3241],[124.3857,-16.3244],[124.3854,-16.3236],[124.3849,-16.3241]]],[[[123.4812,-16.3652],[123.4822,-16.3651],[123.4814,-16.3646],[123.4812,-16.3652]]],[[[123.7664,-16.1548],[123.7766,-16.1603],[123.7592,-16.149],[123.7706,-16.148],[123.778,-16.1424],[123.7745,-16.1481],[123.789,-16.1598],[123.7911,-16.157],[123.7828,-16.1486],[123.7896,-16.1502],[123.793,-16.1449],[123.7974,-16.1475],[123.7927,-16.1365],[123.7877,-16.1365],[123.7844,-16.1323],[123.7908,-16.1281],[123.7853,-16.1235],[123.7918,-16.1206],[123.7887,-16.1137],[123.7776,-16.1125],[123.7771,-16.1155],[123.7816,-16.118],[123.7769,-16.1257],[123.7493,-16.1209],[123.7458,-16.1158],[123.7424,-16.1176],[123.7363,-16.1138],[123.7321,-16.1178],[123.7273,-16.1153],[123.732,-16.1124],[123.7106,-16.1063],[123.7018,-16.1064],[123.7077,-16.108],[123.7074,-16.1119],[123.689,-16.1088],[123.6829,-16.112],[123.6885,-16.114],[123.685,-16.1155],[123.6964,-16.1148],[123.7054,-16.119],[123.7092,-16.1139],[123.7094,-16.12],[123.72,-16.1224],[123.7259,-16.1285],[123.7367,-16.1321],[123.7459,-16.1442],[123.7499,-16.1414],[123.7497,-16.1452],[123.7576,-16.1532],[123.7661,-16.1586],[123.7664,-16.1548]]],[[[124.0728,-16.1075],[124.067,-16.1149],[124.0625,-16.1132],[124.0651,-16.1199],[124.068,-16.1164],[124.0721,-16.12],[124.0789,-16.1111],[124.078,-16.1166],[124.0815,-16.1145],[124.0859,-16.1168],[124.0844,-16.1066],[124.0853,-16.1047],[124.0885,-16.1075],[124.0866,-16.1029],[124.0894,-16.0995],[124.0911,-16.101],[124.0901,-16.1059],[124.0943,-16.1037],[124.0922,-16.1128],[124.1004,-16.1162],[124.1006,-16.0967],[124.0892,-16.0873],[124.0691,-16.0814],[124.0709,-16.0917],[124.0764,-16.0932],[124.0578,-16.1054],[124.0628,-16.1098],[124.0615,-16.1069],[124.0665,-16.1028],[124.0649,-16.1084],[124.0728,-16.1075]]],[[[123.5479,-16.0999],[123.5571,-16.0966],[123.5495,-16.0851],[123.5503,-16.0771],[123.5575,-16.0748],[123.5641,-16.0781],[123.5601,-16.0723],[123.5447,-16.0689],[123.5405,-16.064],[123.5432,-16.061],[123.53,-16.0584],[123.5225,-16.069],[123.5259,-16.0714],[123.5236,-16.079],[123.5256,-16.0867],[123.5322,-16.0863],[123.5327,-16.0913],[123.5385,-16.0957],[123.5354,-16.0876],[123.5403,-16.091],[123.5387,-16.0873],[123.5439,-16.0854],[123.5524,-16.096],[123.5479,-16.0999]]],[[[124.0956,-16.1496],[124.0935,-16.142],[124.0878,-16.1446],[124.0868,-16.1373],[124.0792,-16.1316],[124.0826,-16.1413],[124.0852,-16.1413],[124.0844,-16.1463],[124.082,-16.1445],[124.0813,-16.1469],[124.0749,-16.1356],[124.0692,-16.1384],[124.0726,-16.1334],[124.0701,-16.1291],[124.0671,-16.1373],[124.0628,-16.14],[124.072,-16.1419],[124.0664,-16.1449],[124.0653,-16.1523],[124.0773,-16.1544],[124.0756,-16.1557],[124.0842,-16.162],[124.0948,-16.1654],[124.0947,-16.1617],[124.0994,-16.1632],[124.0997,-16.1573],[124.0922,-16.1548],[124.0956,-16.1496]]],[[[123.5984,-16.0883],[123.5901,-16.0864],[123.5892,-16.0815],[123.5851,-16.0811],[123.5842,-16.0854],[123.6146,-16.1033],[123.6272,-16.1071],[123.6303,-16.1021],[123.6374,-16.105],[123.6352,-16.0985],[123.6407,-16.1002],[123.6303,-16.0945],[123.6246,-16.0965],[123.6229,-16.0918],[123.615,-16.0936],[123.6039,-16.0844],[123.5982,-16.0847],[123.5984,-16.0883]]],[[[123.5171,-16.0268],[123.5084,-16.0243],[123.5273,-16.0429],[123.5302,-16.0504],[123.5392,-16.0538],[123.5375,-16.0512],[123.5427,-16.0463],[123.552,-16.0465],[123.5449,-16.0404],[123.5404,-16.0441],[123.5424,-16.0368],[123.5366,-16.0388],[123.5383,-16.0346],[123.5335,-16.03],[123.5271,-16.035],[123.5275,-16.0287],[123.522,-16.0269],[123.5294,-16.0237],[123.5221,-16.0173],[123.5162,-16.0196],[123.5171,-16.0268]]],[[[123.4003,-16.1345],[123.4015,-16.1301],[123.4081,-16.1264],[123.415,-16.1313],[123.4146,-16.1375],[123.4225,-16.1318],[123.4189,-16.125],[123.4182,-16.1276],[123.4143,-16.1255],[123.4165,-16.124],[123.4116,-16.1222],[123.4117,-16.1189],[123.4026,-16.1178],[123.3989,-16.1114],[123.4018,-16.1084],[123.3958,-16.1075],[123.3928,-16.1101],[123.4,-16.1182],[123.3946,-16.1211],[123.3899,-16.1195],[123.3889,-16.1213],[123.3954,-16.1239],[123.3888,-16.1278],[123.3969,-16.1298],[123.396,-16.1331],[123.4003,-16.1345]]],[[[123.4421,-16.1136],[123.4468,-16.1118],[123.4419,-16.1069],[123.4418,-16.0993],[123.4372,-16.0997],[123.4392,-16.0987],[123.4362,-16.0977],[123.4351,-16.0913],[123.4414,-16.0935],[123.439,-16.0888],[123.4428,-16.0914],[123.4464,-16.0861],[123.4325,-16.076],[123.4323,-16.0789],[123.4286,-16.0783],[123.432,-16.0809],[123.4323,-16.0874],[123.4245,-16.0878],[123.4328,-16.1072],[123.4421,-16.1136]]],[[[123.7724,-16.1651],[123.7921,-16.2008],[123.8088,-16.2001],[123.8031,-16.1904],[123.7967,-16.1916],[123.7892,-16.1811],[123.7842,-16.1804],[123.7772,-16.1636],[123.7762,-16.1661],[123.7724,-16.1651]]],[[[123.5089,-16.1492],[123.5053,-16.1619],[123.5087,-16.1648],[123.5125,-16.1649],[123.5124,-16.1611],[123.5201,-16.1644],[123.5178,-16.1587],[123.5231,-16.163],[123.5255,-16.1491],[123.5194,-16.1409],[123.5196,-16.1438],[123.5115,-16.1455],[123.5089,-16.1492]]],[[[123.4342,-16.1615],[123.4283,-16.1622],[123.45,-16.1689],[123.4534,-16.1656],[123.4537,-16.1689],[123.4611,-16.1703],[123.4607,-16.1632],[123.4554,-16.1548],[123.448,-16.1575],[123.439,-16.1551],[123.4342,-16.1615]]],[[[123.5731,-16.1589],[123.5791,-16.1569],[123.585,-16.1626],[123.5887,-16.1576],[123.5886,-16.1616],[123.5938,-16.1607],[123.5952,-16.1649],[123.5913,-16.1452],[123.5867,-16.1433],[123.5878,-16.148],[123.5754,-16.1466],[123.579,-16.1557],[123.5709,-16.1538],[123.5698,-16.1567],[123.5731,-16.1589]]],[[[123.4078,-16.0871],[123.4129,-16.0835],[123.4191,-16.0875],[123.4194,-16.0846],[123.4109,-16.0763],[123.3892,-16.0698],[123.399,-16.0748],[123.4012,-16.0803],[123.4063,-16.0802],[123.4046,-16.0857],[123.4078,-16.0871]]],[[[123.3841,-16.0582],[123.378,-16.059],[123.3984,-16.0677],[123.4201,-16.0737],[123.4242,-16.0724],[123.4118,-16.0694],[123.4052,-16.0633],[123.3907,-16.0599],[123.3883,-16.0628],[123.3841,-16.0582]]],[[[124.0734,-16.1741],[124.0779,-16.1748],[124.0798,-16.17],[124.0848,-16.168],[124.0803,-16.1615],[124.0682,-16.1664],[124.0734,-16.1741]]],[[[123.4606,-16.1578],[123.4593,-16.1504],[123.4428,-16.1416],[123.4418,-16.1457],[123.45,-16.1543],[123.4552,-16.1543],[123.4606,-16.1578]]],[[[123.8846,-16.1739],[123.8784,-16.171],[123.876,-16.1761],[123.8909,-16.1918],[123.8937,-16.1871],[123.884,-16.1823],[123.8816,-16.1758],[123.8846,-16.1739]]],[[[124.0047,-16.0111],[124.0089,-16.0123],[124.0275,-16.0177],[124.0204,-16.0122],[124.0047,-16.0111]]],[[[124.1024,-16.1216],[124.0978,-16.1275],[124.1023,-16.1265],[124.1041,-16.1225],[124.1025,-16.1161],[124.096,-16.1207],[124.1024,-16.1216]]],[[[123.5511,-16.0649],[123.5562,-16.0685],[123.5629,-16.0687],[123.5554,-16.0614],[123.5524,-16.0608],[123.5539,-16.0648],[123.5511,-16.0649]]],[[[124.0641,-16.0886],[124.069,-16.0849],[124.0669,-16.0819],[124.0611,-16.084],[124.0641,-16.0886]]],[[[123.8611,-16.1383],[123.8595,-16.1342],[123.8464,-16.1223],[123.8553,-16.1331],[123.8611,-16.1383]]],[[[123.5351,-16.1583],[123.5347,-16.1523],[123.5269,-16.1441],[123.5262,-16.1455],[123.5351,-16.1583]]],[[[123.826,-16.1506],[123.833,-16.153],[123.8244,-16.1481],[123.826,-16.1506]]],[[[123.5201,-16.0621],[123.519,-16.0601],[123.5071,-16.0544],[123.5136,-16.0599],[123.5201,-16.0621]]],[[[123.8303,-16.146],[123.8271,-16.1408],[123.8204,-16.1394],[123.8238,-16.1425],[123.8303,-16.146]]],[[[123.4252,-16.176],[123.4304,-16.1751],[123.4317,-16.1739],[123.423,-16.1701],[123.4252,-16.176]]],[[[124.4703,-16.062],[124.4734,-16.0576],[124.4692,-16.0549],[124.4686,-16.0606],[124.4703,-16.062]]],[[[124.0378,-16.0611],[124.0389,-16.0584],[124.0347,-16.0558],[124.0341,-16.0592],[124.0378,-16.0611]]],[[[123.7643,-16.1094],[123.7719,-16.1108],[123.7726,-16.1098],[123.7643,-16.1094]]],[[[123.45,-16.0974],[123.4512,-16.0923],[123.4478,-16.0916],[123.4472,-16.0957],[123.45,-16.0974]]],[[[123.7101,-16.1516],[123.7062,-16.1462],[123.7033,-16.1455],[123.7054,-16.1485],[123.7101,-16.1516]]],[[[123.5405,-16.0245],[123.5442,-16.0309],[123.5455,-16.0271],[123.5405,-16.0245]]],[[[123.9344,-16.0696],[123.9358,-16.064],[123.9335,-16.0615],[123.9331,-16.0671],[123.9344,-16.0696]]],[[[123.4386,-16.1273],[123.4433,-16.1268],[123.4385,-16.123],[123.4386,-16.1273]]],[[[123.6446,-16.1081],[123.6452,-16.1034],[123.6402,-16.106],[123.6446,-16.1081]]],[[[124.0678,-16.0807],[124.0673,-16.0764],[124.0641,-16.0758],[124.0641,-16.0762],[124.0678,-16.0807]]],[[[123.6776,-16.1114],[123.682,-16.11],[123.6747,-16.1101],[123.6776,-16.1114]]],[[[123.5546,-16.0359],[123.5551,-16.0336],[123.553,-16.0312],[123.5509,-16.0328],[123.5546,-16.0359]]],[[[123.8104,-16.177],[123.8073,-16.1738],[123.8064,-16.1742],[123.8083,-16.1791],[123.8104,-16.177]]],[[[123.4181,-16.1715],[123.4216,-16.17],[123.4188,-16.1693],[123.4181,-16.1715]]],[[[123.4424,-16.0993],[123.4467,-16.0993],[123.4448,-16.0973],[123.4424,-16.0993]]],[[[123.8342,-16.1557],[123.8367,-16.1537],[123.8354,-16.152],[123.8331,-16.1532],[123.8342,-16.1557]]],[[[123.795,-16.1668],[123.7996,-16.1669],[123.7953,-16.1649],[123.795,-16.1668]]],[[[123.462,-16.1381],[123.4653,-16.1385],[123.4606,-16.1356],[123.462,-16.1381]]],[[[123.7676,-16.1628],[123.7705,-16.1636],[123.7673,-16.1605],[123.7676,-16.1628]]],[[[123.57,-16.1702],[123.5724,-16.1705],[123.5703,-16.1679],[123.57,-16.1702]]],[[[124.0545,-16.0772],[124.0564,-16.0758],[124.0544,-16.0741],[124.0545,-16.0772]]],[[[123.6557,-16.1575],[123.6546,-16.155],[123.6529,-16.1569],[123.6532,-16.1573],[123.6557,-16.1575]]],[[[123.4421,-16.0764],[123.4455,-16.0776],[123.4421,-16.0747],[123.4421,-16.0764]]],[[[123.4476,-16.0785],[123.4495,-16.0793],[123.451,-16.0778],[123.4476,-16.0785]]],[[[123.8013,-16.1708],[123.8037,-16.1709],[123.8017,-16.169],[123.8013,-16.1708]]],[[[123.4672,-16.1326],[123.4693,-16.1331],[123.4676,-16.1305],[123.4672,-16.1326]]],[[[123.4543,-16.1388],[123.4579,-16.1393],[123.4579,-16.1386],[123.4543,-16.1388]]],[[[123.7542,-16.112],[123.7569,-16.113],[123.7539,-16.1104],[123.7542,-16.112]]],[[[123.4729,-16.1444],[123.4724,-16.1416],[123.4711,-16.1419],[123.4729,-16.1444]]],[[[123.4332,-16.154],[123.4347,-16.1559],[123.436,-16.1543],[123.4332,-16.154]]],[[[123.4237,-16.131],[123.4252,-16.1299],[123.4238,-16.1292],[123.4237,-16.131]]],[[[123.4174,-16.1389],[123.419,-16.1399],[123.4185,-16.1377],[123.4174,-16.1389]]],[[[124.0385,-16.0511],[124.0405,-16.0518],[124.0398,-16.0507],[124.0385,-16.0511]]],[[[123.4302,-16.0767],[123.4312,-16.0758],[123.429,-16.0755],[123.4302,-16.0767]]],[[[123.5286,-16.0936],[123.5303,-16.0947],[123.5286,-16.0925],[123.5286,-16.0936]]],[[[123.5308,-16.1563],[123.5322,-16.1562],[123.5316,-16.1557],[123.5308,-16.1563]]],[[[123.4588,-16.141],[123.4592,-16.1401],[123.4576,-16.1408],[123.4588,-16.141]]],[[[123.4626,-16.1404],[123.4643,-16.1415],[123.4634,-16.1397],[123.4626,-16.1404]]],[[[123.5599,-16.0319],[123.561,-16.0316],[123.5595,-16.0304],[123.5599,-16.0319]]],[[[123.4631,-16.1675],[123.4645,-16.1678],[123.4634,-16.1662],[123.4631,-16.1675]]],[[[124.4519,-16.0586],[124.4536,-16.0583],[124.4527,-16.0577],[124.4519,-16.0586]]],[[[123.4306,-16.1558],[123.4321,-16.1548],[123.4301,-16.1546],[123.4306,-16.1558]]],[[[123.9881,-16.0755],[123.9894,-16.0752],[123.9883,-16.0745],[123.9881,-16.0755]]],[[[124.0885,-16.1024],[124.09,-16.1021],[124.0884,-16.1022],[124.0885,-16.1024]]],[[[124.0779,-16.1607],[124.079,-16.16],[124.0776,-16.1602],[124.0779,-16.1607]]],[[[123.6186,-16.1226],[123.62,-16.1229],[123.62,-16.1219],[123.6186,-16.1226]]],[[[123.4474,-16.1017],[123.4486,-16.1015],[123.4478,-16.101],[123.4474,-16.1017]]],[[[123.4203,-16.1574],[123.4215,-16.1568],[123.4209,-16.1566],[123.4203,-16.1574]]],[[[123.4603,-16.1326],[123.4616,-16.1323],[123.4606,-16.132],[123.4603,-16.1326]]],[[[123.5564,-16.0349],[123.5572,-16.0342],[123.5566,-16.0338],[123.5564,-16.0349]]],[[[123.4463,-16.1178],[123.4472,-16.1174],[123.4458,-16.1172],[123.4463,-16.1178]]],[[[124.4792,-16.1027],[124.4799,-16.1019],[124.4798,-16.1015],[124.4792,-16.1027]]],[[[123.437,-16.1537],[123.4381,-16.1539],[123.4381,-16.1533],[123.437,-16.1537]]],[[[123.4186,-16.1747],[123.4195,-16.1741],[123.4192,-16.1739],[123.4186,-16.1747]]],[[[123.9381,-16.0693],[123.939,-16.069],[123.9382,-16.0684],[123.9381,-16.0693]]],[[[123.5586,-16.0335],[123.5597,-16.0334],[123.559,-16.033],[123.5586,-16.0335]]],[[[123.5606,-16.0515],[123.5615,-16.0516],[123.5608,-16.0508],[123.5606,-16.0515]]],[[[123.9303,-16.1536],[123.9308,-16.1524],[123.9303,-16.1524],[123.9303,-16.1536]]],[[[123.5669,-16.1702],[123.5678,-16.17],[123.5672,-16.1694],[123.5669,-16.1702]]]]}},{"type":"Feature","properties":{"lga_name":"Donnybrook-Balingup"},"geometry":{"type":"Polygon","coordinates":[[[115.7304,-33.5333],[115.7277,-33.6459],[115.7198,-33.6463],[115.7198,-33.6434],[115.7158,-33.6434],[115.7158,-33.6512],[115.7215,-33.6564],[115.7212,-33.6633],[115.7172,-33.6634],[115.7209,-33.6663],[115.7325,-33.6634],[115.7318,-33.6923],[115.7503,-33.6925],[115.7503,-33.7008],[115.7669,-33.7011],[115.7667,-33.7602],[115.7634,-33.7602],[115.7632,-33.7969],[115.8068,-33.7977],[115.8069,-33.7839],[115.8133,-33.7839],[115.8133,-33.7912],[115.8376,-33.7911],[115.8369,-33.837],[115.8177,-33.837],[115.8176,-33.8541],[115.8659,-33.8553],[115.8689,-33.8475],[115.8839,-33.8427],[115.8859,-33.8545],[115.8914,-33.8545],[115.8914,-33.8649],[115.897,-33.8649],[115.897,-33.8755],[115.9021,-33.8755],[115.9019,-33.8854],[115.9288,-33.8854],[115.9288,-33.8916],[115.9406,-33.8916],[115.9406,-33.8976],[115.9359,-33.8976],[115.9358,-33.9612],[115.9384,-33.964],[115.9634,-33.964],[115.9634,-33.9576],[115.9779,-33.9576],[115.9779,-33.9438],[115.9943,-33.9438],[115.9937,-33.9338],[115.9825,-33.9341],[115.9752,-33.9225],[115.9672,-33.9168],[115.9762,-33.9169],[115.9704,-33.9067],[115.9773,-33.9067],[115.9773,-33.9028],[115.9983,-33.9027],[115.9983,-33.895],[116.0019,-33.895],[116.0019,-33.8464],[116.0051,-33.8464],[116.0051,-33.84],[116.0026,-33.84],[116.0024,-33.8102],[115.9978,-33.8049],[116.0001,-33.8013],[116.0829,-33.8012],[116.0812,-33.7989],[116.0924,-33.7965],[116.0939,-33.7903],[116.0999,-33.7903],[116.1003,-33.7806],[116.1962,-33.7808],[116.1961,-33.7711],[116.218,-33.7711],[116.2184,-33.7351],[116.2282,-33.735],[116.2283,-33.7213],[116.2337,-33.7184],[116.2337,-33.7111],[116.2391,-33.7111],[116.2398,-33.7065],[116.2273,-33.7014],[116.2158,-33.7014],[116.2154,-33.6698],[116.2011,-33.6698],[116.2011,-33.6578],[116.2053,-33.6578],[116.206,-33.6463],[116.202,-33.6463],[116.2011,-33.6387],[116.1952,-33.6347],[116.2038,-33.6279],[116.2064,-33.5964],[116.197,-33.5925],[116.1968,-33.5135],[116.1328,-33.5133],[116.1328,-33.4868],[116.0642,-33.485],[116.0642,-33.4404],[116.0236,-33.4405],[116.0234,-33.5053],[115.9988,-33.5052],[115.9986,-33.5111],[115.9865,-33.5111],[115.9865,-33.5069],[115.9737,-33.5069],[115.9736,-33.4886],[115.9498,-33.4887],[115.9479,-33.5006],[115.938,-33.5033],[115.8672,-33.505],[115.8691,-33.5204],[115.8579,-33.5212],[115.8579,-33.5183],[115.8544,-33.5184],[115.8396,-33.5214],[115.8396,-33.5145],[115.8339,-33.5145],[115.83,-33.5214],[115.8227,-33.5214],[115.8227,-33.5251],[115.8286,-33.5252],[115.8285,-33.5318],[115.8209,-33.5318],[115.8209,-33.5398],[115.815,-33.5419],[115.7772,-33.5404],[115.7773,-33.5214],[115.7549,-33.5214],[115.7539,-33.5257],[115.7588,-33.5333],[115.7304,-33.5333]]]}},{"type":"Feature","properties":{"lga_name":"Dowerin"},"geometry":{"type":"Polygon","coordinates":[[[116.9598,-31.1081],[116.9312,-31.1079],[116.9312,-31.1184],[116.9372,-31.1184],[116.9372,-31.1225],[116.9482,-31.1267],[116.938,-31.1314],[116.9544,-31.1607],[116.9658,-31.1607],[116.9658,-31.1848],[116.9372,-31.1849],[116.9372,-31.203],[116.9325,-31.203],[116.9353,-31.2081],[116.9335,-31.2313],[116.9409,-31.2314],[116.9409,-31.243],[116.9311,-31.2526],[116.9379,-31.2528],[116.938,-31.2636],[116.9497,-31.2617],[116.9498,-31.3091],[116.9375,-31.3091],[116.9451,-31.322],[116.9623,-31.3221],[116.9623,-31.3274],[116.969,-31.3275],[116.9655,-31.3368],[116.9814,-31.3329],[116.9876,-31.3348],[116.9876,-31.3385],[116.9753,-31.3385],[116.9752,-31.3816],[116.977,-31.4084],[116.9895,-31.4084],[116.9895,-31.4269],[117.0328,-31.4269],[117.0329,-31.4044],[117.0571,-31.4035],[117.0577,-31.3945],[117.0823,-31.3939],[117.0823,-31.3879],[117.1331,-31.388],[117.1331,-31.3964],[117.1426,-31.3964],[117.1426,-31.3804],[117.1573,-31.3804],[117.1573,-31.3762],[117.1721,-31.3763],[117.1721,-31.3705],[117.1862,-31.3705],[117.1861,-31.3762],[117.2085,-31.3763],[117.2085,-31.369],[117.2233,-31.369],[117.2321,-31.4027],[117.2702,-31.4026],[117.2703,-31.3916],[117.2737,-31.3916],[117.2737,-31.3747],[117.2782,-31.3697],[117.2749,-31.3697],[117.2748,-31.3533],[117.2802,-31.3533],[117.2802,-31.3276],[117.2646,-31.3276],[117.2646,-31.3115],[117.259,-31.3115],[117.2626,-31.2881],[117.2542,-31.2881],[117.2532,-31.2825],[117.2533,-31.2753],[117.2617,-31.2752],[117.2618,-31.2592],[117.2486,-31.2592],[117.2486,-31.2494],[117.2664,-31.2494],[117.2725,-31.2305],[117.2682,-31.2305],[117.2682,-31.1996],[117.2569,-31.1996],[117.2569,-31.1933],[117.2504,-31.1933],[117.2504,-31.1858],[117.2396,-31.1897],[117.2396,-31.1469],[117.241,-31.1296],[117.2473,-31.1296],[117.2449,-31.1131],[117.2424,-31.1131],[117.2519,-31.1047],[117.2486,-31.102],[117.2485,-31.0873],[117.2574,-31.0872],[117.2574,-31.0792],[117.2485,-31.0792],[117.2466,-31.0705],[117.2478,-31.0019],[117.2782,-31.0021],[117.2789,-30.9987],[117.273,-30.8668],[117.2746,-30.8066],[117.2119,-30.8066],[117.2111,-30.8017],[117.0358,-30.8012],[117.0356,-30.8653],[117.0082,-30.8653],[117.0081,-30.9249],[116.9671,-30.9249],[116.9671,-30.9379],[116.9544,-30.9379],[116.9544,-30.9495],[116.9502,-30.9495],[116.9502,-30.9957],[116.935,-30.9957],[116.935,-31.008],[116.9408,-31.008],[116.9396,-31.0385],[116.9531,-31.0385],[116.9531,-31.0527],[116.9463,-31.0527],[116.9463,-31.0797],[116.9515,-31.0797],[116.9514,-31.0999],[116.9599,-31.0998],[116.9598,-31.1081]]]}},{"type":"Feature","properties":{"lga_name":"Dumbleyung"},"geometry":{"type":"Polygon","coordinates":[[[117.6394,-33.2952],[117.6358,-33.2958],[117.6312,-33.3033],[117.6206,-33.303],[117.6206,-33.3138],[117.6467,-33.3505],[117.643,-33.3633],[117.6447,-33.3724],[117.6391,-33.3724],[117.6393,-33.3856],[117.6329,-33.395],[117.6329,-33.402],[117.6451,-33.402],[117.6484,-33.4099],[117.6643,-33.4099],[117.6643,-33.4338],[117.6739,-33.4291],[117.6739,-33.4341],[117.6913,-33.4341],[117.6912,-33.4584],[117.6865,-33.4584],[117.6865,-33.4647],[117.6742,-33.4647],[117.6773,-33.4832],[117.7111,-33.4831],[117.7111,-33.4855],[117.7191,-33.4855],[117.7191,-33.4831],[117.7518,-33.4845],[117.7518,-33.4784],[117.8244,-33.4782],[117.8307,-33.4722],[117.8367,-33.4722],[117.8367,-33.4766],[117.8408,-33.4784],[117.8561,-33.4784],[117.8561,-33.471],[117.863,-33.4709],[117.863,-33.4612],[117.8749,-33.4642],[117.8972,-33.4642],[117.8972,-33.462],[117.93,-33.471],[117.9318,-33.4442],[117.9287,-33.4056],[117.9309,-33.4083],[117.9579,-33.4083],[117.9573,-33.4018],[117.9665,-33.4018],[117.9665,-33.3882],[117.9803,-33.3878],[117.9675,-33.3695],[118.006,-33.3695],[118.006,-33.3619],[118.0233,-33.3619],[118.0233,-33.3523],[118.0455,-33.3523],[118.0455,-33.3679],[118.1192,-33.368],[118.1186,-33.3639],[118.1591,-33.3639],[118.1591,-33.3609],[118.1735,-33.3608],[118.2076,-33.3608],[118.2117,-33.3678],[118.2448,-33.3678],[118.2421,-33.3365],[118.261,-33.3384],[118.2609,-33.318],[118.2669,-33.3249],[118.2931,-33.325],[118.2931,-33.3205],[118.3321,-33.3205],[118.3327,-33.3162],[118.3545,-33.3162],[118.3534,-33.2802],[118.3402,-33.2802],[118.3401,-33.2651],[118.3202,-33.2651],[118.3202,-33.2454],[118.3027,-33.2454],[118.3027,-33.2509],[118.274,-33.2509],[118.2739,-33.2364],[118.28,-33.2364],[118.28,-33.219],[118.2744,-33.2192],[118.2741,-33.1783],[118.2796,-33.1783],[118.2795,-33.158],[118.2845,-33.1576],[118.2844,-33.1352],[118.2761,-33.1352],[118.276,-33.1128],[118.2599,-33.1129],[118.2599,-33.0986],[118.2631,-33.0986],[118.263,-33.0897],[118.2597,-33.0887],[118.2758,-33.0517],[118.2926,-33.0568],[118.2907,-33.0231],[118.2777,-33.0231],[118.2787,-32.9532],[118.2197,-32.9502],[118.2198,-32.9877],[118.189,-32.9877],[118.1658,-32.9806],[118.0968,-32.9807],[118.0968,-32.9713],[118.0903,-32.9713],[118.0903,-32.9873],[118.0614,-32.9891],[118.0614,-33.0114],[118.046,-33.0114],[118.0563,-33.0291],[118.0448,-33.0392],[118.0215,-33.0426],[117.9318,-33.0455],[117.9318,-33.0373],[117.921,-33.0373],[117.9204,-33.0447],[117.9138,-33.0443],[117.9123,-33.0617],[117.9085,-33.0617],[117.9085,-33.0584],[117.8903,-33.0584],[117.8904,-33.0702],[117.8857,-33.0703],[117.8858,-33.0858],[117.8726,-33.0858],[117.8726,-33.0992],[117.8565,-33.099],[117.8565,-33.1032],[117.8383,-33.1032],[117.8383,-33.0932],[117.8215,-33.0932],[117.8215,-33.089],[117.8116,-33.089],[117.8138,-33.0462],[117.7459,-33.044],[117.7459,-33.0478],[117.7244,-33.048],[117.7244,-33.052],[117.7072,-33.052],[117.7072,-33.0456],[117.7025,-33.0434],[117.6878,-33.0434],[117.6858,-33.1004],[117.6634,-33.1039],[117.6634,-33.1386],[117.6469,-33.1386],[117.6491,-33.1707],[117.6454,-33.1707],[117.6449,-33.1884],[117.6596,-33.1884],[117.6536,-33.1981],[117.6384,-33.2096],[117.6407,-33.2096],[117.6439,-33.2495],[117.651,-33.2495],[117.6487,-33.2653],[117.6572,-33.2725],[117.662,-33.2725],[117.662,-33.2878],[117.6566,-33.291],[117.6394,-33.291],[117.6394,-33.2952]]]}},{"type":"Feature","properties":{"lga_name":"Dundas"},"geometry":{"type":"Polygon","coordinates":[[[123.4866,-32.5647],[123.4866,-32.6982],[123.4522,-32.6982],[123.4522,-32.8877],[124.2132,-32.8867],[124.2136,-33.0398],[124.2387,-33.0176],[124.2642,-33.0028],[124.3054,-32.9809],[124.3639,-32.9572],[124.4583,-32.9356],[124.5841,-32.9238],[124.741,-32.9001],[124.8203,-32.8702],[124.8343,-32.8633],[124.8438,-32.8545],[124.877,-32.8431],[124.8946,-32.8328],[124.9002,-32.8286],[124.907,-32.8152],[124.928,-32.7942],[124.958,-32.775],[124.9931,-32.7627],[125.0071,-32.753],[125.0164,-32.7363],[125.0262,-32.7289],[125.0884,-32.7201],[125.1024,-32.7154],[125.1369,-32.6925],[125.1991,-32.6629],[125.2303,-32.6432],[125.2523,-32.6363],[125.2568,-32.6308],[125.2786,-32.6249],[125.3153,-32.6079],[125.3486,-32.6003],[125.3707,-32.5917],[125.4192,-32.5878],[125.439,-32.5829],[125.4731,-32.5701],[125.4851,-32.5596],[125.5321,-32.5492],[125.5399,-32.5419],[125.5603,-32.5341],[125.6151,-32.4903],[125.6432,-32.4755],[125.6794,-32.444],[125.6997,-32.4337],[125.712,-32.4219],[125.7429,-32.4032],[125.7692,-32.3897],[125.8012,-32.3667],[125.8297,-32.3532],[125.8359,-32.3469],[125.8708,-32.3366],[125.899,-32.3168],[125.9612,-32.2864],[126.0247,-32.2746],[126.0371,-32.2686],[126.0662,-32.2761],[126.0812,-32.2751],[126.114,-32.2646],[126.1607,-32.2377],[126.2031,-32.2323],[126.2288,-32.2356],[126.2406,-32.2415],[126.2764,-32.2504],[126.3441,-32.2623],[126.3695,-32.2718],[126.422,-32.2841],[126.5496,-32.2993],[126.6728,-32.3084],[126.7342,-32.3059],[126.7726,-32.2923],[126.8194,-32.2936],[126.8489,-32.2984],[126.9393,-32.2986],[127.0893,-32.2806],[127.107,-32.282],[127.1692,-32.276],[127.2293,-32.2745],[127.2382,-32.2697],[127.2639,-32.268],[127.326,-32.2565],[127.3501,-32.2465],[127.4149,-32.2334],[127.4521,-32.2223],[127.4819,-32.2165],[127.5188,-32.2141],[127.5486,-32.1908],[127.5854,-32.1751],[127.6201,-32.1675],[127.6398,-32.1562],[127.6919,-32.143],[127.7057,-32.1367],[127.8653,-32.104],[127.903,-32.1009],[127.9404,-32.09],[128.0224,-32.074],[128.2253,-32.0053],[128.2475,-32.0018],[128.254,-31.9969],[128.2806,-31.9908],[128.2891,-31.984],[128.3143,-31.9794],[128.411,-31.9382],[128.4356,-31.9348],[128.4664,-31.9188],[128.4948,-31.9119],[128.5019,-31.9029],[128.5283,-31.8945],[128.5433,-31.8815],[128.5902,-31.8717],[128.5966,-31.8631],[128.6441,-31.8501],[128.6536,-31.845],[128.6653,-31.8312],[128.6821,-31.8257],[128.7067,-31.8087],[128.7547,-31.7873],[128.7725,-31.7751],[128.7895,-31.7689],[128.8034,-31.758],[128.8608,-31.7357],[128.8964,-31.717],[128.906,-31.7159],[128.9632,-31.6941],[129.0019,-31.687],[129.0019,-31.3606],[128.0585,-31.3606],[128.0585,-31.2131],[127.758,-31.2131],[127.758,-31.2325],[127.4395,-31.2325],[127.4395,-31.2659],[127.1671,-31.2659],[127.1671,-31.3794],[126.5728,-31.3816],[125.6091,-31.3794],[125.6091,-31.4105],[125.0913,-31.4105],[125.0913,-31.3794],[124.0087,-31.3871],[122.3991,-31.387],[122.3977,-31.8667],[120.0097,-31.8667],[120.0097,-32.7652],[120.554,-32.7652],[120.554,-32.569],[120.7556,-32.57],[120.7681,-32.5647],[121.759,-32.5692],[121.9034,-32.569],[122.0015,-32.5647],[123.4866,-32.5647]]]}},{"type":"Feature","properties":{"lga_name":"East Fremantle"},"geometry":{"type":"Polygon","coordinates":[[[115.7641,-32.0318],[115.758,-32.0412],[115.7581,-32.0473],[115.7763,-32.047],[115.7762,-32.0288],[115.7619,-32.0267],[115.7641,-32.0318]]]}},{"type":"Feature","properties":{"lga_name":"East Pilbara"},"geometry":{"type":"MultiPolygon","coordinates":[[[[119.1223,-21.5691],[119.1223,-21.6656],[119.1811,-21.6656],[119.1811,-21.8241],[119.0623,-21.8241],[119.0623,-21.9115],[119.0007,-21.9115],[119.0007,-21.9621],[119.0113,-21.9829],[119.0101,-22.0013],[118.7473,-22.0013],[118.7473,-21.9603],[118.6974,-21.9603],[118.6974,-22.0357],[118.7266,-22.0357],[118.7266,-22.0503],[118.8095,-22.0503],[118.8095,-22.0558],[118.9877,-22.0558],[118.9877,-22.0661],[119.2313,-22.0661],[119.2313,-22.1752],[119.18,-22.1752],[119.18,-22.207],[119.3792,-22.207],[119.3792,-22.2197],[119.3977,-22.2197],[119.3976,-22.2936],[119.4268,-22.2936],[119.4268,-22.3653],[119.1243,-22.3635],[119.1243,-22.3905],[118.8621,-22.3905],[118.8621,-22.3635],[118.7585,-22.3635],[118.7585,-22.432],[118.8621,-22.432],[118.8621,-22.4654],[119.0126,-22.4654],[119.0126,-22.5458],[119.1243,-22.5458],[119.1243,-22.6972],[118.8358,-22.6972],[118.426,-23.4404],[118.8186,-23.4403],[118.8186,-23.419],[118.8836,-23.419],[118.8836,-23.4403],[119.872,-23.4429],[120.7914,-23.4403],[120.7784,-23.5035],[120.7772,-23.5387],[120.7705,-23.5888],[120.7615,-23.609],[120.671,-23.728],[120.9854,-23.728],[121.0048,-23.7279],[121.0048,-23.4403],[122.4838,-23.4402],[123.5002,-23.4441],[124.668,-23.4403],[126.0013,-23.4491],[127.8159,-23.4403],[129.0005,-23.4403],[129.0005,-21.232],[126.0013,-21.232],[126.0014,-19.4986],[124.0013,-19.4986],[123.5663,-19.4955],[123.566,-19.7941],[121.6969,-19.7905],[121.6969,-19.8529],[121.5029,-19.8529],[121.5013,-19.8268],[121.4232,-19.8269],[121.4231,-19.7944],[121.1139,-19.7947],[121.1139,-19.9066],[120.7867,-19.9066],[120.7867,-19.875],[120.6848,-19.875],[120.6669,-20.07],[120.0641,-20.07],[120.0641,-19.9256],[120.0142,-19.9336],[119.9774,-19.9323],[119.9124,-19.9464],[119.8725,-19.9595],[119.87,-19.9644],[119.8643,-19.9654],[119.8662,-19.9696],[119.8619,-19.9681],[119.8639,-19.9664],[119.8598,-19.9641],[119.8615,-19.9622],[119.8296,-19.9707],[119.7944,-19.9703],[119.7878,-19.9733],[119.7915,-19.9681],[119.7754,-19.9626],[119.7714,-19.9552],[119.7641,-19.9556],[119.7725,-19.9698],[119.766,-19.9724],[119.7652,-19.9764],[119.7601,-19.9716],[119.7554,-19.9717],[119.7574,-19.9636],[119.7451,-19.9664],[119.7301,-19.9762],[119.7367,-19.975],[119.7486,-19.9845],[119.7529,-19.984],[119.7491,-19.9854],[119.7444,-19.9835],[119.7433,-19.988],[119.7413,-19.9844],[119.7428,-19.9987],[119.7465,-20.0032],[119.7411,-20.0059],[119.7478,-20.0098],[119.7479,-20.0165],[119.7529,-20.0192],[119.7533,-20.0219],[119.7454,-20.0158],[119.7463,-20.0109],[119.733,-20.0134],[119.7263,-20.0167],[119.7303,-20.0205],[119.7301,-20.0225],[119.7235,-20.0207],[119.7249,-20.0262],[119.7175,-20.0213],[119.7145,-20.0225],[119.7027,-20.0299],[119.7048,-20.0372],[119.6928,-20.034],[119.6968,-20.0379],[119.6911,-20.0411],[119.6947,-20.0364],[119.6917,-20.0354],[119.6919,-20.0328],[119.7,-20.0342],[119.7006,-20.0289],[119.7094,-20.0213],[119.7067,-20.0146],[119.7057,-20.0181],[119.7066,-20.0078],[119.7009,-19.9951],[119.6805,-20.0038],[119.6831,-20.0088],[119.6783,-20.0124],[119.6826,-20.0123],[119.6732,-20.032],[119.6555,-20.0465],[119.6155,-20.0657],[119.5757,-20.0749],[119.5732,-20.0786],[119.5677,-20.0806],[119.5654,-20.0802],[119.5734,-20.0752],[119.5698,-20.071],[119.5458,-20.0647],[119.5445,-20.0613],[119.5281,-20.056],[119.512,-20.0458],[119.512,-20.3648],[119.391,-20.3648],[119.391,-20.5828],[119.1844,-20.5828],[119.1844,-20.5898],[118.988,-20.5898],[118.9882,-20.6229],[118.994,-20.6228],[118.9939,-20.6324],[118.9157,-20.6324],[118.9156,-20.8119],[118.8201,-20.8118],[118.8201,-20.8565],[118.8283,-20.8564],[118.8281,-20.9148],[118.6968,-20.9144],[118.6968,-21.1332],[118.8012,-21.1332],[118.8012,-21.1383],[118.8156,-21.1383],[118.831,-21.1567],[118.8377,-21.1748],[118.8375,-21.2203],[118.8318,-21.2381],[118.8927,-21.373],[119.0626,-21.373],[119.0626,-21.4892],[119.0569,-21.4892],[119.0569,-21.5691],[119.1223,-21.5691]]],[[[119.6732,-20.0078],[119.6748,-20.0052],[119.6714,-20.0041],[119.6711,-20.0049],[119.6732,-20.0078]]],[[[119.7053,-19.9941],[119.7079,-19.9945],[119.7091,-19.9928],[119.7053,-19.9941]]]]}},{"type":"Feature","properties":{"lga_name":"Esperance"},"geometry":{"type":"MultiPolygon","coordinates":[[[[120.8026,-33.5428],[120.7878,-33.5506],[120.8153,-33.5598],[120.8171,-33.5698],[120.8239,-33.5743],[120.8217,-33.5789],[120.8264,-33.5807],[120.8268,-33.586],[120.8236,-33.6097],[120.8304,-33.6146],[120.8341,-33.6224],[120.8311,-33.6292],[120.833,-33.6328],[120.8542,-33.6568],[120.8522,-33.6689],[120.8569,-33.6704],[120.8585,-33.6785],[120.8621,-33.6804],[120.8597,-33.6874],[120.8662,-33.6982],[120.8663,-33.7064],[120.8733,-33.7067],[120.8704,-33.7101],[120.8728,-33.7136],[120.868,-33.7143],[120.8759,-33.7188],[120.866,-33.7281],[120.8654,-33.7327],[120.8623,-33.7329],[120.8641,-33.735],[120.859,-33.7364],[120.8514,-33.7533],[120.859,-33.7614],[120.8586,-33.7664],[120.8503,-33.7679],[120.8471,-33.778],[120.8382,-33.7839],[120.8349,-33.7924],[120.828,-33.7923],[120.8237,-33.7961],[120.825,-33.7997],[120.8192,-33.8063],[120.8057,-33.8081],[120.8076,-33.8139],[120.8054,-33.8161],[120.7963,-33.8111],[120.7921,-33.8184],[120.7945,-33.8349],[120.787,-33.8428],[120.7831,-33.8525],[120.7848,-33.8556],[120.7819,-33.8572],[120.7873,-33.8593],[120.7898,-33.8562],[120.7925,-33.8595],[120.7862,-33.871],[120.79,-33.8724],[120.7917,-33.8778],[120.7887,-33.8867],[120.8074,-33.889],[120.8108,-33.8926],[120.8135,-33.8927],[120.8102,-33.8895],[120.8123,-33.8857],[120.8172,-33.8829],[120.8236,-33.8827],[120.8216,-33.8799],[120.8246,-33.8778],[120.8335,-33.8774],[120.84,-33.8734],[120.8376,-33.8701],[120.8415,-33.8654],[120.8639,-33.8602],[120.8687,-33.8562],[120.9061,-33.8614],[120.9167,-33.866],[120.918,-33.8705],[120.9245,-33.871],[120.9265,-33.8656],[120.9413,-33.8623],[120.9686,-33.8681],[120.9958,-33.8679],[121.0081,-33.8727],[121.0082,-33.8649],[121.0139,-33.8609],[121.0321,-33.8589],[121.037,-33.8621],[121.0415,-33.8576],[121.0492,-33.857],[121.0796,-33.8623],[121.0842,-33.8507],[121.1063,-33.8486],[121.1235,-33.8506],[121.1442,-33.8593],[121.1508,-33.8591],[121.1583,-33.8649],[121.1728,-33.8671],[121.1772,-33.8707],[121.1773,-33.8776],[121.1827,-33.8717],[121.1793,-33.8697],[121.1809,-33.8656],[121.1879,-33.8623],[121.1905,-33.8573],[121.1961,-33.8563],[121.1916,-33.852],[121.1987,-33.8446],[121.2249,-33.8426],[121.2687,-33.8507],[121.2745,-33.8478],[121.2759,-33.8422],[121.2963,-33.8402],[121.2942,-33.8299],[121.299,-33.825],[121.324,-33.8216],[121.3495,-33.8303],[121.3529,-33.8259],[121.3501,-33.8204],[121.3619,-33.8154],[121.3993,-33.8188],[121.4267,-33.8266],[121.4284,-33.8302],[121.431,-33.8266],[121.4292,-33.8231],[121.4353,-33.8201],[121.4597,-33.8258],[121.46,-33.8284],[121.463,-33.8235],[121.4681,-33.8229],[121.5009,-33.8353],[121.5048,-33.8396],[121.5104,-33.8396],[121.5158,-33.8338],[121.5269,-33.833],[121.5316,-33.8257],[121.5466,-33.828],[121.5855,-33.8448],[121.6277,-33.8693],[121.6466,-33.8874],[121.6447,-33.8982],[121.6518,-33.8889],[121.6621,-33.884],[121.6679,-33.8764],[121.6748,-33.8745],[121.6717,-33.8697],[121.6767,-33.8631],[121.6951,-33.8612],[121.7631,-33.8869],[121.7649,-33.8898],[121.7569,-33.886],[121.7751,-33.8972],[121.7835,-33.9068],[121.7942,-33.909],[121.7952,-33.9047],[121.8017,-33.9001],[121.8237,-33.8973],[121.8238,-33.8938],[121.8293,-33.8889],[121.8508,-33.8884],[121.8518,-33.891],[121.8566,-33.8876],[121.8571,-33.8904],[121.8648,-33.8906],[121.8665,-33.8885],[121.862,-33.8867],[121.8634,-33.882],[121.8745,-33.8768],[121.8873,-33.8826],[121.9005,-33.879],[121.9081,-33.8675],[121.9018,-33.8726],[121.8947,-33.8685],[121.894,-33.8635],[121.9008,-33.8551],[121.904,-33.8449],[121.9151,-33.8383],[121.9561,-33.8335],[121.983,-33.8391],[121.9868,-33.8364],[121.9835,-33.834],[121.9849,-33.8303],[121.9956,-33.8284],[122.0084,-33.8317],[122.0308,-33.845],[122.0461,-33.8625],[122.059,-33.8716],[122.0854,-33.9028],[122.119,-33.98],[122.1099,-33.9925],[122.1036,-33.9908],[122.0932,-33.9939],[122.0933,-34.0028],[122.0985,-33.9985],[122.1032,-33.9992],[122.1023,-34.0026],[122.1078,-33.9988],[122.1125,-34.0004],[122.1136,-34.0051],[122.1094,-34.0138],[122.1136,-34.0172],[122.1367,-34.0066],[122.1451,-34.0145],[122.1566,-34.0136],[122.1585,-34.0055],[122.1653,-34.0024],[122.173,-34.0049],[122.1715,-34.0114],[122.182,-34.0104],[122.1803,-34.0134],[122.1933,-34.0172],[122.1889,-34.0085],[122.2008,-34.0085],[122.197,-34.0044],[122.1978,-34.0003],[122.2032,-33.9985],[122.2094,-34.0008],[122.208,-34.0062],[122.2115,-34.0087],[122.2134,-34.002],[122.2221,-33.9984],[122.2246,-33.9943],[122.2216,-33.9923],[122.227,-33.988],[122.2438,-33.9941],[122.2494,-34.0046],[122.2641,-33.9959],[122.2781,-34.0004],[122.2756,-33.9932],[122.2806,-33.9898],[122.2728,-33.9844],[122.27,-33.9774],[122.2716,-33.9725],[122.2682,-33.9681],[122.2745,-33.9595],[122.2878,-33.949],[122.3263,-33.9289],[122.3414,-33.9266],[122.3448,-33.9325],[122.3542,-33.9331],[122.3493,-33.9218],[122.3642,-33.9135],[122.3993,-33.9119],[122.4444,-33.9192],[122.4486,-33.924],[122.4558,-33.9225],[122.477,-33.9329],[122.4883,-33.9345],[122.4911,-33.939],[122.5007,-33.9365],[122.5065,-33.9406],[122.5097,-33.9534],[122.5213,-33.9499],[122.5208,-33.9471],[122.5252,-33.9478],[122.5237,-33.9444],[122.5271,-33.9399],[122.5361,-33.9353],[122.5576,-33.9366],[122.5608,-33.9448],[122.575,-33.9483],[122.5752,-33.9516],[122.569,-33.9532],[122.5748,-33.9552],[122.5676,-33.9584],[122.5715,-33.9614],[122.5826,-33.958],[122.5765,-33.9552],[122.5832,-33.9484],[122.5807,-33.9452],[122.5959,-33.9417],[122.5945,-33.9389],[122.5974,-33.9373],[122.5856,-33.9329],[122.5841,-33.9258],[122.58,-33.9247],[122.5817,-33.9163],[122.5881,-33.9102],[122.5938,-33.9106],[122.5957,-33.916],[122.6014,-33.9134],[122.5953,-33.9098],[122.598,-33.9024],[122.6187,-33.8928],[122.6414,-33.8918],[122.647,-33.8933],[122.6493,-33.8974],[122.6535,-33.8893],[122.6698,-33.8886],[122.6957,-33.8925],[122.7165,-33.8902],[122.7237,-33.8956],[122.7349,-33.8919],[122.7478,-33.8958],[122.7503,-33.8921],[122.7484,-33.8876],[122.7546,-33.8813],[122.7738,-33.8777],[122.8127,-33.8894],[122.8239,-33.8996],[122.8294,-33.91],[122.8576,-33.9003],[122.8672,-33.8995],[122.8748,-33.9026],[122.9057,-33.8892],[122.9351,-33.8861],[122.97,-33.89],[122.9726,-33.9001],[122.9759,-33.9023],[122.9805,-33.8979],[122.9791,-33.8874],[122.9935,-33.8829],[123.0023,-33.8855],[123.0058,-33.8815],[123.0048,-33.8708],[123.0103,-33.8685],[123.0168,-33.8578],[123.028,-33.8565],[123.0598,-33.8627],[123.0831,-33.8715],[123.1143,-33.889],[123.1339,-33.9044],[123.1398,-33.9115],[123.1342,-33.9177],[123.1396,-33.9169],[123.146,-33.9245],[123.1457,-33.9286],[123.1513,-33.9323],[123.148,-33.9368],[123.1516,-33.9367],[123.1611,-33.9459],[123.1566,-33.9509],[123.1627,-33.9575],[123.1624,-33.9686],[123.1507,-33.972],[123.1485,-33.9763],[123.1585,-33.9762],[123.1721,-33.9895],[123.1714,-33.9979],[123.1655,-34.0021],[123.1676,-34.006],[123.1654,-34.0084],[123.152,-34.0106],[123.1674,-34.0163],[123.1818,-34.0116],[123.1821,-34.0083],[123.2129,-34.0019],[123.2273,-33.9889],[123.2393,-33.9911],[123.2405,-33.9955],[123.2463,-33.9916],[123.252,-33.9975],[123.2754,-33.9759],[123.2837,-33.9755],[123.2869,-33.9799],[123.2868,-33.9764],[123.2925,-33.974],[123.2908,-33.9701],[123.294,-33.9708],[123.303,-33.9611],[123.3,-33.9537],[123.3082,-33.9524],[123.3212,-33.938],[123.3287,-33.9347],[123.325,-33.9313],[123.3308,-33.9285],[123.3303,-33.9188],[123.3511,-33.9093],[123.3547,-33.9057],[123.3544,-33.901],[123.3714,-33.8959],[123.4123,-33.8938],[123.474,-33.9062],[123.508,-33.9221],[123.5071,-33.933],[123.5121,-33.9425],[123.5194,-33.9396],[123.5276,-33.9417],[123.5317,-33.9373],[123.5343,-33.9401],[123.54,-33.9355],[123.5468,-33.935],[123.5566,-33.923],[123.558,-33.9061],[123.5693,-33.8993],[123.5734,-33.8877],[123.59,-33.8811],[123.6083,-33.8828],[123.6105,-33.8781],[123.6191,-33.8762],[123.6313,-33.8801],[123.6391,-33.877],[123.6413,-33.8669],[123.6563,-33.8469],[123.6759,-33.8366],[123.6937,-33.8315],[123.7076,-33.8164],[123.7424,-33.8092],[123.7509,-33.801],[123.7642,-33.7952],[123.7555,-33.7931],[123.7492,-33.7831],[123.7476,-33.7642],[123.7569,-33.7231],[123.7744,-33.6982],[123.8102,-33.6648],[123.8532,-33.6401],[123.8777,-33.6332],[123.8773,-33.6299],[123.8727,-33.629],[123.8717,-33.6196],[123.8668,-33.6187],[123.8683,-33.6085],[123.8751,-33.599],[123.8926,-33.5913],[123.9049,-33.595],[123.9096,-33.5893],[123.9307,-33.5867],[123.9357,-33.5769],[123.9503,-33.5756],[123.9621,-33.57],[123.9787,-33.5541],[123.9867,-33.4794],[123.998,-33.4264],[124.0245,-33.358],[124.0527,-33.3067],[124.0791,-33.2492],[124.0887,-33.2096],[124.1012,-33.1762],[124.1234,-33.1351],[124.1381,-33.115],[124.1693,-33.0799],[124.2136,-33.0398],[124.2132,-32.8867],[123.4522,-32.8877],[123.4522,-32.6982],[123.4866,-32.6982],[123.4866,-32.5647],[122.0015,-32.5647],[121.9034,-32.569],[121.759,-32.5692],[120.7681,-32.5647],[120.7556,-32.57],[120.554,-32.569],[120.554,-32.7652],[120.5815,-32.7652],[120.3528,-32.9294],[120.3536,-32.9359],[120.3334,-32.9504],[120.3203,-32.9481],[120.2552,-32.9952],[120.217,-33.0749],[120.0853,-33.079],[120.1273,-33.1071],[120.2101,-33.1488],[120.245,-33.1611],[120.2804,-33.1625],[120.3926,-33.2031],[120.4495,-33.2136],[120.5105,-33.2438],[120.6028,-33.2301],[120.6648,-33.215],[120.687,-33.2152],[120.7245,-33.2221],[120.7378,-33.2308],[120.7501,-33.246],[120.7721,-33.2544],[120.7717,-33.3692],[120.7801,-33.4055],[120.745,-33.4217],[120.7595,-33.4552],[120.7655,-33.4533],[120.7887,-33.5182],[120.8026,-33.5428]]],[[[121.9865,-34.4725],[121.9946,-34.4742],[121.9978,-34.471],[121.9895,-34.4666],[121.9865,-34.4725]]],[[[121.9897,-34.4567],[121.9919,-34.4572],[121.9909,-34.4553],[121.9897,-34.4567]]],[[[122.2161,-34.3726],[122.2145,-34.3714],[122.2144,-34.3727],[122.2161,-34.3726]]],[[[122.2156,-34.3659],[122.2159,-34.368],[122.2175,-34.3666],[122.2156,-34.3659]]],[[[123.5393,-34.3653],[123.5313,-34.3745],[123.534,-34.3781],[123.5373,-34.3783],[123.5438,-34.3734],[123.5453,-34.3677],[123.5595,-34.36],[123.5632,-34.3542],[123.5595,-34.3524],[123.5584,-34.3449],[123.562,-34.3372],[123.5583,-34.3381],[123.5544,-34.3503],[123.5428,-34.3569],[123.5447,-34.3646],[123.5393,-34.3653]]],[[[123.5315,-34.3593],[123.5335,-34.3592],[123.5318,-34.3583],[123.5315,-34.3593]]],[[[121.8503,-34.3068],[121.8514,-34.3074],[121.8512,-34.3066],[121.8503,-34.3068]]],[[[122.2184,-34.2609],[122.2199,-34.262],[122.2199,-34.2609],[122.2184,-34.2609]]],[[[122.3469,-34.2064],[122.3505,-34.2047],[122.3501,-34.2024],[122.3465,-34.2033],[122.3469,-34.2064]]],[[[122.1474,-34.2033],[122.1492,-34.2037],[122.1488,-34.203],[122.1474,-34.2033]]],[[[123.1365,-34.1655],[123.1401,-34.1642],[123.1464,-34.1668],[123.1385,-34.1618],[123.1348,-34.1621],[123.1365,-34.1655]]],[[[123.3429,-34.1661],[123.3471,-34.1651],[123.3472,-34.163],[123.3442,-34.1625],[123.3429,-34.1661]]],[[[121.604,-34.0413],[121.6062,-34.0427],[121.6059,-34.0408],[121.604,-34.0413]]],[[[121.8722,-34.041],[121.8737,-34.0429],[121.8743,-34.0419],[121.8722,-34.041]]],[[[123.5966,-34.2401],[123.6029,-34.2362],[123.617,-34.2234],[123.6073,-34.2267],[123.5966,-34.2401]]],[[[122.0651,-34.2314],[122.0664,-34.2291],[122.064,-34.2281],[122.0636,-34.2286],[122.0651,-34.2314]]],[[[122.072,-34.2212],[122.0769,-34.221],[122.0727,-34.219],[122.072,-34.2212]]],[[[122.0762,-34.2159],[122.0782,-34.2176],[122.0783,-34.2161],[122.0762,-34.2159]]],[[[122.3464,-34.2099],[122.3497,-34.208],[122.3461,-34.2095],[122.3464,-34.2099]]],[[[122.1018,-34.1996],[122.1089,-34.2007],[122.1101,-34.1978],[122.108,-34.195],[122.1024,-34.1954],[122.1018,-34.1996]]],[[[122.5069,-34.1935],[122.5087,-34.1954],[122.5089,-34.1939],[122.5069,-34.1935]]],[[[121.9434,-34.1776],[121.9438,-34.1795],[121.9454,-34.1795],[121.9434,-34.1776]]],[[[121.6614,-34.1768],[121.6602,-34.1761],[121.6603,-34.1771],[121.6614,-34.1768]]],[[[122.0144,-34.1667],[122.0146,-34.1692],[122.016,-34.1687],[122.0144,-34.1667]]],[[[122.0222,-34.1624],[122.0182,-34.1649],[122.0219,-34.1653],[122.0222,-34.1624]]],[[[122.3169,-34.1466],[122.3186,-34.1451],[122.3166,-34.1439],[122.3169,-34.1466]]],[[[121.8904,-34.1421],[121.8936,-34.1433],[121.8939,-34.1424],[121.8904,-34.1421]]],[[[121.9245,-34.1388],[121.9256,-34.1408],[121.9263,-34.1399],[121.9245,-34.1388]]],[[[121.8968,-34.135],[121.8991,-34.1336],[121.8967,-34.1335],[121.8968,-34.135]]],[[[122.8459,-34.1295],[122.8483,-34.1301],[122.8472,-34.1286],[122.8459,-34.1295]]],[[[123.886,-34.1084],[123.8913,-34.1025],[123.8894,-34.1008],[123.8846,-34.1017],[123.886,-34.1084]]],[[[122.1227,-34.1029],[122.1242,-34.1043],[122.125,-34.1031],[122.1227,-34.1029]]],[[[122.1109,-34.0979],[122.1124,-34.0989],[122.1125,-34.0973],[122.1109,-34.0979]]],[[[123.8761,-34.0977],[123.8773,-34.0981],[123.8769,-34.0974],[123.8761,-34.0977]]],[[[123.9015,-34.0921],[123.9038,-34.091],[123.9033,-34.0905],[123.9015,-34.0921]]],[[[123.8966,-34.0896],[123.898,-34.089],[123.8969,-34.0887],[123.8966,-34.0896]]],[[[123.1264,-34.0745],[123.1267,-34.0765],[123.1286,-34.0745],[123.1264,-34.0745]]],[[[123.2343,-34.0721],[123.2378,-34.0705],[123.2326,-34.0616],[123.2297,-34.0636],[123.23,-34.0689],[123.2343,-34.0721]]],[[[121.9963,-34.0653],[121.984,-34.0604],[121.9758,-34.0643],[121.9895,-34.0686],[121.9963,-34.0653]]],[[[121.8641,-34.0559],[121.8663,-34.0569],[121.8663,-34.0558],[121.8641,-34.0559]]],[[[123.258,-34.051],[123.2601,-34.0507],[123.2596,-34.0492],[123.258,-34.051]]],[[[121.8848,-34.0468],[121.8881,-34.0493],[121.8848,-34.0465],[121.8848,-34.0468]]],[[[121.593,-34.0282],[121.606,-34.0393],[121.6127,-34.0347],[121.6087,-34.0246],[121.6168,-34.0188],[121.6161,-34.0128],[121.6045,-34.0163],[121.6056,-34.0288],[121.593,-34.0282]]],[[[121.6689,-34.0021],[121.677,-34.0024],[121.6859,-34.0092],[121.6895,-34.0063],[121.6789,-33.9941],[121.6701,-33.9944],[121.6689,-34.0021]]],[[[123.5414,-34.003],[123.5418,-34.0008],[123.5396,-34.0003],[123.5393,-34.0008],[123.5414,-34.003]]],[[[123.5506,-33.9944],[123.552,-33.9954],[123.5539,-33.9939],[123.5506,-33.9944]]],[[[121.6796,-33.9911],[121.6857,-33.9901],[121.6864,-33.9839],[121.6791,-33.9855],[121.6796,-33.9911]]],[[[122.9363,-33.9619],[122.9396,-33.9606],[122.9399,-33.9602],[122.9376,-33.9601],[122.9363,-33.9619]]],[[[121.7652,-33.9236],[121.7665,-33.9243],[121.7667,-33.9229],[121.7652,-33.9236]]],[[[121.7692,-33.9189],[121.7772,-33.9175],[121.7731,-33.9151],[121.7692,-33.9189]]],[[[120.8109,-33.8929],[120.811,-33.8931],[120.811,-33.8929],[120.8109,-33.8929]]],[[[123.6338,-33.8875],[123.6438,-33.8868],[123.6458,-33.8892],[123.6543,-33.8854],[123.6425,-33.8843],[123.6338,-33.8875]]],[[[122.1504,-34.2244],[122.1489,-34.2229],[122.1481,-34.2244],[122.1504,-34.2244]]],[[[122.0854,-34.214],[122.0804,-34.2116],[122.0796,-34.2118],[122.0851,-34.2171],[122.0854,-34.214]]],[[[122.1509,-34.216],[122.1526,-34.2164],[122.153,-34.2155],[122.1509,-34.216]]],[[[121.6751,-34.1768],[121.6763,-34.1774],[121.6765,-34.1766],[121.6751,-34.1768]]],[[[122.0301,-34.153],[122.0286,-34.1526],[122.0288,-34.1533],[122.0301,-34.153]]],[[[122.1261,-34.1418],[122.1278,-34.142],[122.1269,-34.1408],[122.1261,-34.1418]]],[[[121.9345,-34.1336],[121.9342,-34.1368],[121.9374,-34.1354],[121.9345,-34.1336]]],[[[121.9814,-34.1274],[121.9796,-34.1254],[121.9799,-34.1271],[121.9814,-34.1274]]],[[[121.9659,-34.1211],[121.9677,-34.1243],[121.9691,-34.1239],[121.9686,-34.1218],[121.9659,-34.1211]]],[[[121.9704,-34.1193],[121.9713,-34.1213],[121.9725,-34.1208],[121.9704,-34.1193]]],[[[122.1131,-34.102],[122.1214,-34.1012],[122.1247,-34.0943],[122.1165,-34.0947],[122.1168,-34.1006],[122.1131,-34.102]]],[[[122.161,-34.0769],[122.1622,-34.0754],[122.1613,-34.0753],[122.161,-34.0769]]],[[[121.9984,-34.0645],[122.0064,-34.0687],[122.023,-34.0659],[122.0118,-34.0651],[122.0078,-34.0617],[121.9984,-34.0645]]],[[[123.069,-34.072],[123.0724,-34.072],[123.0722,-34.0715],[123.069,-34.072]]],[[[122.0259,-34.0677],[122.0248,-34.0668],[122.0248,-34.068],[122.0259,-34.0677]]],[[[123.2265,-34.0623],[123.2274,-34.0611],[123.2257,-34.0614],[123.2265,-34.0623]]],[[[121.9534,-34.0493],[121.9571,-34.0501],[121.9545,-34.058],[121.961,-34.0502],[121.9668,-34.0534],[121.9797,-34.0495],[121.9676,-34.0437],[121.956,-34.0457],[121.9534,-34.0493]]],[[[123.2234,-34.0506],[123.225,-34.0503],[123.2238,-34.0494],[123.2234,-34.0506]]],[[[123.2312,-34.0374],[123.2364,-34.0428],[123.2439,-34.0411],[123.2312,-34.0374]]],[[[122.2519,-34.035],[122.2533,-34.0351],[122.2522,-34.0342],[122.2519,-34.035]]],[[[121.6551,-34.0256],[121.6554,-34.0272],[121.6565,-34.0256],[121.6551,-34.0256]]],[[[121.642,-34.0161],[121.6405,-34.0166],[121.6421,-34.0167],[121.642,-34.0161]]],[[[123.5146,-34.0134],[123.5161,-34.0139],[123.516,-34.0125],[123.5146,-34.0134]]],[[[121.6393,-34.0145],[121.6424,-34.0138],[121.6432,-34.0117],[121.6392,-34.0115],[121.6393,-34.0145]]],[[[121.6974,-33.9957],[121.699,-33.9945],[121.6957,-33.9945],[121.6974,-33.9957]]],[[[122.4999,-34.1939],[122.4926,-34.1964],[122.4972,-34.1976],[122.4999,-34.1939]]],[[[122.4873,-34.1941],[122.4894,-34.1946],[122.4878,-34.1928],[122.4873,-34.1941]]],[[[122.0977,-34.0642],[122.1065,-34.0671],[122.1102,-34.0647],[122.1042,-34.059],[122.1023,-34.0632],[122.0977,-34.0642]]],[[[122.063,-34.0573],[122.0651,-34.0591],[122.0652,-34.0577],[122.063,-34.0573]]],[[[123.2232,-34.0531],[123.2258,-34.053],[123.223,-34.0527],[123.2232,-34.0531]]],[[[123.163,-34.0547],[123.1649,-34.0544],[123.1635,-34.0541],[123.163,-34.0547]]],[[[123.2247,-34.0567],[123.2284,-34.0565],[123.2261,-34.055],[123.2247,-34.0567]]],[[[122.024,-34.1515],[122.0248,-34.1488],[122.0295,-34.1514],[122.0301,-34.1491],[122.0266,-34.1464],[122.0138,-34.1469],[122.0149,-34.1502],[122.024,-34.1515]]],[[[122.2215,-34.1324],[122.2196,-34.1328],[122.2214,-34.1332],[122.2215,-34.1324]]],[[[122.0082,-34.1228],[122.0094,-34.1185],[121.9984,-34.1138],[121.9872,-34.1154],[121.9916,-34.1196],[121.998,-34.117],[122.0082,-34.1228]]],[[[121.9745,-34.1146],[121.9746,-34.1215],[121.9839,-34.1224],[121.9837,-34.1159],[121.9804,-34.1135],[121.9745,-34.1146]]],[[[121.9948,-34.122],[121.9969,-34.1226],[121.9964,-34.1212],[121.9948,-34.122]]],[[[122.3444,-34.101],[122.3419,-34.1102],[122.3473,-34.101],[122.3444,-34.101]]],[[[122.1683,-34.0741],[122.1596,-34.0808],[122.1609,-34.0819],[122.1649,-34.0815],[122.1683,-34.0741]]],[[[122.7536,-34.0446],[122.755,-34.0461],[122.7571,-34.0453],[122.7536,-34.0446]]],[[[122.2083,-34.0468],[122.2065,-34.0458],[122.2071,-34.047],[122.2083,-34.0468]]],[[[122.7576,-34.0444],[122.7588,-34.045],[122.7587,-34.0444],[122.7576,-34.0444]]],[[[122.1381,-34.0333],[122.1488,-34.0369],[122.1517,-34.0334],[122.1471,-34.0272],[122.1286,-34.0291],[122.1368,-34.0302],[122.1381,-34.0333]]],[[[122.0484,-34.0389],[122.0513,-34.0402],[122.0504,-34.0383],[122.0484,-34.0389]]],[[[122.242,-34.0275],[122.244,-34.0292],[122.2443,-34.0275],[122.242,-34.0275]]],[[[123.2355,-34.0316],[123.2406,-34.0299],[123.2416,-34.0281],[123.2358,-34.029],[123.2355,-34.0316]]],[[[121.6471,-34.0184],[121.6461,-34.0173],[121.6452,-34.0179],[121.6471,-34.0184]]],[[[121.6543,-34.0194],[121.6567,-34.0206],[121.6571,-34.0195],[121.6543,-34.0194]]],[[[122.3421,-34.1166],[122.3451,-34.1162],[122.3455,-34.116],[122.3428,-34.1146],[122.3421,-34.1166]]],[[[122.2389,-34.1261],[122.2389,-34.1416],[122.2368,-34.1499],[122.2344,-34.1482],[122.2351,-34.1575],[122.2448,-34.162],[122.2495,-34.1545],[122.2492,-34.1451],[122.2534,-34.1472],[122.2562,-34.143],[122.2526,-34.1279],[122.2611,-34.1242],[122.2577,-34.1194],[122.2558,-34.1219],[122.2481,-34.1204],[122.2462,-34.1121],[122.2454,-34.114],[122.2314,-34.1086],[122.2311,-34.113],[122.2385,-34.1199],[122.2311,-34.1256],[122.2389,-34.1261]]],[[[123.2059,-34.1077],[123.2065,-34.1194],[123.2099,-34.118],[123.2154,-34.1076],[123.2081,-34.1039],[123.2165,-34.0898],[123.2152,-34.0809],[123.2093,-34.0906],[123.2017,-34.0929],[123.1937,-34.0908],[123.181,-34.0957],[123.1738,-34.0898],[123.1703,-34.0904],[123.1673,-34.0991],[123.1575,-34.1103],[123.1611,-34.1169],[123.164,-34.1127],[123.1706,-34.1137],[123.1732,-34.1245],[123.1771,-34.1112],[123.1826,-34.1068],[123.1938,-34.1086],[123.193,-34.1174],[123.2059,-34.1077]]],[[[123.1886,-34.079],[123.1805,-34.0772],[123.1787,-34.0804],[123.1832,-34.0872],[123.1886,-34.079]]],[[[123.1023,-34.0983],[123.1056,-34.1002],[123.1091,-34.097],[123.1086,-34.0907],[123.1018,-34.0929],[123.1023,-34.0983]]],[[[122.5349,-34.0916],[122.5458,-34.09],[122.5464,-34.0883],[122.5348,-34.0877],[122.5349,-34.0916]]],[[[123.1032,-34.0911],[123.1048,-34.0914],[123.1044,-34.0909],[123.1032,-34.0911]]],[[[122.0113,-34.0242],[121.9941,-34.0284],[121.9827,-34.0371],[121.9875,-34.0379],[121.99,-34.0429],[122.0027,-34.0381],[121.9972,-34.0361],[122.0048,-34.0324],[122.0113,-34.0242]]],[[[122.0931,-34.0465],[122.0856,-34.0413],[122.0891,-34.0469],[122.0931,-34.0465]]],[[[123.0658,-34.1229],[123.0697,-34.1206],[123.073,-34.1205],[123.0672,-34.1172],[123.0658,-34.1229]]],[[[122.0602,-34.1461],[122.049,-34.1372],[122.0378,-34.1426],[122.0435,-34.1456],[122.0469,-34.1428],[122.052,-34.1476],[122.0602,-34.1461]]],[[[122.2118,-34.1486],[122.2141,-34.1485],[122.2122,-34.148],[122.2118,-34.1486]]],[[[122.2159,-34.1512],[122.2136,-34.1509],[122.2151,-34.1525],[122.2159,-34.1512]]],[[[122.2176,-34.15],[122.2192,-34.1507],[122.219,-34.1494],[122.2176,-34.15]]],[[[123.0685,-34.1162],[123.0733,-34.1139],[123.0736,-34.1131],[123.0702,-34.1113],[123.0685,-34.1162]]],[[[123.0295,-34.1122],[123.0321,-34.1126],[123.0322,-34.1117],[123.0295,-34.1122]]],[[[122.9633,-34.0753],[122.9619,-34.0853],[122.9662,-34.0846],[122.9694,-34.0809],[122.9703,-34.0709],[122.9633,-34.0753]]],[[[122.8306,-34.0879],[122.8349,-34.0896],[122.8388,-34.0838],[122.8306,-34.0879]]],[[[122.2337,-34.0363],[122.2364,-34.0327],[122.2299,-34.0309],[122.2333,-34.0343],[122.2337,-34.0363]]],[[[122.1535,-34.0317],[122.1551,-34.032],[122.1545,-34.0308],[122.1535,-34.0317]]],[[[123.2445,-34.0268],[123.2427,-34.0313],[123.2453,-34.0315],[123.2593,-34.0202],[123.2517,-34.0201],[123.2426,-34.0242],[123.2445,-34.0268]]],[[[123.1551,-34.0219],[123.1644,-34.0248],[123.1654,-34.0234],[123.1551,-34.0219]]],[[[122.3001,-34.0202],[122.3011,-34.0246],[122.303,-34.0228],[122.3001,-34.0202]]],[[[122.3061,-34.0198],[122.3099,-34.0206],[122.3057,-34.0185],[122.3061,-34.0198]]],[[[122.1145,-34.0196],[122.1159,-34.02],[122.1152,-34.0193],[122.1145,-34.0196]]],[[[122.3035,-34.0189],[122.3024,-34.0181],[122.3026,-34.0192],[122.3035,-34.0189]]],[[[122.5845,-34.0177],[122.5834,-34.0179],[122.5837,-34.0187],[122.5845,-34.0177]]],[[[123.5527,-33.9925],[123.5548,-33.9926],[123.5546,-33.9918],[123.5527,-33.9925]]],[[[123.5304,-34.0097],[123.5288,-34.0237],[123.5327,-34.0209],[123.5371,-34.0089],[123.5269,-34.0049],[123.524,-34.0087],[123.5304,-34.0097]]],[[[123.537,-34.0066],[123.5386,-34.0075],[123.5384,-34.0064],[123.537,-34.0066]]],[[[122.8431,-33.9826],[122.8309,-33.9939],[122.8228,-33.9931],[122.8243,-33.9963],[122.8142,-34.0038],[122.8226,-34.0042],[122.832,-33.9961],[122.8491,-33.9929],[122.8533,-33.9903],[122.853,-33.9853],[122.8631,-33.9828],[122.8431,-33.9826]]],[[[122.0038,-33.9692],[122.0081,-33.9704],[122.0194,-33.9635],[122.0275,-33.9634],[122.01,-33.9535],[121.9999,-33.9577],[122.0064,-33.9616],[122.0038,-33.9692]]],[[[122.7995,-34.0135],[122.8066,-34.0093],[122.8131,-34.0109],[122.8082,-34.0016],[122.7989,-34.0054],[122.7995,-34.0135]]],[[[121.987,-33.9889],[121.9933,-33.9923],[122.0048,-33.9873],[121.9954,-33.9809],[121.9933,-33.9859],[121.987,-33.9889]]],[[[121.9833,-33.975],[121.9766,-33.9728],[121.9822,-33.9776],[121.9816,-33.9804],[121.9944,-33.9738],[121.9853,-33.9713],[121.9833,-33.975]]],[[[123.288,-34.0241],[123.2926,-34.0238],[123.2961,-34.0177],[123.2944,-34.0148],[123.2872,-34.0215],[123.288,-34.0241]]],[[[122.5168,-33.9602],[122.5237,-33.9628],[122.5297,-33.9612],[122.522,-33.9576],[122.5168,-33.9602]]],[[[122.2457,-34.0035],[122.2387,-34.009],[122.2401,-34.0123],[122.2484,-34.0065],[122.2457,-34.0035]]],[[[122.3061,-34.0165],[122.3138,-34.0146],[122.3143,-34.0136],[122.3078,-34.0104],[122.3061,-34.0165]]],[[[122.6365,-34.0003],[122.6283,-33.9983],[122.6332,-34.0048],[122.6365,-34.0003]]],[[[122.8417,-33.9707],[122.8473,-33.9683],[122.8468,-33.9637],[122.8404,-33.9679],[122.8417,-33.9707]]],[[[122.6489,-34.0018],[122.6537,-34.002],[122.6549,-33.9974],[122.6477,-33.9983],[122.6489,-34.0018]]],[[[122.8116,-33.9659],[122.816,-33.9607],[122.8121,-33.9592],[122.8116,-33.9659]]],[[[122.5419,-33.9988],[122.5361,-34.0045],[122.5376,-34.008],[122.5411,-34.0057],[122.5419,-33.9988]]],[[[122.655,-33.9883],[122.6615,-33.9901],[122.6622,-33.9882],[122.6573,-33.986],[122.655,-33.9883]]],[[[122.5875,-34.0064],[122.591,-34.003],[122.5835,-34.0031],[122.5832,-34.0036],[122.5875,-34.0064]]],[[[122.1453,-34.016],[122.1372,-34.0189],[122.1478,-34.0179],[122.1453,-34.016]]],[[[122.8574,-33.9679],[122.8609,-33.9662],[122.8602,-33.9623],[122.8557,-33.964],[122.8574,-33.9679]]],[[[122.7151,-33.9956],[122.7173,-33.9901],[122.7144,-33.9883],[122.7127,-33.9918],[122.7151,-33.9956]]],[[[122.4325,-33.9836],[122.4387,-33.981],[122.4393,-33.9804],[122.4339,-33.9801],[122.4325,-33.9836]]],[[[122.4074,-33.9542],[122.4102,-33.9561],[122.4139,-33.9527],[122.4094,-33.9528],[122.4074,-33.9542]]],[[[122.3071,-33.9476],[122.3108,-33.9548],[122.3123,-33.9519],[122.3071,-33.9476]]],[[[123.1397,-33.9809],[123.1398,-33.9765],[123.1353,-33.9799],[123.1379,-33.9789],[123.1397,-33.9809]]],[[[122.0829,-34.0173],[122.0872,-34.0182],[122.0919,-34.016],[122.0854,-34.0157],[122.0829,-34.0173]]],[[[122.0207,-33.9917],[122.0241,-33.9937],[122.0245,-33.9895],[122.0207,-33.9917]]],[[[122.5019,-33.9518],[122.5068,-33.9518],[122.503,-33.9498],[122.5019,-33.9518]]],[[[122.6573,-33.9928],[122.6539,-33.9959],[122.6588,-33.9936],[122.6573,-33.9928]]],[[[122.4669,-33.9498],[122.472,-33.9486],[122.465,-33.9486],[122.4669,-33.9498]]],[[[122.806,-33.9608],[122.8029,-33.9659],[122.8075,-33.9623],[122.806,-33.9608]]],[[[122.5754,-34.0092],[122.5785,-34.0085],[122.5794,-34.0073],[122.5765,-34.0061],[122.5754,-34.0092]]],[[[122.301,-33.9588],[122.307,-33.9649],[122.3014,-33.9583],[122.301,-33.9588]]],[[[122.5642,-33.9506],[122.5677,-33.949],[122.5608,-33.9487],[122.5642,-33.9506]]],[[[123.1471,-33.9872],[123.1501,-33.9858],[123.148,-33.9837],[123.1471,-33.9872]]],[[[122.2835,-33.9947],[122.2831,-33.9915],[122.2808,-33.9912],[122.2802,-33.9925],[122.2835,-33.9947]]],[[[122.7169,-33.9851],[122.7212,-33.9851],[122.7175,-33.9842],[122.7169,-33.9851]]],[[[122.6525,-34.0041],[122.6543,-34.0061],[122.6555,-34.0044],[122.6525,-34.0041]]],[[[122.8717,-33.9897],[122.8732,-33.9927],[122.8757,-33.9906],[122.8755,-33.99],[122.8717,-33.9897]]],[[[123.2174,-34.0043],[123.2212,-34.0037],[123.2174,-34.004],[123.2174,-34.0043]]],[[[122.7155,-33.9484],[122.7178,-33.9465],[122.7141,-33.9464],[122.7155,-33.9484]]],[[[122.6806,-34.0165],[122.684,-34.018],[122.6847,-34.0161],[122.6806,-34.0165]]],[[[122.2357,-34.0114],[122.2375,-34.0137],[122.2384,-34.0122],[122.2357,-34.0114]]],[[[122.8187,-33.9787],[122.8213,-33.9783],[122.8175,-33.9775],[122.8187,-33.9787]]],[[[122.8686,-34.0002],[122.8706,-34.0018],[122.8709,-34.0001],[122.8686,-34.0002]]],[[[123.1615,-34.0002],[123.1642,-33.9996],[123.1637,-33.998],[123.1615,-34.0002]]],[[[123.1195,-33.9531],[123.1219,-33.9531],[123.1229,-33.9513],[123.1195,-33.9531]]],[[[122.475,-33.9527],[122.4776,-33.9523],[122.4743,-33.9521],[122.475,-33.9527]]],[[[122.2993,-33.9876],[122.3021,-33.9873],[122.3,-33.9867],[122.2993,-33.9876]]],[[[122.3071,-33.9938],[122.3083,-33.9915],[122.308,-33.9905],[122.3064,-33.9915],[122.3071,-33.9938]]],[[[122.5737,-34.0016],[122.5744,-33.9997],[122.5725,-33.9995],[122.5737,-34.0016]]],[[[122.6294,-33.9908],[122.6321,-33.9911],[122.63,-33.9897],[122.6294,-33.9908]]],[[[122.8961,-33.964],[122.8986,-33.9654],[122.8982,-33.9632],[122.8961,-33.964]]],[[[123.1479,-33.9496],[123.1503,-33.9499],[123.1513,-33.9487],[123.1479,-33.9496]]],[[[122.2986,-33.9806],[122.2994,-33.9822],[122.2997,-33.9799],[122.2986,-33.9806]]],[[[122.1966,-34.0152],[122.1983,-34.0164],[122.1971,-34.0146],[122.1966,-34.0152]]],[[[122.6875,-34.0154],[122.6891,-34.0142],[122.6883,-34.0135],[122.6875,-34.0154]]],[[[122.569,-34.0103],[122.5712,-34.0115],[122.572,-34.0106],[122.569,-34.0103]]],[[[123.1459,-34.0023],[123.1467,-34.0036],[123.1473,-34.0028],[123.1459,-34.0023]]],[[[122.8978,-33.9776],[122.899,-33.9769],[122.8969,-33.9764],[122.8978,-33.9776]]],[[[122.5116,-33.9635],[122.5132,-33.9635],[122.513,-33.9629],[122.5116,-33.9635]]],[[[121.9849,-33.9921],[121.986,-33.9929],[121.986,-33.9916],[121.9849,-33.9921]]],[[[122.6605,-33.9859],[122.6619,-33.9847],[122.6597,-33.9854],[122.6605,-33.9859]]],[[[122.9049,-33.966],[122.9073,-33.965],[122.9072,-33.9647],[122.9049,-33.966]]],[[[122.2743,-33.9766],[122.2751,-33.9755],[122.2737,-33.9758],[122.2743,-33.9766]]],[[[122.3419,-33.9838],[122.3434,-33.9836],[122.343,-33.9829],[122.3419,-33.9838]]],[[[122.6246,-33.9949],[122.6263,-33.995],[122.6257,-33.9944],[122.6246,-33.9949]]],[[[122.5287,-33.9479],[122.5309,-33.9472],[122.5308,-33.9469],[122.5287,-33.9479]]],[[[122.2978,-33.9855],[122.2991,-33.9848],[122.2983,-33.9844],[122.2978,-33.9855]]],[[[122.0242,-33.9781],[122.026,-33.9778],[122.0242,-33.9777],[122.0242,-33.9781]]],[[[122.713,-33.9512],[122.7143,-33.951],[122.7137,-33.9501],[122.713,-33.9512]]],[[[122.6357,-33.9878],[122.6371,-33.9876],[122.636,-33.987],[122.6357,-33.9878]]],[[[121.9754,-33.9754],[121.9768,-33.9758],[121.9773,-33.975],[121.9754,-33.9754]]],[[[122.0081,-33.9841],[122.0096,-33.9847],[122.0092,-33.9836],[122.0081,-33.9841]]],[[[122.2984,-33.9799],[122.2989,-33.9787],[122.2979,-33.9792],[122.2984,-33.9799]]],[[[123.1599,-34.002],[123.1615,-34.002],[123.1601,-34.0016],[123.1599,-34.002]]],[[[122.9009,-33.9778],[122.9021,-33.9781],[122.9024,-33.9773],[122.9009,-33.9778]]],[[[122.9011,-33.9697],[122.9025,-33.9698],[122.9026,-33.9694],[122.9011,-33.9697]]],[[[122.6554,-33.9909],[122.6566,-33.9915],[122.6569,-33.9909],[122.6554,-33.9909]]],[[[122.9026,-33.9789],[122.904,-33.9789],[122.9038,-33.9784],[122.9026,-33.9789]]],[[[122.0075,-33.9857],[122.0086,-33.9853],[122.0079,-33.985],[122.0075,-33.9857]]],[[[122.0232,-33.9786],[122.0243,-33.9785],[122.0237,-33.9779],[122.0232,-33.9786]]],[[[122.8992,-33.9797],[122.8995,-33.9789],[122.8986,-33.9792],[122.8992,-33.9797]]],[[[122.5305,-33.9458],[122.5313,-33.9451],[122.5307,-33.9451],[122.5305,-33.9458]]],[[[122.6643,-33.99],[122.6655,-33.9899],[122.665,-33.9894],[122.6643,-33.99]]],[[[124.1465,-33.844],[124.1383,-33.84],[124.1309,-33.8427],[124.137,-33.8528],[124.1304,-33.8635],[124.1362,-33.8653],[124.1406,-33.8627],[124.1404,-33.8551],[124.1465,-33.844]]],[[[121.7902,-33.9259],[121.7941,-33.9267],[121.7935,-33.9295],[121.8049,-33.9262],[121.797,-33.9231],[121.7973,-33.9181],[121.7947,-33.9176],[121.7884,-33.9198],[121.7902,-33.9259]]],[[[121.8682,-33.923],[121.8823,-33.926],[121.8841,-33.9208],[121.8767,-33.9168],[121.8682,-33.923]]],[[[121.9918,-33.9232],[121.998,-33.9224],[121.9999,-33.9172],[121.9951,-33.9156],[121.986,-33.9194],[121.9918,-33.9232]]],[[[121.8995,-33.9232],[121.9075,-33.9244],[121.9097,-33.9167],[121.9028,-33.9202],[121.8971,-33.9193],[121.8995,-33.9232]]],[[[124.1006,-33.732],[124.0927,-33.7344],[124.091,-33.7383],[124.0991,-33.737],[124.1006,-33.732]]],[[[121.3546,-33.8658],[121.3482,-33.8679],[121.3456,-33.8729],[121.3501,-33.873],[121.3546,-33.8658]]],[[[122.7531,-33.9038],[122.7555,-33.8941],[122.7513,-33.8992],[122.7531,-33.9038]]],[[[124.1017,-33.7171],[124.0954,-33.725],[124.0986,-33.7245],[124.1017,-33.7171]]],[[[122.8236,-33.9162],[122.8321,-33.9176],[122.831,-33.9147],[122.8236,-33.9162]]],[[[122.8704,-33.9229],[122.8733,-33.924],[122.8752,-33.9192],[122.8724,-33.9179],[122.8704,-33.9229]]],[[[124.1251,-33.8576],[124.1305,-33.8564],[124.1245,-33.8526],[124.1251,-33.8576]]],[[[122.7086,-33.9191],[122.7118,-33.9178],[122.7125,-33.9147],[122.7071,-33.9163],[122.7086,-33.9191]]],[[[121.8962,-33.9127],[121.8928,-33.912],[121.8935,-33.9175],[121.8953,-33.9167],[121.8962,-33.9127]]],[[[124.1587,-33.7677],[124.1658,-33.7616],[124.1658,-33.7606],[124.1591,-33.7642],[124.1587,-33.7677]]],[[[122.0234,-33.8815],[122.0269,-33.879],[122.0247,-33.8766],[122.0228,-33.8788],[122.0234,-33.8815]]],[[[123.9646,-33.6417],[123.9704,-33.6386],[123.9695,-33.6369],[123.9665,-33.6378],[123.9646,-33.6417]]],[[[124.0401,-33.7691],[124.0435,-33.7664],[124.0424,-33.7646],[124.0393,-33.7666],[124.0401,-33.7691]]],[[[123.741,-33.8211],[123.743,-33.8176],[123.7465,-33.814],[123.7417,-33.8179],[123.741,-33.8211]]],[[[121.8923,-33.9042],[121.891,-33.9013],[121.8894,-33.9019],[121.8923,-33.9042]]],[[[124.0894,-33.7465],[124.0908,-33.7447],[124.0897,-33.7428],[124.0881,-33.7437],[124.0894,-33.7465]]],[[[124.0807,-33.7314],[124.0794,-33.7285],[124.0776,-33.7304],[124.0807,-33.7314]]],[[[122.8089,-33.9208],[122.8121,-33.924],[122.8133,-33.9231],[122.8089,-33.9208]]],[[[122.9716,-33.9051],[122.9731,-33.9038],[122.9717,-33.9009],[122.9716,-33.9051]]],[[[123.3368,-33.9222],[123.3398,-33.9212],[123.3392,-33.9198],[123.3368,-33.9222]]],[[[121.6466,-33.8989],[121.65,-33.8988],[121.6493,-33.8971],[121.6466,-33.8989]]],[[[121.961,-33.8538],[121.9659,-33.8551],[121.9672,-33.8542],[121.961,-33.8538]]],[[[124.119,-33.8532],[124.1231,-33.8522],[124.1229,-33.8516],[124.119,-33.8532]]],[[[121.8169,-33.9114],[121.8211,-33.9099],[121.8189,-33.9093],[121.8169,-33.9114]]],[[[122.8223,-33.9075],[122.8192,-33.9107],[122.8233,-33.9077],[122.8223,-33.9075]]],[[[122.6727,-33.9209],[122.6748,-33.922],[122.6741,-33.9203],[122.6727,-33.9209]]],[[[123.9815,-33.827],[123.9841,-33.8268],[123.9838,-33.825],[123.9815,-33.827]]],[[[121.9698,-33.8774],[121.9726,-33.8766],[121.9703,-33.8756],[121.9698,-33.8774]]],[[[122.9743,-33.9063],[122.9744,-33.909],[122.9752,-33.9057],[122.9743,-33.9063]]],[[[121.8245,-33.8947],[121.8274,-33.8952],[121.8249,-33.8942],[121.8245,-33.8947]]],[[[123.1409,-33.9315],[123.1434,-33.9299],[123.143,-33.9295],[123.1409,-33.9315]]],[[[124.1627,-33.7204],[124.1653,-33.7199],[124.1653,-33.7194],[124.1627,-33.7204]]],[[[122.5937,-33.9328],[122.596,-33.9324],[122.5944,-33.9318],[122.5937,-33.9328]]],[[[122.6071,-33.9206],[122.609,-33.9211],[122.6097,-33.92],[122.6071,-33.9206]]],[[[121.8853,-33.929],[121.8876,-33.9295],[121.888,-33.9284],[121.8853,-33.929]]],[[[123.6676,-33.8477],[123.6684,-33.8489],[123.6692,-33.848],[123.6676,-33.8477]]],[[[123.9984,-33.6359],[123.9994,-33.6346],[123.9979,-33.6352],[123.9984,-33.6359]]],[[[121.8151,-33.9105],[121.8144,-33.909],[121.8144,-33.9103],[121.8151,-33.9105]]],[[[122.7203,-33.8968],[122.7219,-33.8965],[122.7207,-33.8956],[122.7203,-33.8968]]],[[[121.8773,-33.9145],[121.8792,-33.9152],[121.8795,-33.9143],[121.8773,-33.9145]]],[[[123.1483,-33.9404],[123.1495,-33.9414],[123.1498,-33.94],[123.1483,-33.9404]]],[[[122.0348,-33.8754],[122.0366,-33.8752],[122.0348,-33.8747],[122.0348,-33.8754]]],[[[123.7337,-33.83],[123.7354,-33.8299],[123.7355,-33.8289],[123.7337,-33.83]]],[[[123.6557,-33.8513],[123.6574,-33.8519],[123.6574,-33.8511],[123.6557,-33.8513]]],[[[121.9726,-33.9282],[121.9728,-33.9271],[121.9715,-33.9274],[121.9726,-33.9282]]],[[[121.9695,-33.9291],[121.9705,-33.9282],[121.9697,-33.9274],[121.9695,-33.9291]]],[[[122.7418,-33.8966],[122.7421,-33.8978],[122.7426,-33.8971],[122.7418,-33.8966]]],[[[122.9933,-33.9026],[122.9933,-33.9039],[122.994,-33.9029],[122.9933,-33.9026]]],[[[123.3408,-33.92],[123.3414,-33.9189],[123.3404,-33.9193],[123.3408,-33.92]]],[[[121.8624,-33.9155],[121.8635,-33.9147],[121.8624,-33.9149],[121.8624,-33.9155]]],[[[121.9846,-33.9296],[121.9852,-33.9286],[121.9835,-33.9296],[121.9846,-33.9296]]],[[[123.9524,-33.6257],[123.9541,-33.6252],[123.9535,-33.6245],[123.9524,-33.6257]]],[[[124.1265,-33.7407],[124.125,-33.74],[124.1256,-33.7408],[124.1265,-33.7407]]],[[[122.6908,-33.9133],[122.6923,-33.9136],[122.6921,-33.9128],[122.6908,-33.9133]]],[[[124.0785,-33.7354],[124.0798,-33.7359],[124.0797,-33.7347],[124.0785,-33.7354]]],[[[121.8204,-33.9214],[121.8217,-33.9216],[121.8213,-33.9209],[121.8204,-33.9214]]],[[[123.9664,-33.6293],[123.9672,-33.6304],[123.9673,-33.6296],[123.9664,-33.6293]]],[[[123.9574,-33.6199],[123.9586,-33.6196],[123.9577,-33.6193],[123.9574,-33.6199]]],[[[124.1726,-33.8147],[124.174,-33.8148],[124.1739,-33.8142],[124.1726,-33.8147]]],[[[123.0164,-33.8626],[123.0176,-33.8631],[123.0168,-33.8622],[123.0164,-33.8626]]],[[[122.6891,-33.932],[122.6903,-33.9319],[122.6901,-33.9312],[122.6891,-33.932]]],[[[123.9619,-33.6347],[123.9634,-33.6345],[123.9626,-33.634],[123.9619,-33.6347]]],[[[122.7388,-33.8988],[122.7398,-33.8991],[122.7398,-33.8981],[122.7388,-33.8988]]],[[[123.9559,-33.6209],[123.957,-33.6213],[123.9564,-33.6206],[123.9559,-33.6209]]],[[[123.7986,-33.716],[123.7993,-33.7152],[123.7987,-33.7152],[123.7986,-33.716]]],[[[122.0378,-33.8742],[122.0389,-33.8742],[122.0384,-33.8738],[122.0378,-33.8742]]],[[[123.9595,-33.6268],[123.9605,-33.6268],[123.9598,-33.6262],[123.9595,-33.6268]]],[[[122.0371,-33.8738],[122.0379,-33.874],[122.0375,-33.8735],[122.0371,-33.8738]]],[[[123.5583,-33.9339],[123.5592,-33.9342],[123.5587,-33.9336],[123.5583,-33.9339]]],[[[123.9493,-33.6334],[123.9495,-33.6329],[123.949,-33.6331],[123.9493,-33.6334]]],[[[123.9494,-33.6338],[123.95,-33.634],[123.95,-33.6337],[123.9494,-33.6338]]],[[[120.8147,-33.8909],[120.815,-33.8906],[120.8147,-33.8906],[120.8147,-33.8909]]],[[[120.8191,-33.8834],[120.8196,-33.8836],[120.8199,-33.8836],[120.8191,-33.8834]]],[[[120.8141,-33.8859],[120.8142,-33.886],[120.8143,-33.8859],[120.8143,-33.8859],[120.8142,-33.8859],[120.8142,-33.8859],[120.8141,-33.8859]]]]}},{"type":"Feature","properties":{"lga_name":"Exmouth"},"geometry":{"type":"MultiPolygon","coordinates":[[[[113.9639,-21.938],[113.9479,-21.9507],[113.9409,-21.9647],[113.942,-21.9702],[113.9336,-21.9732],[113.9333,-21.9987],[113.9249,-22.007],[113.9207,-22.0238],[113.9121,-22.0361],[113.8904,-22.0965],[113.8862,-22.0983],[113.8821,-22.1239],[113.8669,-22.1511],[113.847,-22.2248],[113.8395,-22.2318],[113.8409,-22.2345],[113.8358,-22.2417],[113.8318,-22.2614],[113.8329,-22.2746],[113.8162,-22.3157],[113.7957,-22.353],[113.7818,-22.3664],[113.7803,-22.3768],[113.7753,-22.3825],[113.7651,-22.3848],[113.7571,-22.4006],[113.7494,-22.4084],[113.751,-22.4157],[113.7469,-22.4451],[113.7377,-22.471],[113.723,-22.4962],[113.7079,-22.4967],[113.7165,-22.5103],[113.7138,-22.518],[113.6931,-22.541],[113.6814,-22.5416],[113.6678,-22.5485],[113.6601,-22.5597],[113.654,-22.5834],[113.6726,-22.5944],[113.6745,-22.6135],[113.6683,-22.6287],[113.6864,-22.6644],[113.6858,-22.6734],[113.671,-22.699],[113.6716,-22.719],[113.6771,-22.723],[113.6943,-22.7161],[113.7094,-22.7153],[113.7406,-22.7385],[113.7553,-22.7562],[113.7714,-22.7853],[113.7775,-22.8111],[113.7938,-22.8427],[113.799,-22.8808],[113.8167,-22.9069],[113.8188,-22.9272],[113.8939,-22.9272],[113.8939,-22.7909],[114.2002,-22.7907],[114.2002,-22.8548],[114.4557,-22.8546],[114.4794,-22.8999],[114.5026,-22.9303],[114.5316,-22.9622],[114.5561,-22.9832],[114.5977,-23.0113],[114.5977,-22.9688],[114.6448,-22.9688],[114.6614,-22.933],[114.7093,-22.933],[114.7093,-22.9062],[114.6713,-22.9062],[114.6789,-22.8862],[114.6817,-22.8569],[114.7015,-22.8008],[114.7505,-22.7163],[114.754,-22.7054],[114.754,-22.6682],[114.6367,-22.6682],[114.6368,-22.5047],[114.5587,-22.5046],[114.5589,-22.2778],[114.432,-22.2781],[114.4331,-22.285],[114.4396,-22.2906],[114.4614,-22.2926],[114.449,-22.3001],[114.4509,-22.306],[114.454,-22.3065],[114.456,-22.3093],[114.4553,-22.3115],[114.4507,-22.3068],[114.4515,-22.3161],[114.458,-22.3211],[114.4614,-22.3277],[114.46,-22.3294],[114.4491,-22.3171],[114.4469,-22.3042],[114.4336,-22.295],[114.4309,-22.2974],[114.4397,-22.304],[114.4252,-22.2997],[114.4166,-22.3096],[114.4262,-22.3202],[114.4199,-22.3161],[114.412,-22.3188],[114.4087,-22.3312],[114.4156,-22.3324],[114.4125,-22.3348],[114.4142,-22.3396],[114.4242,-22.3462],[114.4433,-22.3429],[114.4309,-22.3517],[114.4408,-22.3584],[114.448,-22.3574],[114.4516,-22.3626],[114.448,-22.3584],[114.4391,-22.3592],[114.4366,-22.3571],[114.4372,-22.3602],[114.4457,-22.3637],[114.4399,-22.3629],[114.4408,-22.3675],[114.4246,-22.3523],[114.41,-22.35],[114.4061,-22.3528],[114.4088,-22.3621],[114.417,-22.3635],[114.4107,-22.365],[114.4044,-22.3586],[114.4009,-22.3599],[114.3969,-22.3717],[114.3974,-22.3853],[114.4233,-22.3957],[114.4145,-22.3953],[114.4165,-22.3991],[114.4063,-22.3918],[114.3928,-22.3922],[114.3955,-22.4026],[114.4021,-22.403],[114.3904,-22.4026],[114.3924,-22.4215],[114.4079,-22.4292],[114.386,-22.4266],[114.3863,-22.4341],[114.4053,-22.4389],[114.3917,-22.439],[114.393,-22.4463],[114.3882,-22.439],[114.3821,-22.4386],[114.3803,-22.4413],[114.3852,-22.4522],[114.3918,-22.457],[114.39,-22.461],[114.4003,-22.4633],[114.4038,-22.4694],[114.396,-22.464],[114.3836,-22.4648],[114.3817,-22.4764],[114.3771,-22.4761],[114.3827,-22.482],[114.3873,-22.4825],[114.384,-22.4833],[114.3861,-22.4846],[114.3747,-22.4793],[114.3726,-22.483],[114.3738,-22.4881],[114.3838,-22.4908],[114.3646,-22.4903],[114.3771,-22.4981],[114.3692,-22.4954],[114.3679,-22.5002],[114.3673,-22.4955],[114.3628,-22.4928],[114.3598,-22.4959],[114.3613,-22.5029],[114.3587,-22.5039],[114.3577,-22.4943],[114.3549,-22.5006],[114.3458,-22.4898],[114.3403,-22.4979],[114.3459,-22.5098],[114.3405,-22.5079],[114.3403,-22.5163],[114.3371,-22.497],[114.339,-22.4921],[114.3335,-22.4944],[114.332,-22.4876],[114.3272,-22.4897],[114.324,-22.4796],[114.3209,-22.4873],[114.3252,-22.498],[114.3236,-22.5054],[114.3244,-22.4971],[114.3188,-22.4888],[114.3225,-22.463],[114.3174,-22.4406],[114.3091,-22.435],[114.29,-22.4368],[114.2824,-22.4338],[114.262,-22.4406],[114.2528,-22.4519],[114.2412,-22.4592],[114.2256,-22.4574],[114.2236,-22.4633],[114.2307,-22.4733],[114.2268,-22.4712],[114.2191,-22.4806],[114.216,-22.4875],[114.219,-22.4964],[114.2139,-22.5029],[114.1888,-22.5208],[114.1607,-22.5238],[114.1618,-22.534],[114.157,-22.5235],[114.1544,-22.528],[114.151,-22.5171],[114.1457,-22.5227],[114.1438,-22.532],[114.1465,-22.536],[114.1438,-22.5381],[114.1432,-22.5265],[114.145,-22.5209],[114.1488,-22.5186],[114.1461,-22.5121],[114.1434,-22.5163],[114.1439,-22.5067],[114.1355,-22.5006],[114.133,-22.5071],[114.1252,-22.5116],[114.1318,-22.507],[114.1347,-22.4991],[114.1386,-22.4975],[114.1306,-22.4893],[114.1218,-22.4727],[114.1226,-22.4538],[114.1283,-22.4417],[114.123,-22.4321],[114.1221,-22.4158],[114.1282,-22.4078],[114.1409,-22.4092],[114.147,-22.3968],[114.1389,-22.402],[114.1299,-22.3999],[114.1349,-22.3972],[114.1393,-22.3988],[114.1405,-22.396],[114.1355,-22.3932],[114.1405,-22.3943],[114.1458,-22.3903],[114.1596,-22.3669],[114.1782,-22.3534],[114.1824,-22.3435],[114.1742,-22.3162],[114.1785,-22.3054],[114.1775,-22.3032],[114.1495,-22.3015],[114.144,-22.3052],[114.1429,-22.3121],[114.1327,-22.3198],[114.1247,-22.3244],[114.122,-22.3194],[114.1208,-22.328],[114.1176,-22.3273],[114.1158,-22.3312],[114.1141,-22.3251],[114.1171,-22.3149],[114.1212,-22.3119],[114.1264,-22.3139],[114.129,-22.3023],[114.1251,-22.2994],[114.1271,-22.294],[114.1237,-22.2793],[114.133,-22.2616],[114.1161,-22.2439],[114.1134,-22.2251],[114.092,-22.2034],[114.0848,-22.1913],[114.0803,-22.1541],[114.0893,-22.1192],[114.0941,-22.1118],[114.1019,-22.074],[114.1085,-22.066],[114.115,-22.0487],[114.116,-22.031],[114.1226,-22.0163],[114.132,-21.972],[114.1381,-21.9584],[114.1414,-21.9581],[114.1424,-21.9572],[114.1391,-21.957],[114.1384,-21.956],[114.1411,-21.9548],[114.144,-21.9581],[114.1428,-21.9553],[114.1388,-21.9528],[114.1408,-21.943],[114.1387,-21.9252],[114.1495,-21.8761],[114.1489,-21.8667],[114.1765,-21.8266],[114.191,-21.8146],[114.1759,-21.8028],[114.1697,-21.789],[114.1652,-21.7858],[114.1316,-21.8056],[114.119,-21.8071],[114.108,-21.8033],[114.0787,-21.816],[114.0721,-21.8276],[114.057,-21.8322],[114.0381,-21.847],[114.0257,-21.85],[114.0143,-21.8632],[113.9951,-21.8755],[113.992,-21.8901],[113.9863,-21.8954],[113.9796,-21.9111],[113.9696,-21.9202],[113.9639,-21.938]]],[[[114.4216,-21.7038],[114.4181,-21.7036],[114.4201,-21.7054],[114.4216,-21.7038]]],[[[114.306,-21.7116],[114.3228,-21.6939],[114.3345,-21.6752],[114.3516,-21.6666],[114.3502,-21.6602],[114.3433,-21.6619],[114.3176,-21.6856],[114.3046,-21.7039],[114.306,-21.7116]]],[[[114.359,-21.6509],[114.3698,-21.6519],[114.392,-21.6329],[114.3915,-21.6261],[114.3875,-21.6244],[114.3753,-21.628],[114.3637,-21.6405],[114.359,-21.6509]]],[[[114.1696,-22.4551],[114.1507,-22.4796],[114.1476,-22.4894],[114.1589,-22.4759],[114.1666,-22.4738],[114.1723,-22.4567],[114.1729,-22.4472],[114.1687,-22.4455],[114.1696,-22.4551]]],[[[114.1313,-22.4587],[114.133,-22.4581],[114.1325,-22.4565],[114.1313,-22.4587]]],[[[114.4008,-22.4653],[114.3993,-22.4636],[114.3975,-22.4635],[114.3976,-22.464],[114.4008,-22.4653]]],[[[114.3388,-22.4875],[114.3403,-22.4866],[114.3398,-22.4861],[114.3388,-22.4875]]],[[[114.3565,-22.4875],[114.3573,-22.4875],[114.3571,-22.4872],[114.3565,-22.4875]]],[[[114.1819,-22.4237],[114.1887,-22.4231],[114.1869,-22.4138],[114.1816,-22.4107],[114.1819,-22.4237]]],[[[114.138,-22.4403],[114.1378,-22.4498],[114.1418,-22.4372],[114.138,-22.4403]]],[[[114.3037,-22.4293],[114.3052,-22.4292],[114.3039,-22.4283],[114.3037,-22.4293]]],[[[114.379,-22.4382],[114.3802,-22.4376],[114.3798,-22.4372],[114.379,-22.4382]]],[[[114.3751,-22.4366],[114.3766,-22.4368],[114.3755,-22.4362],[114.3751,-22.4366]]],[[[114.1502,-22.443],[114.1516,-22.4426],[114.1508,-22.4423],[114.1502,-22.443]]],[[[114.3869,-22.4022],[114.3823,-22.3953],[114.3772,-22.3991],[114.3778,-22.4],[114.3869,-22.4022]]],[[[114.4439,-22.2976],[114.4503,-22.295],[114.4415,-22.2936],[114.4439,-22.2976]]],[[[114.4318,-22.2938],[114.4324,-22.2888],[114.4295,-22.2872],[114.4278,-22.2903],[114.4318,-22.2938]]],[[[114.414,-22.3151],[114.4183,-22.315],[114.4158,-22.3118],[114.414,-22.3151]]],[[[114.1976,-22.3533],[114.2026,-22.3506],[114.2027,-22.3494],[114.1976,-22.3533]]],[[[114.1827,-22.4002],[114.1844,-22.3999],[114.1838,-22.3986],[114.1827,-22.4002]]],[[[114.4576,-22.3235],[114.4591,-22.3235],[114.4577,-22.3223],[114.4576,-22.3235]]],[[[114.4528,-22.2935],[114.455,-22.2933],[114.455,-22.2929],[114.4528,-22.2935]]],[[[114.3896,-22.401],[114.3903,-22.4015],[114.39,-22.4007],[114.3896,-22.401]]],[[[114.3801,-22.3932],[114.3809,-22.3932],[114.3804,-22.393],[114.3801,-22.3932]]]]}},{"type":"Feature","properties":{"lga_name":"Fremantle"},"geometry":{"type":"MultiPolygon","coordinates":[[[[115.7415,-32.0588],[115.7394,-32.0601],[115.7382,-32.0617],[115.7383,-32.0629],[115.7396,-32.0602],[115.7404,-32.0631],[115.7435,-32.0611],[115.7426,-32.0587],[115.7471,-32.0601],[115.7479,-32.0656],[115.744,-32.0644],[115.7431,-32.0624],[115.7426,-32.0624],[115.7442,-32.066],[115.7484,-32.0666],[115.7495,-32.0703],[115.7429,-32.0659],[115.7506,-32.0714],[115.7511,-32.0782],[115.7578,-32.0782],[115.7578,-32.0821],[115.7611,-32.0821],[115.7611,-32.0782],[115.7657,-32.0783],[115.7656,-32.0746],[115.8032,-32.0747],[115.8032,-32.0564],[115.7796,-32.0549],[115.7795,-32.047],[115.7581,-32.0473],[115.758,-32.0412],[115.7525,-32.0423],[115.7377,-32.0563],[115.7345,-32.0557],[115.7321,-32.0559],[115.7415,-32.0588]]],[[[115.7347,-32.0413],[115.7244,-32.0541],[115.7316,-32.0475],[115.7335,-32.0489],[115.7285,-32.0538],[115.737,-32.0528],[115.7485,-32.0401],[115.7584,-32.0389],[115.7605,-32.0328],[115.7552,-32.0267],[115.7583,-32.0219],[115.7509,-32.0216],[115.7431,-32.0379],[115.7347,-32.0413]]]]}},{"type":"Feature","properties":{"lga_name":"Gingin"},"geometry":{"type":"MultiPolygon","coordinates":[[[[115.3476,-31.0639],[115.3693,-31.0987],[115.3711,-31.1101],[115.3836,-31.1223],[115.3992,-31.1804],[115.4238,-31.2294],[115.4405,-31.2767],[115.5395,-31.4088],[115.5504,-31.4274],[115.5607,-31.4552],[115.6701,-31.4551],[115.6714,-31.4661],[115.6784,-31.477],[115.8997,-31.4738],[115.8997,-31.4714],[115.9238,-31.4714],[115.9252,-31.4761],[115.9359,-31.4761],[115.9371,-31.4737],[115.9989,-31.4746],[115.9989,-31.3954],[115.9887,-31.3919],[115.9887,-31.3828],[115.9717,-31.3828],[115.9676,-31.3516],[116.0068,-31.3517],[116.0077,-31.3402],[116.0286,-31.3226],[116.0291,-31.3178],[116.023,-31.3063],[116.0325,-31.3],[116.0427,-31.2758],[116.0385,-31.2477],[116.0409,-31.2396],[116.0374,-31.2294],[116.0388,-31.2154],[116.043,-31.21],[116.0454,-31.1942],[116.0562,-31.1696],[116.0517,-31.1488],[116.0533,-31.1223],[116.0457,-31.0605],[115.9522,-31.0606],[115.9522,-31.0043],[115.9374,-31.0009],[115.9273,-31.0054],[115.9009,-31.0079],[115.8953,-31.0013],[115.8978,-30.9927],[115.8931,-30.9925],[115.8919,-30.9807],[115.8876,-30.976],[115.8759,-30.9722],[115.8679,-30.9812],[115.8621,-30.9776],[115.8581,-30.981],[115.8543,-30.9779],[115.8347,-30.9785],[115.8164,-30.9824],[115.798,-30.9767],[115.7957,-30.9725],[115.7897,-30.9797],[115.7801,-30.977],[115.7708,-30.9832],[115.7573,-30.9806],[115.7385,-30.9839],[115.7095,-30.9782],[115.705,-30.9809],[115.709,-30.9858],[115.6981,-30.9967],[115.693,-30.9935],[115.6918,-30.9756],[115.5203,-30.9757],[115.5131,-30.9505],[115.498,-30.9198],[115.4722,-30.8988],[115.4246,-30.8988],[115.424,-30.8928],[115.2627,-30.8917],[115.269,-30.903],[115.2682,-30.9121],[115.2764,-30.9187],[115.2865,-30.9332],[115.2896,-30.9451],[115.3133,-30.974],[115.3253,-30.9988],[115.3239,-31.0055],[115.3283,-31.0106],[115.3301,-31.0208],[115.3264,-31.0279],[115.3325,-31.0299],[115.3393,-31.0395],[115.3476,-31.0639]]],[[[115.3252,-31.0291],[115.3255,-31.029],[115.3249,-31.0289],[115.3252,-31.0291]]],[[[115.3152,-31.0059],[115.3184,-31.0071],[115.3162,-31.0042],[115.3152,-31.0059]]]]}},{"type":"Feature","properties":{"lga_name":"Gnowangerup"},"geometry":{"type":"Polygon","coordinates":[[[117.9885,-34.0515],[117.9869,-34.4056],[118.4103,-34.405],[118.4112,-34.3904],[118.3741,-34.3828],[118.3928,-34.348],[118.3998,-34.3444],[118.3927,-34.3182],[118.3834,-34.305],[118.4018,-34.305],[118.4018,-34.2953],[118.4117,-34.2953],[118.4117,-34.2849],[118.4496,-34.2947],[118.4579,-34.2915],[118.4665,-34.2986],[118.4743,-34.2949],[118.4834,-34.2989],[118.4868,-34.305],[118.5095,-34.306],[118.5109,-34.3106],[118.5183,-34.3129],[118.5196,-34.3198],[118.5339,-34.3194],[118.535,-34.3265],[118.5396,-34.3289],[118.5563,-34.3248],[118.5607,-34.3398],[118.5801,-34.3463],[118.5815,-34.3481],[118.5756,-34.3524],[118.5801,-34.355],[118.5852,-34.3518],[118.5951,-34.3521],[118.6057,-34.3571],[118.6236,-34.3441],[118.6375,-34.3497],[118.6407,-34.3478],[118.6353,-34.3444],[118.6336,-34.3318],[118.6407,-34.332],[118.6452,-34.338],[118.6534,-34.337],[118.6504,-34.3249],[118.6068,-34.3169],[118.6102,-34.3117],[118.6152,-34.2795],[118.623,-34.2759],[118.6329,-34.2513],[118.6303,-34.2402],[118.6447,-34.2103],[118.611,-34.1948],[118.6155,-34.1875],[118.6154,-34.1521],[118.6383,-34.1339],[118.641,-34.1182],[118.6513,-34.1],[118.6551,-34.0551],[118.6535,-33.9542],[118.6115,-33.9544],[118.6114,-33.9201],[118.6352,-33.9201],[118.6352,-33.924],[118.7425,-33.8301],[118.7176,-33.8273],[118.7176,-33.8047],[118.6939,-33.8047],[118.6938,-33.7764],[118.541,-33.7771],[118.5238,-33.7682],[118.5238,-33.7865],[118.5002,-33.7865],[118.4487,-33.7848],[118.4487,-33.7739],[118.4291,-33.7739],[118.4292,-33.781],[118.3645,-33.781],[118.3645,-33.7723],[118.2945,-33.7722],[118.2945,-33.7791],[118.2334,-33.7791],[118.2334,-33.7972],[118.1717,-33.7953],[118.1717,-33.7807],[118.1217,-33.7792],[118.1217,-33.7752],[118.0762,-33.7779],[118.055,-33.7873],[118.0552,-33.7716],[118.0021,-33.7716],[118.0021,-33.7875],[117.9895,-33.7875],[117.9895,-33.7675],[117.9712,-33.7675],[117.971,-33.7876],[117.9466,-33.7874],[117.9459,-33.7766],[117.9082,-33.7767],[117.9083,-33.8063],[117.8944,-33.8063],[117.8944,-33.809],[117.9083,-33.809],[117.9084,-33.8333],[117.9037,-33.8333],[117.9085,-33.8386],[117.9038,-33.8386],[117.9038,-33.8548],[117.9109,-33.8548],[117.9109,-33.8808],[117.8942,-33.8807],[117.8543,-33.8915],[117.858,-33.9365],[117.865,-33.9491],[117.8716,-33.9491],[117.8738,-33.96],[117.8965,-33.9599],[117.8965,-33.9644],[117.9021,-33.969],[117.901,-33.9885],[117.8958,-33.9885],[117.8958,-33.9957],[117.9025,-33.9987],[117.9008,-34.016],[117.9109,-34.0133],[117.9109,-34.0086],[117.9163,-34.0086],[117.9165,-34.0235],[117.9401,-34.0234],[117.9401,-34.0295],[117.9464,-34.0234],[117.9646,-34.0234],[117.9646,-34.0277],[117.9776,-34.0277],[117.9768,-34.0461],[117.9826,-34.0462],[117.9826,-34.0515],[117.9885,-34.0515]]]}},{"type":"Feature","properties":{"lga_name":"Goomalling"},"geometry":{"type":"Polygon","coordinates":[[[116.6165,-31.1041],[116.6165,-31.1607],[116.6017,-31.1607],[116.6369,-31.221],[116.6064,-31.3588],[116.6036,-31.3602],[116.6052,-31.3635],[116.5978,-31.3952],[116.6012,-31.4011],[116.5917,-31.4051],[116.5978,-31.4156],[116.5921,-31.4182],[116.5996,-31.427],[116.5987,-31.4391],[116.6041,-31.4553],[116.5978,-31.4716],[116.5948,-31.4955],[116.6013,-31.5066],[116.6002,-31.5094],[116.6506,-31.4881],[116.6529,-31.4921],[116.6578,-31.49],[116.6608,-31.4951],[116.6746,-31.4869],[116.6804,-31.4973],[116.6961,-31.4929],[116.6999,-31.4998],[116.7314,-31.4888],[116.734,-31.4934],[116.7373,-31.4919],[116.7353,-31.4885],[116.7373,-31.4876],[116.739,-31.4904],[116.7425,-31.489],[116.7497,-31.5019],[116.7593,-31.498],[116.7627,-31.5038],[116.7837,-31.495],[116.7862,-31.4993],[116.8188,-31.4845],[116.8292,-31.5024],[116.8718,-31.4825],[116.8776,-31.4912],[116.9658,-31.453],[116.9658,-31.4483],[116.991,-31.4482],[116.9895,-31.4084],[116.977,-31.4084],[116.9752,-31.3816],[116.9753,-31.3385],[116.9876,-31.3385],[116.9876,-31.3348],[116.9814,-31.3329],[116.9655,-31.3368],[116.969,-31.3275],[116.9623,-31.3274],[116.9623,-31.3221],[116.9451,-31.322],[116.9375,-31.3091],[116.9498,-31.3091],[116.9497,-31.2617],[116.938,-31.2636],[116.9379,-31.2528],[116.9311,-31.2526],[116.9409,-31.243],[116.9409,-31.2314],[116.9335,-31.2313],[116.9353,-31.2081],[116.9325,-31.203],[116.9372,-31.203],[116.9372,-31.1849],[116.9658,-31.1848],[116.9658,-31.1607],[116.9544,-31.1607],[116.938,-31.1314],[116.9482,-31.1267],[116.9372,-31.1225],[116.9372,-31.1184],[116.9312,-31.1184],[116.9312,-31.1079],[116.96,-31.1078],[116.9599,-31.0998],[116.9514,-31.0999],[116.9515,-31.0797],[116.9463,-31.0797],[116.9463,-31.0527],[116.9531,-31.0527],[116.9531,-31.0385],[116.9396,-31.0385],[116.9408,-31.008],[116.935,-31.008],[116.935,-30.9957],[116.9502,-30.9957],[116.9502,-30.9604],[116.9115,-30.9598],[116.9116,-30.9672],[116.8612,-30.9735],[116.7923,-30.9739],[116.7922,-30.9771],[116.7461,-30.9974],[116.744,-30.994],[116.7346,-30.9978],[116.7332,-30.996],[116.7308,-31.0013],[116.7205,-31.0013],[116.7203,-30.9909],[116.6977,-30.9905],[116.6976,-30.9809],[116.6818,-30.9809],[116.6825,-31.005],[116.6595,-31.005],[116.6458,-31.0122],[116.6005,-31.0123],[116.6005,-31.0374],[116.6129,-31.0374],[116.6128,-31.0715],[116.5971,-31.0715],[116.5971,-31.0893],[116.6088,-31.0894],[116.6087,-31.1041],[116.6165,-31.1041]]]}},{"type":"Feature","properties":{"lga_name":"Gosnells"},"geometry":{"type":"Polygon","coordinates":[[[115.9772,-32.0045],[115.9707,-32.0091],[115.968,-32.0068],[115.936,-32.0337],[115.9303,-32.0541],[115.9364,-32.0598],[115.9231,-32.0705],[115.9144,-32.1016],[115.9162,-32.1153],[115.9308,-32.1001],[115.9631,-32.1312],[116.012,-32.0906],[116.0131,-32.0974],[116.0157,-32.0933],[116.033,-32.0932],[116.05,-32.0955],[116.05,-32.0982],[116.0746,-32.0982],[116.0745,-32.0882],[116.0896,-32.0871],[116.0896,-32.0728],[116.0685,-32.0728],[116.0687,-32.0593],[116.0653,-32.0593],[116.0652,-32.0506],[116.0563,-32.0506],[116.0561,-32.0404],[116.0495,-32.0405],[116.0332,-32.0232],[116.0294,-32.0263],[116.0144,-32.0135],[116.0025,-32.0236],[115.9947,-32.0095],[115.9894,-32.014],[115.9772,-32.0045]]]}},{"type":"Feature","properties":{"lga_name":"Greater Geraldton"},"geometry":{"type":"MultiPolygon","coordinates":[[[[114.7557,-28.7119],[114.7478,-28.7134],[114.7476,-28.7261],[114.6919,-28.727],[114.6919,-28.7202],[114.6956,-28.7189],[114.6956,-28.7071],[114.6927,-28.7043],[114.6884,-28.707],[114.6662,-28.7084],[114.6672,-28.6726],[114.6427,-28.6707],[114.6427,-28.6747],[114.6295,-28.6747],[114.6294,-28.6678],[114.6127,-28.6656],[114.6057,-28.6869],[114.619,-28.7193],[114.6147,-28.7626],[114.6138,-28.7636],[114.6128,-28.7628],[114.6103,-28.7641],[114.6123,-28.7639],[114.6133,-28.7661],[114.6099,-28.769],[114.6093,-28.7683],[114.6111,-28.7651],[114.6109,-28.7646],[114.6064,-28.774],[114.6033,-28.7753],[114.6027,-28.7719],[114.6022,-28.776],[114.5927,-28.7769],[114.5949,-28.772],[114.5995,-28.771],[114.5991,-28.771],[114.5997,-28.77],[114.5995,-28.7692],[114.5946,-28.7703],[114.5904,-28.7763],[114.5879,-28.7735],[114.5927,-28.7725],[114.592,-28.7701],[114.5874,-28.7709],[114.5845,-28.7763],[114.5764,-28.7779],[114.576,-28.7843],[114.5904,-28.7848],[114.5981,-28.7925],[114.6067,-28.7917],[114.6122,-28.7953],[114.6287,-28.8305],[114.6239,-28.8433],[114.6285,-28.8558],[114.6349,-28.8614],[114.6326,-28.8709],[114.6345,-28.8749],[114.6974,-28.9427],[114.7664,-29.0023],[114.8264,-29.0619],[114.8687,-29.0246],[114.8839,-29.0246],[114.8839,-29.0192],[115.0966,-29.0192],[115.0966,-29.0164],[115.1409,-29.0164],[115.1408,-28.9944],[115.1822,-28.9944],[115.2062,-28.9788],[115.2061,-29.0107],[115.2645,-29.0107],[115.2645,-29.0005],[115.3407,-29.0005],[115.3407,-28.9481],[115.3737,-28.9481],[115.3736,-28.9172],[115.5936,-28.9171],[115.5937,-28.9497],[115.6039,-28.9497],[115.6039,-28.9661],[115.6219,-28.9661],[115.625,-28.9374],[115.6362,-28.9374],[115.6362,-28.8602],[115.6858,-28.8602],[115.6858,-28.8515],[115.8114,-28.8514],[115.8114,-28.8392],[115.8843,-28.8392],[115.8846,-28.8024],[115.9251,-28.8024],[115.925,-28.7845],[115.9582,-28.7845],[115.9581,-28.7566],[115.9912,-28.7566],[115.9912,-28.7263],[116.0522,-28.7262],[116.0522,-28.7565],[116.0815,-28.7583],[116.0839,-28.7975],[116.2152,-28.7968],[116.2152,-28.7997],[116.2218,-28.7997],[116.2218,-28.7968],[116.2303,-28.7968],[116.2303,-28.7155],[116.1685,-28.7155],[116.1685,-28.6035],[116.2303,-28.6035],[116.2303,-28.5959],[116.2597,-28.5959],[116.2596,-28.4917],[116.2268,-28.4917],[116.2268,-28.3319],[116.1693,-28.3319],[116.1693,-28.2532],[116.0468,-28.2532],[116.0468,-28.2876],[115.9581,-28.2876],[115.9581,-28.334],[115.9322,-28.334],[115.9322,-28.3612],[115.9958,-28.3612],[115.9958,-28.4338],[115.8643,-28.4338],[115.8643,-28.4238],[115.8385,-28.4237],[115.8385,-28.4343],[115.8197,-28.4343],[115.8085,-28.4287],[115.8085,-28.0223],[115.8538,-28.0223],[115.8538,-28.0659],[115.9107,-28.0659],[115.9107,-27.9925],[115.8923,-27.9925],[115.8923,-27.9377],[115.9049,-27.9378],[115.9051,-27.9345],[115.7615,-27.9349],[115.734,-27.9337],[115.7263,-27.9296],[115.5654,-27.9291],[115.5542,-27.9346],[115.5391,-27.9345],[115.5345,-27.9388],[115.3784,-27.9381],[115.3784,-27.8179],[115.3197,-27.818],[115.3197,-27.8975],[115.3552,-27.8975],[115.3552,-27.9378],[115.321,-27.9375],[115.321,-28.0021],[115.4049,-28.0032],[115.4048,-28.1963],[115.4162,-28.1962],[115.4163,-28.2174],[115.4387,-28.2174],[115.4387,-28.2062],[115.4958,-28.2062],[115.4838,-28.2272],[115.4875,-28.2261],[115.4873,-28.2286],[115.4787,-28.2391],[115.4721,-28.24],[115.4646,-28.2478],[115.4495,-28.2556],[115.4454,-28.2616],[115.442,-28.2725],[115.4489,-28.2826],[115.4485,-28.2913],[115.4374,-28.3071],[115.4339,-28.3207],[115.4292,-28.3241],[115.4163,-28.3224],[115.4044,-28.3332],[115.3767,-28.3465],[115.3804,-28.3565],[115.3667,-28.3804],[115.3692,-28.3922],[115.3604,-28.3979],[115.3527,-28.4127],[115.3335,-28.4136],[115.3222,-28.4223],[115.3074,-28.4187],[115.2987,-28.4265],[115.285,-28.4223],[115.2819,-28.428],[115.288,-28.4433],[115.2751,-28.4502],[115.2687,-28.4617],[115.2489,-28.466],[115.2473,-28.4611],[115.2499,-28.4544],[115.2411,-28.4412],[115.2329,-28.4464],[115.2329,-28.4516],[115.2227,-28.4516],[115.2221,-28.447],[115.212,-28.4434],[115.1904,-28.4514],[115.1907,-28.4556],[115.2033,-28.4647],[115.1982,-28.4848],[115.2112,-28.4889],[115.2122,-28.4933],[115.2051,-28.4981],[115.1952,-28.4966],[115.1888,-28.5011],[115.178,-28.5021],[115.1754,-28.5269],[115.166,-28.5321],[115.1706,-28.5403],[115.169,-28.5524],[115.1429,-28.5571],[115.1376,-28.5686],[115.1269,-28.5772],[115.1221,-28.5885],[115.1174,-28.589],[115.1105,-28.5819],[115.1021,-28.5913],[115.0897,-28.5951],[115.088,-28.601],[115.091,-28.6116],[115.0799,-28.6277],[115.0726,-28.6329],[115.0752,-28.6448],[115.0664,-28.6504],[115.0484,-28.6504],[115.0484,-28.6555],[115.0259,-28.6555],[115.0259,-28.6446],[114.9662,-28.6446],[114.9662,-28.6349],[114.8448,-28.6355],[114.846,-28.6493],[114.8372,-28.6491],[114.8311,-28.6449],[114.805,-28.6446],[114.8049,-28.6505],[114.7845,-28.648],[114.7844,-28.6528],[114.7807,-28.6528],[114.7614,-28.6481],[114.759,-28.6536],[114.7388,-28.6534],[114.7384,-28.6776],[114.7384,-28.6866],[114.7556,-28.6845],[114.7557,-28.7119]]],[[[113.9605,-28.9865],[113.9612,-28.986],[113.9605,-28.9862],[113.9605,-28.9865]]],[[[113.7404,-28.4945],[113.7407,-28.4952],[113.7411,-28.4948],[113.7404,-28.4945]]],[[[113.6769,-28.458],[113.6782,-28.4587],[113.6786,-28.4582],[113.6769,-28.458]]],[[[113.5891,-28.3022],[113.5983,-28.308],[113.6029,-28.2972],[113.5949,-28.2893],[113.5888,-28.2961],[113.5891,-28.3022]]],[[[113.7136,-28.4612],[113.7142,-28.4633],[113.7154,-28.4609],[113.7136,-28.4612]]],[[[113.7659,-28.4966],[113.7681,-28.4964],[113.7671,-28.4947],[113.7659,-28.4966]]],[[[113.687,-28.4655],[113.6858,-28.4851],[113.6961,-28.484],[113.6969,-28.4688],[113.7083,-28.4647],[113.7009,-28.4501],[113.7006,-28.4403],[113.6939,-28.4505],[113.6821,-28.454],[113.687,-28.4655]]],[[[113.7067,-28.4682],[113.7084,-28.4686],[113.7083,-28.4679],[113.7067,-28.4682]]],[[[113.7125,-28.4744],[113.7136,-28.4736],[113.7123,-28.4738],[113.7125,-28.4744]]],[[[113.6987,-28.4734],[113.6989,-28.4743],[113.6995,-28.4738],[113.6987,-28.4734]]],[[[113.7003,-28.4735],[113.7009,-28.4745],[113.7012,-28.4739],[113.7003,-28.4735]]],[[[113.7109,-28.4677],[113.712,-28.4682],[113.7117,-28.4675],[113.7109,-28.4677]]],[[[113.7143,-28.4574],[113.7185,-28.4539],[113.7182,-28.4529],[113.7143,-28.4574]]],[[[113.7256,-28.4556],[113.7281,-28.4531],[113.7281,-28.4526],[113.7263,-28.4536],[113.7256,-28.4556]]],[[[113.7162,-28.4512],[113.7177,-28.4513],[113.7175,-28.4506],[113.7162,-28.4512]]],[[[113.7234,-28.4615],[113.7245,-28.4612],[113.7241,-28.4608],[113.7234,-28.4615]]],[[[113.9635,-28.9562],[113.9568,-28.9648],[113.9541,-28.9772],[113.962,-28.9851],[113.9573,-28.9682],[113.9664,-28.9545],[113.9672,-28.9385],[113.9809,-28.9264],[113.9917,-28.9131],[114.0022,-28.9063],[114.0048,-28.9001],[113.9884,-28.9138],[113.9824,-28.9234],[113.9738,-28.9275],[113.9692,-28.9346],[113.9667,-28.9328],[113.9635,-28.9562]]],[[[113.9114,-28.9121],[113.9137,-28.9046],[113.9098,-28.9091],[113.9114,-28.9121]]],[[[113.8577,-28.8837],[113.8584,-28.889],[113.8613,-28.8902],[113.8602,-28.8841],[113.8577,-28.8837]]],[[[113.994,-28.865],[114.0,-28.8642],[114.0007,-28.8632],[113.9959,-28.8626],[113.994,-28.865]]],[[[113.9757,-28.8668],[113.978,-28.8661],[113.9769,-28.8629],[113.9746,-28.8653],[113.9772,-28.8654],[113.9757,-28.8668]]],[[[113.8968,-28.8963],[113.8982,-28.8984],[113.8996,-28.8961],[113.8968,-28.8963]]],[[[113.986,-28.8707],[113.9883,-28.8709],[113.9874,-28.8688],[113.986,-28.8707]]],[[[114.0007,-28.8705],[114.0029,-28.8718],[114.0031,-28.8709],[114.0007,-28.8705]]],[[[113.9671,-28.8677],[113.9682,-28.8678],[113.9698,-28.8668],[113.9671,-28.8677]]],[[[113.9638,-28.8718],[113.9654,-28.8729],[113.9659,-28.8709],[113.9638,-28.8718]]],[[[113.8719,-28.9168],[113.8739,-28.9169],[113.8723,-28.9156],[113.8719,-28.9168]]],[[[113.8818,-28.9086],[113.8846,-28.9092],[113.8845,-28.9085],[113.8818,-28.9086]]],[[[113.921,-28.8897],[113.9224,-28.888],[113.9215,-28.8876],[113.921,-28.8897]]],[[[113.8768,-28.913],[113.878,-28.9138],[113.8779,-28.9128],[113.8768,-28.913]]],[[[113.9613,-28.8761],[113.9627,-28.8758],[113.9628,-28.8743],[113.9613,-28.8761]]],[[[114.0034,-28.8728],[114.005,-28.8733],[114.0044,-28.8724],[114.0034,-28.8728]]],[[[113.8709,-28.9062],[113.8733,-28.9058],[113.8708,-28.9056],[113.8709,-28.9062]]],[[[114.0062,-28.8982],[114.0068,-28.8992],[114.0074,-28.8979],[114.0062,-28.8982]]],[[[113.9857,-28.8661],[113.9871,-28.8658],[113.9858,-28.8656],[113.9857,-28.8661]]],[[[114.0042,-28.8972],[114.0051,-28.8981],[114.0049,-28.8968],[114.0042,-28.8972]]],[[[113.8659,-28.9108],[113.8644,-28.9106],[113.8656,-28.9112],[113.8659,-28.9108]]],[[[113.8796,-28.909],[113.8785,-28.9085],[113.8783,-28.909],[113.8796,-28.909]]],[[[113.8607,-28.899],[113.8617,-28.8984],[113.8607,-28.8983],[113.8607,-28.899]]],[[[113.8572,-28.9057],[113.8581,-28.9057],[113.8575,-28.905],[113.8572,-28.9057]]],[[[113.8772,-28.8719],[113.878,-28.8726],[113.8775,-28.8715],[113.8772,-28.8719]]],[[[113.9459,-28.9012],[113.9454,-28.9003],[113.9452,-28.9008],[113.9459,-28.9012]]],[[[113.7159,-28.4338],[113.7214,-28.4475],[113.7298,-28.4441],[113.7447,-28.4264],[113.7361,-28.432],[113.7245,-28.4277],[113.7181,-28.43],[113.7159,-28.4338]]],[[[113.773,-28.4787],[113.7746,-28.4754],[113.7729,-28.4638],[113.772,-28.4656],[113.773,-28.4787]]],[[[113.8126,-28.4635],[113.8137,-28.4652],[113.8137,-28.463],[113.8126,-28.4635]]],[[[113.802,-28.484],[113.8041,-28.4824],[113.8037,-28.4815],[113.8032,-28.4816],[113.802,-28.484]]],[[[113.8079,-28.4742],[113.8089,-28.4753],[113.8084,-28.4739],[113.8079,-28.4742]]],[[[113.7846,-28.4759],[113.786,-28.4753],[113.7842,-28.4743],[113.7846,-28.4759]]],[[[113.7314,-28.4791],[113.7306,-28.4776],[113.7305,-28.479],[113.7314,-28.4791]]],[[[113.7427,-28.4761],[113.7443,-28.4764],[113.7443,-28.4757],[113.7427,-28.4761]]],[[[113.7829,-28.484],[113.7844,-28.4837],[113.7828,-28.4837],[113.7829,-28.484]]],[[[113.7722,-28.4614],[113.7731,-28.4618],[113.7724,-28.4613],[113.7722,-28.4614]]],[[[113.7642,-28.4707],[113.7633,-28.4703],[113.7633,-28.4708],[113.7642,-28.4707]]],[[[113.8091,-28.4735],[113.8096,-28.4738],[113.8096,-28.4734],[113.8091,-28.4735]]],[[[113.7794,-28.7395],[113.7807,-28.7388],[113.7806,-28.7378],[113.7794,-28.7395]]],[[[113.782,-28.7351],[113.7831,-28.7352],[113.7827,-28.7345],[113.782,-28.7351]]],[[[113.779,-28.701],[113.7802,-28.7014],[113.7805,-28.7009],[113.779,-28.701]]],[[[113.8822,-28.6303],[113.8842,-28.6296],[113.8822,-28.6298],[113.8822,-28.6303]]],[[[114.0163,-28.8531],[114.0175,-28.8539],[114.017,-28.8526],[114.0163,-28.8531]]],[[[114.0168,-28.8514],[114.0179,-28.8521],[114.0179,-28.8512],[114.0168,-28.8514]]],[[[114.0148,-28.8518],[114.0158,-28.8519],[114.0153,-28.8516],[114.0148,-28.8518]]],[[[113.7879,-28.714],[113.7859,-28.7092],[113.7799,-28.7093],[113.7841,-28.7229],[113.7879,-28.714]]],[[[113.8396,-28.7007],[113.8399,-28.7103],[113.8364,-28.723],[113.8411,-28.71],[113.8411,-28.7025],[113.8396,-28.7007]]],[[[113.8593,-28.6917],[113.8634,-28.691],[113.8696,-28.686],[113.8606,-28.6893],[113.8598,-28.6861],[113.8593,-28.6917]]],[[[113.8017,-28.7517],[113.8074,-28.7525],[113.81,-28.7493],[113.8017,-28.7517]]],[[[113.812,-28.7478],[113.814,-28.7468],[113.8173,-28.7427],[113.8104,-28.7437],[113.812,-28.7478]]],[[[113.8366,-28.6976],[113.8377,-28.6949],[113.8354,-28.6924],[113.8343,-28.6948],[113.8366,-28.6976]]],[[[113.8321,-28.6869],[113.8348,-28.684],[113.8336,-28.6794],[113.8314,-28.6797],[113.8321,-28.6869]]],[[[114.0428,-28.8011],[114.0381,-28.7993],[114.0377,-28.7997],[114.0428,-28.8011]]],[[[113.8294,-28.6752],[113.8323,-28.6738],[113.8294,-28.6703],[113.8294,-28.6752]]],[[[113.7869,-28.7294],[113.7878,-28.7267],[113.7872,-28.7251],[113.7847,-28.7278],[113.7869,-28.7294]]],[[[113.8759,-28.6726],[113.8782,-28.6724],[113.8767,-28.6694],[113.8759,-28.6726]]],[[[113.8332,-28.7253],[113.8352,-28.726],[113.8358,-28.7239],[113.8332,-28.7253]]],[[[113.8764,-28.6626],[113.877,-28.6659],[113.8776,-28.6622],[113.8764,-28.6626]]],[[[113.8512,-28.6742],[113.8531,-28.6756],[113.8541,-28.6733],[113.8512,-28.6742]]],[[[113.8274,-28.6684],[113.8294,-28.6677],[113.827,-28.6666],[113.8274,-28.6684]]],[[[113.8777,-28.6596],[113.8786,-28.6583],[113.8783,-28.6571],[113.8777,-28.6596]]],[[[113.8625,-28.668],[113.8629,-28.6694],[113.8633,-28.6684],[113.8625,-28.668]]],[[[113.7865,-28.7756],[113.7881,-28.7747],[113.7866,-28.7738],[113.7865,-28.7756]]],[[[113.7857,-28.7324],[113.7874,-28.7327],[113.7868,-28.7317],[113.7857,-28.7324]]],[[[113.8098,-28.748],[113.8108,-28.7481],[113.8105,-28.7475],[113.8098,-28.748]]],[[[113.8533,-28.6699],[113.8539,-28.6706],[113.8541,-28.6701],[113.8533,-28.6699]]],[[[113.8298,-28.6872],[113.8288,-28.6868],[113.8293,-28.6873],[113.8298,-28.6872]]],[[[113.787,-28.7235],[113.7877,-28.7233],[113.7871,-28.7231],[113.787,-28.7235]]],[[[113.8544,-28.6718],[113.8552,-28.6722],[113.8551,-28.6715],[113.8544,-28.6718]]],[[[113.8589,-28.6719],[113.8593,-28.6727],[113.8593,-28.6719],[113.8589,-28.6719]]],[[[113.8171,-28.7415],[113.818,-28.7414],[113.8178,-28.7411],[113.8171,-28.7415]]],[[[113.8566,-28.6746],[113.8557,-28.6748],[113.8559,-28.675],[113.8566,-28.6746]]],[[[113.8567,-28.6747],[113.8575,-28.6747],[113.8575,-28.6745],[113.8567,-28.6747]]],[[[113.8589,-28.681],[113.8593,-28.6814],[113.8595,-28.6812],[113.8589,-28.681]]]]}},{"type":"Feature","properties":{"lga_name":"Halls Creek"},"geometry":{"type":"Polygon","coordinates":[[[126.0806,-18.7525],[126.1213,-18.8043],[126.1207,-18.9965],[126.1853,-19.0046],[126.582,-19.0106],[126.582,-19.246],[126.5049,-19.2459],[126.5048,-19.4238],[126.0018,-19.4234],[126.0013,-21.232],[129.0005,-21.232],[129.0005,-16.9793],[128.7125,-16.9795],[128.6977,-16.9235],[128.479,-16.9235],[128.479,-16.9962],[128.2429,-16.9962],[128.2429,-16.9235],[128.2025,-16.9235],[128.2025,-17.0486],[128.1354,-17.0486],[128.1354,-17.0539],[127.8592,-17.0539],[127.8592,-17.1702],[127.8214,-17.1702],[127.8214,-17.2319],[127.7129,-17.2319],[127.7129,-17.2847],[127.815,-17.2847],[127.8146,-17.3363],[127.6519,-17.3363],[127.6519,-17.2319],[127.6307,-17.2319],[127.6307,-17.1494],[127.6214,-17.1494],[127.6214,-17.0762],[127.7153,-17.0762],[127.7153,-16.7693],[127.5642,-16.7694],[127.5642,-16.9981],[127.4129,-16.9981],[127.4129,-17.2163],[127.3268,-17.2163],[127.3268,-17.2327],[127.2472,-17.2327],[127.2472,-17.3873],[127.0465,-17.3888],[127.0465,-17.5494],[126.8913,-17.5494],[126.8913,-17.4768],[126.8818,-17.4759],[126.8842,-17.4798],[126.8792,-17.4774],[126.8663,-17.4835],[126.847,-17.4726],[126.8289,-17.4803],[126.7931,-17.4821],[126.7828,-17.4869],[126.7724,-17.4807],[126.7655,-17.4903],[126.7422,-17.4902],[126.7409,-17.4979],[126.737,-17.4995],[126.7206,-17.4957],[126.7116,-17.5011],[126.7014,-17.5023],[126.6696,-17.4972],[126.6489,-17.4973],[126.6489,-17.5431],[126.5394,-17.5431],[126.5394,-17.434],[126.4277,-17.434],[126.4277,-17.4867],[126.3515,-17.4868],[126.2971,-17.4867],[126.2971,-17.434],[126.295,-17.434],[126.2958,-17.4386],[126.2871,-17.4447],[126.2897,-17.4535],[126.2873,-17.4572],[126.2799,-17.4606],[126.268,-17.4577],[126.2556,-17.4594],[126.2425,-17.4721],[126.2391,-17.4811],[126.2299,-17.488],[126.2378,-17.4983],[126.2347,-17.5017],[126.2214,-17.5021],[126.2283,-17.518],[126.2265,-17.5261],[126.1992,-17.5361],[126.1964,-17.5389],[126.1954,-17.5512],[126.1818,-17.558],[126.1574,-17.5585],[126.1516,-17.5515],[126.1434,-17.5531],[126.1436,-17.563],[126.1315,-17.5792],[126.3084,-17.5803],[126.3084,-17.633],[126.392,-17.633],[126.392,-17.7789],[126.6225,-17.7789],[126.6225,-18.0965],[126.2827,-18.0965],[126.2827,-18.1739],[126.3246,-18.1739],[126.3254,-18.2533],[126.3188,-18.2531],[126.3155,-18.2562],[126.3155,-18.3963],[126.2547,-18.3963],[126.1831,-18.3229],[126.1585,-18.3282],[126.1233,-18.3443],[126.0975,-18.3494],[126.0802,-18.343],[126.06,-18.3236],[126.0483,-18.3201],[126.0433,-18.3361],[126.0358,-18.3361],[126.0376,-18.3506],[126.0333,-18.4914],[125.9908,-18.5232],[125.9028,-18.6137],[125.9298,-18.6202],[125.9567,-18.6745],[126.011,-18.7087],[126.0079,-18.7241],[126.0261,-18.731],[126.0261,-18.7555],[126.0317,-18.7555],[126.0502,-18.7648],[126.0806,-18.7525]]]}},{"type":"Feature","properties":{"lga_name":"Harvey"},"geometry":{"type":"Polygon","coordinates":[[[115.6871,-32.9331],[115.6585,-32.9331],[115.6737,-32.9988],[115.6889,-33.123],[115.6831,-33.1759],[115.681,-33.2757],[115.6786,-33.2888],[115.6702,-33.3029],[115.6913,-33.3042],[115.7023,-33.3119],[115.7133,-33.3124],[115.719,-33.3089],[115.7195,-33.2924],[115.7233,-33.2901],[115.7297,-33.291],[115.7375,-33.3002],[115.7447,-33.2983],[115.7467,-33.2946],[115.7497,-33.2985],[115.7652,-33.2954],[115.767,-33.3015],[115.7726,-33.3015],[115.7823,-33.3087],[115.7913,-33.3004],[115.8024,-33.2994],[115.8081,-33.3024],[115.8139,-33.3],[115.8351,-33.3162],[115.867,-33.3204],[115.8733,-33.3242],[115.8795,-33.3213],[115.8876,-33.325],[115.9008,-33.3199],[115.9026,-33.3286],[115.8944,-33.337],[115.8962,-33.3426],[115.8941,-33.3452],[115.9115,-33.364],[115.912,-33.3711],[115.9191,-33.3787],[115.919,-33.3489],[115.9279,-33.3489],[115.9279,-33.3417],[115.9189,-33.3391],[115.9186,-33.29],[115.947,-33.2899],[115.9466,-33.2217],[115.9507,-33.2195],[115.9552,-33.2226],[115.9622,-33.2221],[115.983,-33.2105],[115.9926,-33.2135],[116.0024,-33.2108],[116.0079,-33.2045],[116.0142,-33.2029],[116.0103,-33.1902],[116.0158,-33.183],[116.021,-33.1886],[116.0312,-33.1912],[116.0312,-33.213],[116.0085,-33.2319],[116.1448,-33.2319],[116.1419,-33.2243],[116.1467,-33.2242],[116.1469,-33.0849],[116.2091,-33.0851],[116.2089,-32.9842],[116.1995,-32.967],[116.1943,-32.9659],[116.1925,-32.9719],[116.1891,-32.9713],[116.1871,-32.9597],[116.1787,-32.9504],[116.1847,-32.9433],[116.1652,-32.9417],[116.1731,-32.9358],[116.1719,-32.9265],[116.1643,-32.9301],[116.1638,-32.9337],[116.1506,-32.9355],[116.0216,-32.9358],[116.0216,-32.9402],[116.0003,-32.9399],[116.0003,-32.9424],[115.9944,-32.9424],[115.9944,-32.9384],[115.9893,-32.9384],[115.9935,-32.9333],[115.9564,-32.9329],[115.9564,-32.9384],[115.9513,-32.9385],[115.9513,-32.9423],[115.9478,-32.9423],[115.943,-32.9362],[115.94,-32.937],[115.94,-32.941],[115.9244,-32.9411],[115.9244,-32.9381],[115.8745,-32.938],[115.8745,-32.935],[115.8692,-32.935],[115.868,-32.9422],[115.853,-32.9314],[115.8497,-32.9356],[115.8387,-32.9357],[115.8358,-32.9288],[115.8238,-32.9288],[115.8238,-32.9259],[115.8129,-32.9259],[115.8131,-32.9365],[115.7808,-32.9366],[115.7808,-32.93],[115.7638,-32.93],[115.7638,-32.922],[115.7198,-32.9219],[115.7204,-32.9252],[115.7085,-32.9252],[115.7083,-32.9293],[115.6871,-32.9331]]]}},{"type":"Feature","properties":{"lga_name":"Irwin"},"geometry":{"type":"Polygon","coordinates":[[[114.9191,-29.2503],[114.9222,-29.2697],[114.9151,-29.2725],[114.9208,-29.2722],[114.9159,-29.2765],[114.9141,-29.2723],[114.9144,-29.2774],[114.9211,-29.2875],[114.9257,-29.3106],[114.9455,-29.3325],[114.9541,-29.3517],[114.9601,-29.3793],[114.9563,-29.3974],[114.9677,-29.4148],[114.9978,-29.4957],[114.9969,-29.5145],[114.9771,-29.5574],[114.9776,-29.5839],[114.9736,-29.6091],[114.9666,-29.6288],[114.9651,-29.6521],[114.9592,-29.6694],[114.9587,-29.6886],[114.9928,-29.6886],[114.993,-29.7019],[115.0756,-29.7025],[115.1025,-29.7025],[115.1025,-29.6977],[115.2095,-29.6976],[115.2094,-29.6896],[115.2449,-29.6892],[115.2451,-29.6342],[115.2536,-29.6342],[115.2533,-29.2414],[115.2511,-29.2363],[115.2548,-29.2278],[115.2551,-29.2089],[115.2549,-29.1923],[115.2502,-29.1923],[115.2502,-29.1724],[115.2584,-29.1724],[115.2584,-29.1504],[115.2645,-29.1503],[115.2645,-29.0107],[115.2061,-29.0107],[115.2062,-28.9788],[115.1822,-28.9944],[115.1408,-28.9944],[115.1409,-29.0164],[115.0966,-29.0164],[115.0966,-29.0192],[114.8839,-29.0192],[114.8839,-29.0246],[114.8687,-29.0246],[114.8266,-29.0618],[114.8721,-29.1167],[114.8768,-29.1369],[114.8878,-29.1586],[114.888,-29.1701],[114.9015,-29.2123],[114.9191,-29.2503]]]}},{"type":"Feature","properties":{"lga_name":"Jerramungup"},"geometry":{"type":"MultiPolygon","coordinates":[[[[118.6535,-33.9542],[118.6551,-34.0551],[118.6513,-34.1],[118.641,-34.1182],[118.6383,-34.1339],[118.6154,-34.1521],[118.6155,-34.1875],[118.611,-34.1948],[118.6447,-34.2103],[118.6303,-34.2402],[118.6329,-34.2513],[118.623,-34.2759],[118.6152,-34.2795],[118.6102,-34.3117],[118.6068,-34.3169],[118.6484,-34.3238],[118.6534,-34.3294],[118.6534,-34.337],[118.679,-34.3366],[118.6881,-34.3523],[118.687,-34.3597],[118.6964,-34.3585],[118.7021,-34.3621],[118.709,-34.3618],[118.706,-34.3675],[118.7104,-34.371],[118.7067,-34.3811],[118.7207,-34.3904],[118.7262,-34.3886],[118.7293,-34.3956],[118.7266,-34.4029],[118.7298,-34.4079],[118.7392,-34.4054],[118.7517,-34.4187],[118.7617,-34.4214],[118.7627,-34.4281],[118.77,-34.4263],[118.7749,-34.4329],[118.7852,-34.4317],[118.7917,-34.4387],[118.8091,-34.4409],[118.8222,-34.4482],[118.8242,-34.4527],[118.8365,-34.4573],[118.8352,-34.4595],[118.8454,-34.458],[118.8506,-34.4606],[118.8491,-34.4635],[118.8563,-34.4641],[118.8626,-34.4601],[118.863,-34.4545],[118.8683,-34.4527],[118.8683,-34.462],[118.8745,-34.4647],[118.8805,-34.4624],[118.894,-34.4643],[118.891,-34.4682],[118.8983,-34.4677],[118.9013,-34.4709],[118.9213,-34.4593],[118.9622,-34.4512],[119.0036,-34.4524],[119.0578,-34.4635],[119.0692,-34.4588],[119.0947,-34.467],[119.102,-34.4658],[119.1427,-34.482],[119.1487,-34.4885],[119.1479,-34.4934],[119.1701,-34.4953],[119.181,-34.4859],[119.2181,-34.498],[119.2394,-34.5162],[119.2222,-34.5313],[119.2385,-34.5317],[119.2415,-34.5353],[119.2522,-34.5318],[119.2523,-34.5343],[119.2572,-34.5337],[119.2537,-34.5297],[119.2578,-34.5189],[119.2623,-34.5164],[119.2671,-34.5155],[119.2747,-34.5228],[119.2806,-34.522],[119.2767,-34.5168],[119.2788,-34.513],[119.2847,-34.5134],[119.2832,-34.4955],[119.2886,-34.4934],[119.2775,-34.4902],[119.275,-34.4856],[119.2798,-34.4768],[119.2737,-34.4745],[119.2745,-34.4707],[119.2711,-34.4691],[119.2789,-34.4592],[119.2928,-34.4506],[119.3143,-34.4449],[119.3464,-34.4462],[119.349,-34.4507],[119.3605,-34.4527],[119.3662,-34.4625],[119.3648,-34.4677],[119.3585,-34.4688],[119.3557,-34.4747],[119.3718,-34.4795],[119.3707,-34.4843],[119.3821,-34.4854],[119.3879,-34.4789],[119.3821,-34.4752],[119.3827,-34.4704],[119.3901,-34.4596],[119.408,-34.4581],[119.4128,-34.4626],[119.4188,-34.4588],[119.4024,-34.4525],[119.404,-34.4446],[119.3972,-34.4402],[119.4027,-34.433],[119.4032,-34.4264],[119.3966,-34.4262],[119.3908,-34.4194],[119.3975,-34.4051],[119.408,-34.3958],[119.4001,-34.3941],[119.3988,-34.3866],[119.4157,-34.3733],[119.4437,-34.3665],[119.4514,-34.3698],[119.4497,-34.3765],[119.4533,-34.3788],[119.4825,-34.3752],[119.4905,-34.383],[119.4925,-34.393],[119.4781,-34.4022],[119.4817,-34.4063],[119.4905,-34.4096],[119.4976,-34.4078],[119.5027,-34.4115],[119.5163,-34.4101],[119.5196,-34.4029],[119.5269,-34.4039],[119.537,-34.3931],[119.547,-34.3934],[119.5474,-34.3896],[119.5696,-34.3899],[119.5718,-34.3863],[119.5769,-34.3864],[119.5699,-34.3766],[119.5422,-34.383],[119.5316,-34.3731],[119.5289,-34.3643],[119.5246,-34.3654],[119.5175,-34.3594],[119.5074,-34.3591],[119.5019,-34.3472],[119.4991,-34.33],[119.5032,-34.2903],[119.493,-34.2895],[119.4866,-34.2952],[119.4794,-34.2882],[119.4698,-34.2888],[119.4617,-34.2953],[119.4571,-34.2891],[119.4617,-34.2825],[119.4629,-34.288],[119.4668,-34.2892],[119.4685,-34.2887],[119.4689,-34.2878],[119.4648,-34.2869],[119.4746,-34.2854],[119.4813,-34.2795],[119.4976,-34.2883],[119.4976,-33.8034],[119.4558,-33.8008],[119.4485,-33.8032],[119.431,-33.7633],[119.4444,-33.7578],[119.4443,-33.7443],[119.4552,-33.741],[119.4404,-33.7107],[119.4815,-33.6563],[119.492,-33.6349],[119.5106,-33.6178],[119.5402,-33.5776],[119.4436,-33.5258],[119.4064,-33.5751],[119.3987,-33.593],[119.3753,-33.6122],[119.2497,-33.5726],[119.2675,-33.6516],[119.2019,-33.6325],[119.2017,-33.7034],[118.9158,-33.7038],[118.9158,-33.7482],[118.9227,-33.7482],[118.9228,-33.7758],[118.8775,-33.7758],[118.8775,-33.7708],[118.8215,-33.7709],[118.8215,-33.7848],[118.776,-33.7848],[118.776,-33.8047],[118.7176,-33.8047],[118.7176,-33.8273],[118.7425,-33.8301],[118.6352,-33.924],[118.6352,-33.9201],[118.6114,-33.9201],[118.6115,-33.9544],[118.6535,-33.9542]]],[[[119.5987,-34.3684],[119.6069,-34.3785],[119.6139,-34.376],[119.6131,-34.3732],[119.6072,-34.3739],[119.5987,-34.3684]]],[[[119.6114,-34.3791],[119.6204,-34.3818],[119.62,-34.3804],[119.6114,-34.3791]]],[[[119.5786,-34.3732],[119.5726,-34.3765],[119.5794,-34.3768],[119.5816,-34.3732],[119.5883,-34.3719],[119.5786,-34.3732]]],[[[119.1358,-34.5045],[119.134,-34.5031],[119.1317,-34.5039],[119.1323,-34.5051],[119.1358,-34.5045]]],[[[119.3655,-34.4797],[119.3644,-34.4817],[119.3669,-34.4803],[119.3655,-34.4797]]],[[[119.2889,-34.5038],[119.291,-34.5032],[119.289,-34.5031],[119.2889,-34.5038]]],[[[119.1361,-34.503],[119.1352,-34.502],[119.1349,-34.503],[119.1361,-34.503]]],[[[119.1321,-34.4989],[119.1329,-34.4997],[119.1335,-34.4987],[119.1321,-34.4989]]],[[[119.4102,-34.4213],[119.4116,-34.4227],[119.4132,-34.4216],[119.4102,-34.4213]]]]}},{"type":"Feature","properties":{"lga_name":"Joondalup"},"geometry":{"type":"Polygon","coordinates":[[[115.7737,-31.7172],[115.7498,-31.7224],[115.7481,-31.712],[115.7066,-31.712],[115.7188,-31.7307],[115.732,-31.7756],[115.7323,-31.7943],[115.7274,-31.8061],[115.7369,-31.8203],[115.7341,-31.8222],[115.7335,-31.8238],[115.7388,-31.8217],[115.7409,-31.8245],[115.7366,-31.8266],[115.735,-31.8243],[115.7341,-31.8249],[115.7316,-31.8231],[115.7316,-31.8235],[115.737,-31.827],[115.7438,-31.8278],[115.751,-31.8462],[115.8051,-31.8459],[115.8234,-31.8425],[115.8198,-31.8057],[115.8168,-31.7997],[115.8116,-31.8015],[115.8078,-31.7913],[115.7965,-31.7831],[115.7991,-31.7704],[115.7878,-31.7519],[115.7923,-31.743],[115.7743,-31.723],[115.7737,-31.7172]]]}},{"type":"Feature","properties":{"lga_name":"Kalamunda"},"geometry":{"type":"Polygon","coordinates":[[[115.9875,-31.9491],[115.9771,-31.9927],[115.9772,-32.0044],[115.9894,-32.014],[115.9947,-32.0095],[116.0025,-32.0236],[116.0144,-32.0135],[116.0294,-32.0263],[116.0332,-32.0232],[116.0495,-32.0405],[116.0561,-32.0404],[116.0563,-32.0506],[116.0652,-32.0506],[116.0653,-32.0593],[116.0687,-32.0593],[116.0685,-32.0728],[116.0896,-32.0728],[116.0896,-32.0851],[116.1241,-32.0826],[116.1241,-32.0851],[116.1802,-32.0855],[116.1802,-32.0793],[116.1881,-32.0793],[116.1881,-32.0702],[116.1923,-32.0702],[116.1908,-32.0829],[116.2849,-32.083],[116.285,-32.0621],[116.2884,-32.0609],[116.2736,-32.0504],[116.2726,-32.0425],[116.2571,-32.0297],[116.2542,-32.0208],[116.2458,-32.0218],[116.2381,-32.0162],[116.2351,-32.0091],[116.223,-31.9984],[116.2186,-31.9996],[116.2212,-31.996],[116.2118,-31.9935],[116.2124,-31.9891],[116.2092,-31.9889],[116.2065,-31.9815],[116.2035,-31.9824],[116.1965,-31.977],[116.1903,-31.9791],[116.1933,-31.9764],[116.1867,-31.9685],[116.1781,-31.9701],[116.1763,-31.9652],[116.1715,-31.966],[116.1701,-31.9694],[116.1709,-31.9614],[116.154,-31.9523],[116.1355,-31.948],[116.1372,-31.9424],[116.1251,-31.9374],[116.1199,-31.9397],[116.117,-31.9357],[116.1084,-31.9362],[116.1031,-31.9462],[116.0811,-31.9494],[116.0781,-31.9481],[116.0755,-31.9389],[116.0651,-31.9341],[116.0608,-31.9261],[116.0518,-31.933],[116.0438,-31.9313],[116.0403,-31.9401],[115.9933,-31.9225],[115.9954,-31.9283],[115.981,-31.9436],[115.9875,-31.9491]]]}},{"type":"Feature","properties":{"lga_name":"Kalgoorlie-Boulder"},"geometry":{"type":"Polygon","coordinates":[[[121.3619,-30.8065],[121.535,-31.0171],[121.5349,-31.0897],[121.5602,-31.0897],[121.5602,-31.0788],[121.594,-31.0788],[121.594,-31.1813],[122.3996,-31.1803],[122.3991,-31.387],[124.0087,-31.3871],[125.0913,-31.3794],[125.0913,-31.4105],[125.6091,-31.4105],[125.6091,-31.3794],[126.237,-31.3816],[127.1671,-31.3794],[127.1671,-31.2659],[127.4395,-31.2659],[127.4395,-31.2325],[127.758,-31.2325],[127.758,-31.2131],[128.0585,-31.2131],[128.0585,-31.3606],[129.0019,-31.3606],[129.0019,-30.3054],[127.8177,-30.3076],[127.3503,-30.3054],[127.3503,-30.1434],[125.5927,-30.1534],[124.5014,-30.1421],[122.4079,-30.1422],[122.4079,-30.1443],[121.8425,-30.1455],[121.1836,-30.1438],[120.8455,-30.1608],[120.8459,-30.4482],[121.0705,-30.4482],[121.2429,-30.6607],[121.3296,-30.7724],[121.3619,-30.8065]]]}},{"type":"Feature","properties":{"lga_name":"Karratha"},"geometry":{"type":"MultiPolygon","coordinates":[[[[117.6705,-20.6796],[117.6668,-20.6794],[117.6672,-20.683],[117.6754,-20.699],[117.6642,-20.6841],[117.6682,-20.6739],[117.6656,-20.6727],[117.6605,-20.6765],[117.6521,-20.6958],[117.655,-20.7038],[117.659,-20.7037],[117.6538,-20.7059],[117.6563,-20.7155],[117.6514,-20.7039],[117.6421,-20.7096],[117.644,-20.7117],[117.6283,-20.7091],[117.6404,-20.7081],[117.6466,-20.7021],[117.6451,-20.6894],[117.6372,-20.6934],[117.6435,-20.6862],[117.6423,-20.6784],[117.6356,-20.6757],[117.626,-20.6771],[117.6166,-20.6873],[117.6189,-20.6789],[117.6364,-20.673],[117.6483,-20.662],[117.6457,-20.6617],[117.6417,-20.665],[117.6307,-20.6638],[117.612,-20.6752],[117.5906,-20.6793],[117.5989,-20.6948],[117.5907,-20.688],[117.585,-20.6942],[117.5871,-20.7008],[117.595,-20.7001],[117.5949,-20.7036],[117.5944,-20.7013],[117.5868,-20.7027],[117.5733,-20.694],[117.5685,-20.696],[117.5696,-20.699],[117.5661,-20.6978],[117.5526,-20.704],[117.5549,-20.7134],[117.5483,-20.7257],[117.5551,-20.7259],[117.5557,-20.7308],[117.5542,-20.7269],[117.5476,-20.7282],[117.5423,-20.7362],[117.5528,-20.7109],[117.5445,-20.7077],[117.5085,-20.7175],[117.5105,-20.7199],[117.4948,-20.719],[117.4886,-20.7237],[117.4846,-20.7216],[117.4694,-20.7277],[117.4426,-20.7306],[117.4418,-20.7351],[117.4346,-20.7405],[117.4449,-20.7433],[117.4528,-20.7513],[117.4611,-20.7517],[117.4574,-20.7572],[117.447,-20.7514],[117.4414,-20.7454],[117.4387,-20.749],[117.4418,-20.7498],[117.4411,-20.7536],[117.4402,-20.7504],[117.4354,-20.7512],[117.4298,-20.758],[117.4365,-20.7465],[117.4318,-20.7464],[117.4345,-20.7445],[117.429,-20.7394],[117.4316,-20.7343],[117.427,-20.7311],[117.3952,-20.7306],[117.3877,-20.7353],[117.3874,-20.7448],[117.3907,-20.7512],[117.3972,-20.7519],[117.4038,-20.7601],[117.3962,-20.7532],[117.3883,-20.7527],[117.3861,-20.7604],[117.3974,-20.7588],[117.398,-20.771],[117.3938,-20.7662],[117.3958,-20.7624],[117.3902,-20.761],[117.3836,-20.7704],[117.3855,-20.7814],[117.3818,-20.7844],[117.3776,-20.7758],[117.3829,-20.7647],[117.3802,-20.7588],[117.3795,-20.7635],[117.377,-20.7642],[117.3771,-20.7588],[117.3808,-20.7577],[117.3828,-20.7507],[117.3709,-20.735],[117.3638,-20.7334],[117.3667,-20.7457],[117.352,-20.7581],[117.3539,-20.7682],[117.3507,-20.7716],[117.3541,-20.7712],[117.3579,-20.7758],[117.3535,-20.7762],[117.3542,-20.7789],[117.3516,-20.7759],[117.3562,-20.7747],[117.3512,-20.7743],[117.3497,-20.779],[117.3455,-20.7775],[117.3497,-20.763],[117.3405,-20.7643],[117.3373,-20.7742],[117.3378,-20.7667],[117.3421,-20.7621],[117.3403,-20.7583],[117.3339,-20.7631],[117.332,-20.7706],[117.3326,-20.7612],[117.3226,-20.7615],[117.3202,-20.7585],[117.3297,-20.7607],[117.339,-20.7558],[117.3467,-20.7593],[117.3501,-20.7505],[117.3569,-20.7469],[117.3578,-20.743],[117.3475,-20.7357],[117.3416,-20.7368],[117.3296,-20.7342],[117.3274,-20.7306],[117.3027,-20.7268],[117.3034,-20.7349],[117.2973,-20.7358],[117.298,-20.738],[117.2933,-20.7358],[117.302,-20.7337],[117.2999,-20.7265],[117.2954,-20.7257],[117.2879,-20.7349],[117.292,-20.7236],[117.2837,-20.7269],[117.2853,-20.731],[117.2839,-20.7353],[117.2819,-20.7266],[117.2847,-20.7203],[117.2782,-20.7198],[117.2776,-20.7273],[117.2638,-20.7285],[117.2775,-20.7238],[117.2566,-20.7089],[117.2448,-20.7043],[117.2471,-20.7122],[117.245,-20.7142],[117.2406,-20.7107],[117.2441,-20.7073],[117.2423,-20.7025],[117.2231,-20.6951],[117.2119,-20.6977],[117.2159,-20.698],[117.2153,-20.7036],[117.229,-20.7055],[117.2267,-20.7118],[117.2191,-20.7149],[117.2165,-20.7195],[117.2184,-20.7224],[117.2164,-20.7248],[117.215,-20.7197],[117.2173,-20.7133],[117.2238,-20.7117],[117.2273,-20.7068],[117.2145,-20.706],[117.2056,-20.693],[117.1936,-20.6865],[117.1952,-20.6803],[117.1911,-20.6818],[117.1859,-20.6979],[117.1954,-20.7034],[117.1964,-20.7014],[117.2003,-20.7062],[117.1868,-20.7014],[117.1832,-20.6983],[117.1826,-20.6918],[117.1762,-20.7],[117.1719,-20.7006],[117.1782,-20.6912],[117.1837,-20.689],[117.1808,-20.685],[117.1959,-20.6746],[117.2004,-20.6666],[117.1959,-20.6682],[117.1891,-20.6651],[117.1901,-20.6733],[117.1859,-20.6714],[117.1875,-20.6672],[117.1823,-20.6689],[117.1798,-20.6628],[117.1752,-20.6642],[117.1756,-20.6739],[117.177,-20.6695],[117.1797,-20.6737],[117.1833,-20.6715],[117.1835,-20.6735],[117.168,-20.6822],[117.1693,-20.6753],[117.1648,-20.6717],[117.1693,-20.6627],[117.1673,-20.6574],[117.172,-20.6547],[117.1695,-20.6568],[117.1734,-20.6595],[117.1701,-20.6678],[117.1733,-20.674],[117.1733,-20.6646],[117.1781,-20.6606],[117.1769,-20.6527],[117.1814,-20.6451],[117.1677,-20.6546],[117.1569,-20.6572],[117.1713,-20.6419],[117.1684,-20.6519],[117.1735,-20.65],[117.1816,-20.6397],[117.1749,-20.6305],[117.1654,-20.6346],[117.165,-20.6288],[117.1766,-20.6294],[117.1895,-20.6373],[117.1936,-20.6341],[117.1929,-20.6384],[117.2008,-20.6306],[117.1976,-20.63],[117.191,-20.6117],[117.1867,-20.6114],[117.1868,-20.6153],[117.1851,-20.617],[117.1807,-20.6161],[117.1867,-20.6141],[117.1759,-20.6048],[117.1754,-20.6023],[117.1846,-20.5959],[117.1846,-20.5924],[117.1743,-20.5948],[117.1726,-20.5919],[117.1652,-20.6035],[117.1503,-20.6135],[117.148,-20.6194],[117.138,-20.6275],[117.1403,-20.6349],[117.1336,-20.6415],[117.1305,-20.6536],[117.127,-20.6518],[117.1218,-20.6564],[117.1201,-20.6521],[117.1053,-20.6548],[117.1068,-20.653],[117.0981,-20.6479],[117.0959,-20.6418],[117.1016,-20.6301],[117.0947,-20.6276],[117.0944,-20.624],[117.0845,-20.6361],[117.0664,-20.6395],[117.0576,-20.6482],[117.0587,-20.6538],[117.0469,-20.6576],[117.0388,-20.6676],[117.038,-20.6595],[117.0295,-20.6582],[117.0368,-20.6476],[117.0154,-20.65],[117.0096,-20.6543],[116.9881,-20.6585],[116.9758,-20.6697],[116.9896,-20.6688],[116.9932,-20.6737],[116.9925,-20.6753],[116.9971,-20.6752],[116.992,-20.676],[116.9873,-20.67],[116.9866,-20.674],[116.9894,-20.6741],[116.9908,-20.6763],[116.9869,-20.6789],[116.9898,-20.676],[116.9855,-20.6744],[116.9861,-20.6705],[116.9792,-20.6711],[116.9816,-20.6759],[116.9793,-20.6874],[116.9808,-20.6764],[116.9774,-20.6713],[116.9736,-20.671],[116.9741,-20.675],[116.9654,-20.6833],[116.9563,-20.6833],[116.9464,-20.6934],[116.9456,-20.6982],[116.952,-20.7013],[116.9548,-20.6964],[116.9579,-20.6984],[116.9568,-20.7012],[116.9544,-20.6978],[116.9538,-20.7016],[116.9349,-20.7068],[116.9264,-20.7132],[116.9325,-20.7198],[116.9436,-20.7198],[116.9527,-20.7243],[116.9427,-20.7204],[116.9271,-20.7201],[116.9317,-20.7309],[116.9279,-20.7257],[116.9204,-20.7403],[116.9169,-20.7409],[116.9275,-20.7251],[116.9249,-20.7222],[116.9275,-20.7178],[116.9237,-20.7123],[116.8988,-20.7241],[116.8895,-20.7205],[116.8698,-20.7222],[116.8376,-20.7123],[116.8282,-20.7087],[116.8162,-20.696],[116.8132,-20.6985],[116.8103,-20.6938],[116.814,-20.6945],[116.8013,-20.6805],[116.7958,-20.6668],[116.7906,-20.6687],[116.7937,-20.6759],[116.7867,-20.6819],[116.7895,-20.6876],[116.7867,-20.6861],[116.7855,-20.68],[116.7926,-20.6764],[116.7897,-20.6709],[116.7917,-20.6655],[116.7884,-20.6653],[116.7936,-20.6638],[116.7945,-20.6486],[116.8022,-20.6399],[116.7973,-20.6281],[116.8064,-20.6248],[116.811,-20.6172],[116.8142,-20.6073],[116.8083,-20.6057],[116.8095,-20.6026],[116.8141,-20.6006],[116.8187,-20.6046],[116.8232,-20.5964],[116.8235,-20.5886],[116.8177,-20.5909],[116.8147,-20.5887],[116.8201,-20.5866],[116.8191,-20.5807],[116.8543,-20.5439],[116.855,-20.5393],[116.8639,-20.5334],[116.8674,-20.526],[116.8643,-20.5221],[116.8491,-20.5217],[116.8088,-20.5292],[116.804,-20.5412],[116.8149,-20.5381],[116.8155,-20.5416],[116.8094,-20.5468],[116.8122,-20.5479],[116.8127,-20.55],[116.8109,-20.5478],[116.7957,-20.5594],[116.79,-20.5582],[116.7779,-20.5768],[116.7893,-20.5742],[116.7983,-20.5656],[116.7965,-20.5693],[116.801,-20.5713],[116.7993,-20.5749],[116.7864,-20.5885],[116.7809,-20.5873],[116.7816,-20.5828],[116.7707,-20.588],[116.7634,-20.5974],[116.7646,-20.6015],[116.7589,-20.6015],[116.7583,-20.6091],[116.7463,-20.6205],[116.7469,-20.6261],[116.7493,-20.6232],[116.7516,-20.6247],[116.7488,-20.6277],[116.7523,-20.6295],[116.7497,-20.631],[116.7505,-20.6321],[116.7594,-20.6302],[116.7645,-20.6325],[116.759,-20.6367],[116.7525,-20.6351],[116.7399,-20.6411],[116.7217,-20.6379],[116.7217,-20.6463],[116.7014,-20.6621],[116.7017,-20.6692],[116.6936,-20.6738],[116.6944,-20.6808],[116.6681,-20.6848],[116.6539,-20.693],[116.6425,-20.7047],[116.6424,-20.7128],[116.6449,-20.7145],[116.6489,-20.715],[116.6504,-20.7104],[116.6543,-20.7088],[116.6668,-20.7117],[116.662,-20.7131],[116.6539,-20.71],[116.6502,-20.7159],[116.6544,-20.7174],[116.6587,-20.7137],[116.6612,-20.7139],[116.6566,-20.7179],[116.6667,-20.7222],[116.6731,-20.7199],[116.6815,-20.711],[116.6876,-20.713],[116.6889,-20.7058],[116.6898,-20.7126],[116.6854,-20.7138],[116.6847,-20.723],[116.6826,-20.7142],[116.6664,-20.7283],[116.6739,-20.7268],[116.6859,-20.7372],[116.6833,-20.7431],[116.6853,-20.7455],[116.6848,-20.7505],[116.6824,-20.7522],[116.6827,-20.7443],[116.6781,-20.7481],[116.6837,-20.7385],[116.6732,-20.7276],[116.6668,-20.7303],[116.6593,-20.7239],[116.6421,-20.7219],[116.6493,-20.7291],[116.6549,-20.7299],[116.6558,-20.7339],[116.6635,-20.732],[116.6658,-20.7345],[116.6638,-20.7414],[116.6629,-20.7332],[116.6521,-20.7355],[116.6576,-20.7403],[116.6497,-20.7425],[116.647,-20.7449],[116.6505,-20.7437],[116.6536,-20.7459],[116.6536,-20.7491],[116.6504,-20.7446],[116.647,-20.7465],[116.6462,-20.744],[116.6482,-20.7406],[116.6552,-20.7395],[116.6491,-20.7364],[116.654,-20.7323],[116.6495,-20.7334],[116.6396,-20.7259],[116.6336,-20.7348],[116.6395,-20.7368],[116.6366,-20.7436],[116.6413,-20.7442],[116.6352,-20.7445],[116.6399,-20.7532],[116.6354,-20.7479],[116.6298,-20.7512],[116.635,-20.7471],[116.6352,-20.7429],[116.6333,-20.7442],[116.6294,-20.7437],[116.6381,-20.7383],[116.6319,-20.7372],[116.6299,-20.7321],[116.6361,-20.7262],[116.6306,-20.7107],[116.6258,-20.7165],[116.627,-20.7257],[116.624,-20.734],[116.6211,-20.7339],[116.624,-20.7326],[116.6222,-20.729],[116.6161,-20.7291],[116.6231,-20.7152],[116.6135,-20.723],[116.6152,-20.7199],[116.6109,-20.7213],[116.6003,-20.7329],[116.5917,-20.7345],[116.5923,-20.7368],[116.5938,-20.735],[116.5967,-20.7351],[116.5932,-20.7374],[116.6062,-20.7497],[116.6019,-20.7514],[116.6052,-20.7538],[116.6013,-20.7521],[116.6025,-20.7486],[116.5976,-20.7457],[116.5874,-20.7524],[116.5945,-20.7447],[116.5902,-20.7404],[116.5813,-20.7455],[116.5856,-20.7485],[116.5831,-20.7517],[116.5792,-20.7452],[116.5728,-20.7455],[116.5705,-20.7491],[116.57,-20.7465],[116.5606,-20.7468],[116.5819,-20.742],[116.5783,-20.7417],[116.5534,-20.7464],[116.5519,-20.755],[116.5498,-20.7484],[116.5442,-20.7533],[116.5467,-20.7506],[116.5259,-20.7529],[116.5234,-20.755],[116.5297,-20.7602],[116.5321,-20.7679],[116.5393,-20.7648],[116.5424,-20.7663],[116.5431,-20.7679],[116.5385,-20.7713],[116.5421,-20.7784],[116.5373,-20.7721],[116.5413,-20.7684],[116.5403,-20.7656],[116.5315,-20.7688],[116.5241,-20.7581],[116.5134,-20.7718],[116.5174,-20.7771],[116.5235,-20.7784],[116.5319,-20.7866],[116.5366,-20.7847],[116.5445,-20.791],[116.5358,-20.7855],[116.5327,-20.7875],[116.5295,-20.7857],[116.5278,-20.7915],[116.5286,-20.7836],[116.5212,-20.779],[116.5182,-20.7846],[116.5197,-20.7795],[116.5138,-20.7785],[116.5015,-20.7909],[116.4893,-20.7972],[116.4965,-20.8023],[116.4979,-20.7978],[116.5007,-20.7985],[116.4972,-20.803],[116.5023,-20.8078],[116.4963,-20.8054],[116.4924,-20.7995],[116.4832,-20.8043],[116.4827,-20.8099],[116.4884,-20.8085],[116.4882,-20.8154],[116.4858,-20.815],[116.4877,-20.8101],[116.4828,-20.8114],[116.4805,-20.808],[116.4694,-20.8162],[116.4669,-20.815],[116.4634,-20.8217],[116.4644,-20.8277],[116.4691,-20.827],[116.474,-20.8303],[116.4766,-20.826],[116.4811,-20.826],[116.4744,-20.831],[116.4688,-20.8279],[116.4649,-20.8292],[116.4595,-20.8227],[116.4424,-20.8242],[116.4532,-20.8402],[116.4578,-20.8393],[116.4653,-20.8406],[116.4777,-20.8507],[116.4813,-20.8438],[116.4852,-20.8422],[116.4949,-20.851],[116.4853,-20.8436],[116.4776,-20.8516],[116.4642,-20.8409],[116.453,-20.8409],[116.4538,-20.8445],[116.4398,-20.8267],[116.4362,-20.8293],[116.4352,-20.8265],[116.4002,-20.8303],[116.399,-20.8222],[116.3948,-20.8237],[116.3957,-20.8273],[116.3913,-20.832],[116.3669,-20.8419],[116.3454,-20.8388],[116.329,-20.868],[116.3026,-20.8763],[116.2959,-20.882],[116.2995,-20.8886],[116.2958,-20.8879],[116.2944,-20.8823],[116.2973,-20.8771],[116.2909,-20.8777],[116.2932,-20.8825],[116.2897,-20.8785],[116.2877,-20.8811],[116.286,-20.8813],[116.2893,-20.877],[116.2724,-20.8689],[116.2691,-20.8693],[116.2708,-20.8709],[116.2715,-20.8754],[116.2675,-20.8688],[116.2652,-20.872],[116.2626,-20.8696],[116.2602,-20.8755],[116.2562,-20.8765],[116.2556,-20.8802],[116.2547,-20.8777],[116.2566,-20.8745],[116.26,-20.8742],[116.2596,-20.8676],[116.253,-20.8662],[116.2413,-20.8766],[116.2397,-20.8722],[116.2467,-20.866],[116.2414,-20.8657],[116.2522,-20.8632],[116.2562,-20.8578],[116.2364,-20.8603],[116.2282,-20.8539],[116.2226,-20.8442],[116.2046,-20.8338],[116.1995,-20.8468],[116.2001,-20.8645],[116.193,-20.8742],[116.1947,-20.8802],[116.191,-20.8884],[116.1993,-20.892],[116.207,-20.8896],[116.214,-20.8799],[116.2101,-20.8885],[116.2182,-20.8837],[116.2149,-20.8874],[116.2267,-20.8835],[116.2252,-20.8864],[116.2023,-20.8939],[116.1977,-20.9011],[116.1897,-20.9013],[116.1881,-20.9064],[116.1917,-20.9144],[116.1889,-20.9231],[116.1916,-20.933],[116.1851,-20.9517],[116.1892,-20.9615],[116.1881,-20.9679],[116.1768,-20.9776],[116.169,-20.9753],[116.1645,-20.9687],[116.1403,-20.9919],[116.1378,-20.9993],[116.1444,-21.0041],[116.1482,-21.0033],[116.145,-21.0069],[116.1461,-21.0127],[116.1357,-21.0002],[116.1329,-21.0053],[116.1305,-20.997],[116.1153,-21.0024],[116.1075,-20.9978],[116.1112,-21.0027],[116.1032,-21.0011],[116.1032,-21.0051],[116.0994,-21.0071],[116.1007,-21.0161],[116.0955,-21.0245],[116.1039,-21.0305],[116.1065,-21.0396],[116.0989,-21.0517],[116.1056,-21.0384],[116.1032,-21.0313],[116.0937,-21.0243],[116.1,-21.0021],[116.0971,-21.0004],[116.0662,-21.0182],[116.059,-21.0175],[116.0292,-21.0294],[115.9894,-21.0401],[115.9537,-21.0642],[115.9419,-21.0681],[115.9379,-21.0746],[115.9277,-21.0774],[115.9238,-21.0957],[115.9204,-21.0973],[115.9169,-21.0926],[115.9144,-21.0944],[115.9149,-21.0983],[115.9119,-21.1016],[115.9134,-21.0947],[115.915,-21.0927],[115.918,-21.092],[115.9216,-21.0958],[115.9234,-21.0936],[115.9219,-21.085],[115.9254,-21.0832],[115.9257,-21.0779],[115.9227,-21.0762],[115.9182,-21.0788],[115.8893,-21.1127],[115.892,-21.1196],[115.8926,-21.1163],[115.8962,-21.1167],[115.8969,-21.119],[115.8951,-21.1204],[115.8994,-21.1213],[115.9011,-21.1231],[115.9014,-21.1256],[115.8944,-21.1207],[115.894,-21.1171],[115.8919,-21.1206],[115.8864,-21.116],[115.8815,-21.1211],[115.88,-21.1295],[115.882,-21.134],[115.8864,-21.1359],[115.8875,-21.1388],[115.878,-21.1354],[115.869,-21.1517],[115.8745,-21.1595],[115.8758,-21.1577],[115.8765,-21.1641],[115.872,-21.1577],[115.8673,-21.1588],[115.8635,-21.1675],[115.859,-21.1686],[115.8546,-21.1761],[115.8514,-21.1853],[115.8585,-21.194],[115.8565,-21.2005],[115.8596,-21.2],[115.8622,-21.1926],[115.8653,-21.1934],[115.8625,-21.194],[115.8604,-21.2042],[115.8547,-21.2001],[115.8552,-21.2034],[115.8522,-21.2029],[115.8511,-21.2001],[115.8564,-21.1949],[115.8503,-21.1919],[115.8457,-21.1995],[115.8399,-21.1987],[115.8335,-21.2056],[115.8338,-21.2146],[115.8449,-21.2279],[115.8413,-21.2276],[115.8389,-21.2222],[115.831,-21.2252],[115.8266,-21.2362],[115.8292,-21.2398],[115.8251,-21.2415],[115.8221,-21.2492],[115.8193,-21.2475],[115.8245,-21.2529],[115.8367,-21.2533],[115.8396,-21.2509],[115.8372,-21.2473],[115.8372,-21.2455],[115.8398,-21.2439],[115.8422,-21.2484],[115.8386,-21.2451],[115.8379,-21.2475],[115.8444,-21.2529],[115.8252,-21.2547],[115.8089,-21.2489],[115.8086,-21.2536],[115.8192,-21.2659],[115.8167,-21.2656],[115.8062,-21.2533],[115.8047,-21.2458],[115.7919,-21.2465],[115.7875,-21.2516],[115.7957,-21.2562],[115.7904,-21.2558],[115.7981,-21.2616],[115.7991,-21.2703],[115.7961,-21.2772],[115.7961,-21.2621],[115.7879,-21.2657],[115.7856,-21.2739],[115.7813,-21.2801],[115.7824,-21.2852],[115.7793,-21.2886],[115.7796,-21.2821],[115.7854,-21.2708],[115.7838,-21.2567],[115.7804,-21.2538],[115.7666,-21.255],[115.7702,-21.2618],[115.7693,-21.2683],[115.775,-21.266],[115.7767,-21.268],[115.7709,-21.2706],[115.7671,-21.2668],[115.7617,-21.2681],[115.7654,-21.2734],[115.764,-21.28],[115.7665,-21.2805],[115.7701,-21.2849],[115.7633,-21.2805],[115.7623,-21.2718],[115.7617,-21.2767],[115.759,-21.2782],[115.7606,-21.272],[115.7526,-21.284],[115.7534,-21.2778],[115.7591,-21.272],[115.7597,-21.2608],[115.7563,-21.2539],[115.7503,-21.259],[115.7497,-21.2739],[115.7441,-21.2773],[115.7486,-21.2804],[115.7486,-21.2894],[115.7458,-21.2856],[115.7387,-21.2855],[115.7454,-21.2843],[115.7475,-21.2803],[115.7392,-21.2792],[115.738,-21.2749],[115.7359,-21.2838],[115.7238,-21.2858],[115.7265,-21.2906],[115.7224,-21.2857],[115.72,-21.2887],[115.721,-21.2839],[115.7155,-21.2802],[115.7163,-21.2767],[115.7071,-21.2865],[115.7103,-21.2937],[115.7051,-21.2996],[115.7094,-21.2939],[115.7045,-21.2909],[115.7078,-21.28],[115.7031,-21.2795],[115.6929,-21.2872],[115.6938,-21.2974],[115.6888,-21.3043],[115.6789,-21.31],[115.6832,-21.3193],[115.6768,-21.3193],[115.6822,-21.3178],[115.6769,-21.3146],[115.6642,-21.3138],[115.6506,-21.3178],[115.6484,-21.3317],[115.6587,-21.3359],[115.6624,-21.3309],[115.6663,-21.3296],[115.6645,-21.3314],[115.6675,-21.3321],[115.6679,-21.3344],[115.6632,-21.3324],[115.6583,-21.3366],[115.6492,-21.3348],[115.6511,-21.3382],[115.6622,-21.3422],[115.6487,-21.3374],[115.6557,-21.3472],[115.6529,-21.3464],[115.6463,-21.3339],[115.6421,-21.3327],[115.6443,-21.3274],[115.6403,-21.3271],[115.6181,-21.3457],[115.6275,-21.3547],[115.6354,-21.3451],[115.6374,-21.3456],[115.6339,-21.3487],[115.6383,-21.3513],[115.6383,-21.3528],[115.6355,-21.3506],[115.6325,-21.3525],[115.628,-21.3632],[115.6211,-21.3517],[115.6088,-21.3563],[115.6192,-21.3669],[115.6145,-21.3717],[115.618,-21.3773],[115.6127,-21.3741],[115.6145,-21.3684],[115.6113,-21.3632],[115.605,-21.3611],[115.5907,-21.3774],[115.5882,-21.3818],[115.5957,-21.3895],[115.6022,-21.3794],[115.6024,-21.3822],[115.609,-21.382],[115.6021,-21.3843],[115.5999,-21.3915],[115.5931,-21.3917],[115.5995,-21.4066],[115.5966,-21.4093],[115.8879,-21.4094],[115.8879,-21.4406],[115.9607,-21.4752],[115.9607,-21.5802],[116.0083,-21.5802],[116.0083,-21.5313],[116.1125,-21.5313],[116.1125,-21.3921],[116.1747,-21.3921],[116.1747,-21.3173],[116.4532,-21.3173],[116.4532,-21.3368],[116.798,-21.3368],[116.798,-21.2117],[117.0182,-21.2117],[117.0182,-21.1626],[117.1135,-21.1626],[117.1135,-21.1916],[117.0883,-21.1916],[117.0883,-21.2525],[117.148,-21.2525],[117.148,-21.1843],[117.2932,-21.1843],[117.2932,-21.2525],[117.2205,-21.2525],[117.2205,-21.308],[117.5466,-21.308],[117.5466,-21.2516],[117.5497,-21.2516],[117.5497,-21.2371],[117.5466,-21.2371],[117.5466,-21.1513],[117.7016,-21.1513],[117.7016,-21.3715],[117.9241,-21.3715],[117.9241,-21.4822],[117.983,-21.4822],[117.983,-21.7275],[118.1096,-21.7275],[118.1096,-21.6494],[118.0695,-21.6494],[118.0695,-21.2391],[118.0157,-21.2391],[118.0157,-21.0805],[118.2043,-21.0805],[118.2043,-20.9265],[118.2119,-20.9265],[118.2119,-20.8749],[118.1604,-20.8749],[118.1604,-20.8541],[118.1858,-20.8541],[118.1858,-20.8043],[118.1452,-20.8043],[118.0911,-20.8382],[118.091,-20.8295],[118.0713,-20.8295],[118.0713,-20.8253],[118.0094,-20.8253],[118.0094,-20.7942],[117.9292,-20.7942],[117.9292,-20.6742],[117.8109,-20.6734],[117.7934,-20.6793],[117.7909,-20.6789],[117.794,-20.6777],[117.7923,-20.6749],[117.7842,-20.6744],[117.7821,-20.6706],[117.7742,-20.6701],[117.7702,-20.6763],[117.7719,-20.6704],[117.7695,-20.6661],[117.7473,-20.6741],[117.7462,-20.6823],[117.7448,-20.6757],[117.7393,-20.6776],[117.7374,-20.6866],[117.7363,-20.6789],[117.714,-20.6822],[117.7035,-20.6878],[117.7041,-20.6946],[117.7007,-20.6868],[117.6947,-20.6904],[117.6899,-20.6903],[117.6917,-20.6934],[117.6882,-20.6915],[117.6891,-20.6891],[117.6973,-20.687],[117.6868,-20.6773],[117.6894,-20.6687],[117.6862,-20.6701],[117.6804,-20.6666],[117.6705,-20.6796]]],[[[115.4335,-21.3272],[115.4346,-21.3265],[115.4336,-21.3266],[115.4335,-21.3272]]],[[[115.4457,-21.3126],[115.4504,-21.3106],[115.4513,-21.3067],[115.4501,-21.3068],[115.4457,-21.3126]]],[[[115.5421,-21.3819],[115.5419,-21.3937],[115.5432,-21.394],[115.5471,-21.3871],[115.5451,-21.3809],[115.5421,-21.3819]]],[[[115.4999,-21.2948],[115.506,-21.297],[115.502,-21.2924],[115.4999,-21.2948]]],[[[115.4611,-21.2626],[115.4649,-21.2622],[115.4634,-21.2607],[115.4611,-21.2626]]],[[[115.6372,-21.2024],[115.6449,-21.1915],[115.6462,-21.1876],[115.6361,-21.2002],[115.6372,-21.2024]]],[[[116.4302,-20.6535],[116.4326,-20.6533],[116.4305,-20.6519],[116.4302,-20.6535]]],[[[117.7114,-20.643],[117.7213,-20.6514],[117.7342,-20.6537],[117.7424,-20.6428],[117.7407,-20.6367],[117.7444,-20.6275],[117.734,-20.6266],[117.7294,-20.6144],[117.7171,-20.6076],[117.7113,-20.6211],[117.7114,-20.643]]],[[[116.5499,-20.6048],[116.5513,-20.5994],[116.5549,-20.5983],[116.555,-20.5901],[116.5591,-20.5865],[116.5676,-20.5882],[116.5759,-20.5947],[116.5742,-20.5862],[116.5851,-20.5838],[116.5861,-20.5755],[116.5781,-20.5769],[116.5736,-20.5831],[116.5713,-20.5815],[116.5726,-20.5769],[116.5662,-20.576],[116.5555,-20.5854],[116.55,-20.5807],[116.5545,-20.5753],[116.5523,-20.5684],[116.5425,-20.5729],[116.5451,-20.5785],[116.5368,-20.5862],[116.5331,-20.5982],[116.5274,-20.6008],[116.5152,-20.5982],[116.5129,-20.5827],[116.5035,-20.5881],[116.4997,-20.5858],[116.4913,-20.5894],[116.4859,-20.5851],[116.4816,-20.589],[116.4775,-20.588],[116.4778,-20.5949],[116.4652,-20.6031],[116.4632,-20.6096],[116.4671,-20.6152],[116.4726,-20.6154],[116.4767,-20.6117],[116.4855,-20.6184],[116.4918,-20.6156],[116.5014,-20.6215],[116.5102,-20.6222],[116.5184,-20.6185],[116.5212,-20.6208],[116.5301,-20.6155],[116.5304,-20.6194],[116.5362,-20.6178],[116.539,-20.6207],[116.5442,-20.6176],[116.5489,-20.6217],[116.5534,-20.6203],[116.5609,-20.6093],[116.5607,-20.6029],[116.5499,-20.6048]]],[[[117.1733,-20.5595],[117.1773,-20.5577],[117.1768,-20.5465],[117.1746,-20.55],[117.1733,-20.5595]]],[[[116.5478,-20.5412],[116.5497,-20.5361],[116.5432,-20.5372],[116.5434,-20.5385],[116.5478,-20.5412]]],[[[115.5797,-20.4579],[115.5821,-20.459],[115.581,-20.4565],[115.5797,-20.4579]]],[[[117.0738,-20.4323],[117.0711,-20.4554],[117.076,-20.4656],[117.0846,-20.4507],[117.0792,-20.4352],[117.0802,-20.4299],[117.0687,-20.4309],[117.0738,-20.4323]]],[[[115.5721,-21.2929],[115.5734,-21.2928],[115.5724,-21.2926],[115.5721,-21.2929]]],[[[117.6929,-20.6407],[117.694,-20.6359],[117.6875,-20.6387],[117.6915,-20.6391],[117.6929,-20.6407]]],[[[117.686,-20.6327],[117.6842,-20.6326],[117.6847,-20.6351],[117.686,-20.6327]]],[[[116.6361,-20.5548],[116.6425,-20.5534],[116.6424,-20.5574],[116.6474,-20.5571],[116.6493,-20.548],[116.6453,-20.5461],[116.6452,-20.5503],[116.6408,-20.5489],[116.6361,-20.5548]]],[[[116.6844,-20.5396],[116.6835,-20.5369],[116.6746,-20.5454],[116.6782,-20.5462],[116.6844,-20.5396]]],[[[116.7741,-20.543],[116.78,-20.541],[116.78,-20.5363],[116.7746,-20.5397],[116.7741,-20.543]]],[[[115.545,-20.5295],[115.5475,-20.5253],[115.5464,-20.5214],[115.5426,-20.5241],[115.545,-20.5295]]],[[[116.839,-20.4616],[116.8437,-20.4572],[116.8427,-20.4514],[116.8369,-20.4581],[116.839,-20.4616]]],[[[116.9679,-20.4278],[116.9634,-20.4265],[116.9589,-20.4303],[116.9742,-20.4452],[116.9752,-20.4398],[116.9679,-20.4278]]],[[[116.8255,-20.3959],[116.8342,-20.3892],[116.8343,-20.3832],[116.8255,-20.3959]]],[[[116.8082,-20.3889],[116.8052,-20.3847],[116.8017,-20.3843],[116.8015,-20.3855],[116.8082,-20.3889]]],[[[115.5327,-20.3894],[115.5302,-20.3928],[115.533,-20.3927],[115.5327,-20.3894]]],[[[115.5946,-21.4094],[115.5976,-21.4043],[115.5927,-21.3979],[115.5866,-21.4019],[115.5858,-21.4062],[115.585,-21.4008],[115.5809,-21.4019],[115.5816,-21.3993],[115.5824,-21.4014],[115.591,-21.3974],[115.5887,-21.3963],[115.589,-21.3869],[115.5836,-21.3848],[115.5553,-21.4094],[115.5946,-21.4094]]],[[[115.5975,-21.2739],[115.5991,-21.2753],[115.599,-21.2732],[115.5975,-21.2739]]],[[[117.664,-20.6436],[117.6782,-20.6358],[117.6829,-20.6369],[117.6825,-20.6342],[117.6776,-20.6335],[117.664,-20.6436]]],[[[117.2408,-20.6517],[117.2418,-20.6522],[117.242,-20.6513],[117.2408,-20.6517]]],[[[116.6275,-20.4602],[116.6342,-20.4586],[116.6283,-20.4533],[116.6258,-20.4541],[116.6275,-20.4602]]],[[[116.6211,-20.472],[116.6263,-20.4719],[116.6286,-20.4678],[116.6244,-20.4685],[116.6211,-20.472]]],[[[116.536,-20.4798],[116.5392,-20.4794],[116.5403,-20.4773],[116.5388,-20.4761],[116.536,-20.4798]]],[[[115.5468,-20.4973],[115.545,-20.4924],[115.5427,-20.4919],[115.5447,-20.4937],[115.5468,-20.4973]]],[[[115.5419,-20.4815],[115.5441,-20.4804],[115.544,-20.4799],[115.5419,-20.4815]]],[[[115.5656,-20.4866],[115.5672,-20.4864],[115.5672,-20.4858],[115.5656,-20.4866]]],[[[115.5175,-20.3584],[115.513,-20.3652],[115.5238,-20.3629],[115.5395,-20.3717],[115.5391,-20.3669],[115.5329,-20.3645],[115.5325,-20.361],[115.5175,-20.3584]]],[[[115.5138,-20.3744],[115.5194,-20.3761],[115.5222,-20.3698],[115.5143,-20.3683],[115.5138,-20.3744]]],[[[115.5273,-20.3875],[115.5289,-20.3862],[115.5277,-20.3842],[115.5297,-20.3851],[115.5303,-20.3799],[115.5268,-20.3827],[115.5273,-20.3875]]],[[[115.5193,-20.3817],[115.5227,-20.3809],[115.5242,-20.3788],[115.5236,-20.3772],[115.5199,-20.3766],[115.5224,-20.3776],[115.5193,-20.3798],[115.5193,-20.3817]]],[[[115.5167,-20.3862],[115.5196,-20.3839],[115.5154,-20.3854],[115.5167,-20.3862]]],[[[115.8534,-21.012],[115.8506,-21.009],[115.8478,-21.0128],[115.8526,-21.0216],[115.8534,-21.012]]],[[[115.8657,-20.9796],[115.8651,-20.9742],[115.8587,-20.9776],[115.8594,-20.9793],[115.8657,-20.9796]]],[[[115.8225,-21.0816],[115.829,-21.0823],[115.8301,-21.0813],[115.8262,-21.077],[115.8225,-21.0816]]],[[[115.6557,-21.1083],[115.6545,-21.1015],[115.6532,-21.1],[115.6512,-21.1041],[115.6557,-21.1083]]],[[[115.7333,-21.2642],[115.7379,-21.2651],[115.7388,-21.2633],[115.7333,-21.2642]]],[[[115.9819,-20.9642],[115.9872,-20.9661],[115.983,-20.962],[115.9819,-20.9642]]],[[[115.8447,-21.0512],[115.8419,-21.0483],[115.838,-21.0484],[115.8388,-21.0499],[115.8447,-21.0512]]],[[[115.7849,-21.1065],[115.7885,-21.1067],[115.7865,-21.1038],[115.7849,-21.1065]]],[[[115.7328,-21.1444],[115.7314,-21.1416],[115.7286,-21.1417],[115.7288,-21.1424],[115.7328,-21.1444]]],[[[115.7538,-21.2308],[115.757,-21.228],[115.7534,-21.2304],[115.7538,-21.2308]]],[[[115.7784,-21.2304],[115.7813,-21.2309],[115.78,-21.2276],[115.7784,-21.2304]]],[[[115.6612,-21.3103],[115.6625,-21.3069],[115.6615,-21.3056],[115.6597,-21.308],[115.6612,-21.3103]]],[[[115.797,-21.1907],[115.799,-21.1893],[115.7967,-21.1904],[115.797,-21.1907]]],[[[115.8365,-21.1355],[115.8365,-21.1331],[115.8354,-21.1328],[115.8345,-21.1339],[115.8365,-21.1355]]],[[[115.9226,-21.0861],[115.9245,-21.0854],[115.9232,-21.0845],[115.9226,-21.0861]]],[[[115.7847,-21.2634],[115.7861,-21.2642],[115.7855,-21.2624],[115.7847,-21.2634]]],[[[115.6604,-21.1626],[115.6597,-21.16],[115.6592,-21.16],[115.6589,-21.1611],[115.6604,-21.1626]]],[[[115.7377,-21.2597],[115.7386,-21.2596],[115.7381,-21.2593],[115.7377,-21.2597]]],[[[116.6101,-20.4551],[116.6,-20.4565],[116.5932,-20.4613],[116.5827,-20.4787],[116.5661,-20.4857],[116.5809,-20.4914],[116.5864,-20.5013],[116.6024,-20.4933],[116.6061,-20.4903],[116.6076,-20.4788],[116.6128,-20.4762],[116.6166,-20.48],[116.6192,-20.4738],[116.6136,-20.471],[116.6142,-20.467],[116.6104,-20.4696],[116.6061,-20.4661],[116.6065,-20.4585],[116.6101,-20.4551]]],[[[116.7866,-20.5111],[116.7938,-20.5186],[116.7982,-20.5186],[116.8092,-20.5038],[116.8104,-20.4945],[116.8193,-20.4845],[116.8274,-20.4657],[116.8187,-20.4674],[116.8111,-20.4738],[116.8026,-20.4746],[116.8053,-20.4767],[116.8041,-20.4822],[116.7973,-20.4858],[116.7961,-20.4935],[116.7927,-20.4934],[116.7907,-20.4976],[116.7935,-20.502],[116.7871,-20.5043],[116.7866,-20.5111]]],[[[116.6722,-20.5163],[116.6797,-20.5237],[116.6858,-20.5177],[116.6893,-20.5185],[116.6906,-20.5034],[116.685,-20.5086],[116.6801,-20.5069],[116.6793,-20.5011],[116.6777,-20.5123],[116.6722,-20.5163]]],[[[116.6556,-20.5169],[116.6611,-20.5265],[116.6712,-20.5187],[116.6672,-20.516],[116.6556,-20.5169]]],[[[116.6471,-20.5124],[116.6486,-20.5175],[116.6527,-20.5122],[116.6471,-20.5124]]],[[[116.6533,-20.5086],[116.6559,-20.5052],[116.6542,-20.503],[116.6517,-20.5047],[116.6533,-20.5086]]],[[[115.5447,-20.5094],[115.5437,-20.5173],[115.5459,-20.5161],[115.5447,-20.5094]]],[[[115.5191,-20.5089],[115.524,-20.5142],[115.5258,-20.5154],[115.5263,-20.5147],[115.5191,-20.5089]]],[[[116.6921,-20.5197],[116.6955,-20.5204],[116.6954,-20.5194],[116.6921,-20.5197]]],[[[115.5285,-20.5192],[115.5281,-20.5169],[115.5304,-20.5146],[115.5274,-20.5171],[115.5285,-20.5192]]],[[[116.9218,-20.4103],[116.9299,-20.4184],[116.9529,-20.4201],[116.9022,-20.3957],[116.8781,-20.3788],[116.8498,-20.3644],[116.8391,-20.3515],[116.8318,-20.3541],[116.8308,-20.3601],[116.8424,-20.3686],[116.8493,-20.3788],[116.8732,-20.3886],[116.881,-20.3952],[116.9218,-20.4103]]],[[[115.5497,-20.3868],[115.5705,-20.402],[115.574,-20.417],[115.583,-20.4204],[115.579,-20.4146],[115.5811,-20.4052],[115.5855,-20.4034],[115.583,-20.3995],[115.5694,-20.3959],[115.5641,-20.3895],[115.5663,-20.3857],[115.5599,-20.378],[115.55,-20.3778],[115.546,-20.3815],[115.5524,-20.3843],[115.5497,-20.3868]]],[[[115.5346,-20.4016],[115.5265,-20.411],[115.5217,-20.4047],[115.5165,-20.4159],[115.5253,-20.4147],[115.5408,-20.4024],[115.5346,-20.4016]]],[[[116.8211,-20.4169],[116.8219,-20.4057],[116.8151,-20.4134],[116.8116,-20.4107],[116.8106,-20.4148],[116.8193,-20.4153],[116.8211,-20.4169]]],[[[115.5249,-20.3887],[115.5191,-20.3907],[115.5171,-20.3964],[115.5203,-20.3997],[115.5177,-20.4011],[115.5266,-20.4007],[115.5246,-20.395],[115.5204,-20.3948],[115.5249,-20.3887]]],[[[116.8553,-20.4018],[116.8665,-20.4087],[116.8617,-20.4024],[116.8553,-20.4018]]],[[[116.8503,-20.4094],[116.8536,-20.4097],[116.8554,-20.4034],[116.8507,-20.4044],[116.8503,-20.4094]]],[[[116.8423,-20.4145],[116.8432,-20.4127],[116.8481,-20.409],[116.845,-20.4077],[116.8401,-20.4113],[116.8423,-20.4145]]],[[[116.8376,-20.417],[116.8405,-20.4159],[116.8382,-20.4132],[116.8374,-20.4145],[116.8376,-20.417]]],[[[115.882,-20.9499],[115.8872,-20.949],[115.902,-20.9558],[115.9009,-20.9376],[115.8909,-20.9345],[115.8839,-20.9402],[115.882,-20.9499]]],[[[116.1566,-20.9349],[116.1514,-20.9315],[116.1468,-20.9359],[116.1524,-20.9483],[116.159,-20.9458],[116.1566,-20.9349]]],[[[116.2408,-20.8053],[116.2479,-20.8185],[116.2493,-20.8126],[116.245,-20.802],[116.2408,-20.8053]]],[[[116.176,-20.9563],[116.1792,-20.9452],[116.1747,-20.9347],[116.1772,-20.9413],[116.1733,-20.9536],[116.176,-20.9563]]],[[[116.3088,-20.7783],[116.3142,-20.7817],[116.3088,-20.7706],[116.3065,-20.7713],[116.3088,-20.7783]]],[[[116.0391,-20.9149],[116.0378,-20.9043],[116.0335,-20.9047],[116.0391,-20.9149]]],[[[116.0613,-20.8181],[116.0697,-20.8246],[116.0714,-20.8224],[116.0613,-20.8181]]],[[[116.2832,-20.8573],[116.2861,-20.8608],[116.2892,-20.8578],[116.2832,-20.8573]]],[[[116.1928,-20.8254],[116.1957,-20.8282],[116.1945,-20.8243],[116.1928,-20.8254]]],[[[115.9392,-20.8777],[115.9413,-20.8809],[115.9398,-20.8767],[115.9392,-20.8777]]],[[[116.2422,-20.8722],[116.2448,-20.8717],[116.2447,-20.8707],[116.2422,-20.8722]]],[[[116.2476,-20.867],[116.2482,-20.8675],[116.2482,-20.8672],[116.2476,-20.867]]],[[[116.6114,-20.5934],[116.5971,-20.601],[116.5959,-20.6064],[116.6054,-20.6036],[116.6001,-20.6122],[116.613,-20.6109],[116.6154,-20.6081],[116.6264,-20.6125],[116.6338,-20.609],[116.6453,-20.5833],[116.6696,-20.5652],[116.6648,-20.5579],[116.6704,-20.5531],[116.6728,-20.557],[116.6753,-20.5561],[116.6748,-20.5472],[116.6701,-20.545],[116.6586,-20.553],[116.6567,-20.5609],[116.6484,-20.5666],[116.6471,-20.5601],[116.6431,-20.5597],[116.6392,-20.5674],[116.637,-20.5639],[116.6309,-20.5716],[116.6242,-20.5724],[116.6184,-20.5821],[116.6136,-20.5826],[116.6114,-20.5934]]],[[[116.658,-20.5938],[116.6486,-20.5982],[116.6419,-20.6235],[116.6352,-20.6319],[116.6468,-20.6289],[116.6507,-20.6251],[116.6499,-20.6212],[116.667,-20.6283],[116.6671,-20.6188],[116.6724,-20.6145],[116.6771,-20.5995],[116.6695,-20.5965],[116.6781,-20.5885],[116.6805,-20.5832],[116.6682,-20.5967],[116.658,-20.5938]]],[[[117.0682,-20.6293],[117.0723,-20.6231],[117.081,-20.6258],[117.0894,-20.6163],[117.0859,-20.6135],[117.08,-20.617],[117.0725,-20.6163],[117.0391,-20.6322],[117.0378,-20.636],[117.0408,-20.6383],[117.0472,-20.634],[117.0461,-20.6414],[117.0583,-20.6388],[117.0682,-20.6293]]],[[[116.6399,-20.6504],[116.6462,-20.6549],[116.6485,-20.653],[116.6399,-20.6504]]],[[[117.2196,-20.6573],[117.2156,-20.657],[117.2164,-20.6612],[117.2203,-20.6603],[117.2196,-20.6573]]],[[[116.7088,-20.6449],[116.7049,-20.6529],[116.7099,-20.6448],[116.7088,-20.6449]]],[[[116.6612,-20.6553],[116.6661,-20.6542],[116.6604,-20.6537],[116.6612,-20.6553]]],[[[117.2404,-20.6543],[117.242,-20.654],[117.241,-20.6536],[117.2404,-20.6543]]],[[[116.5967,-20.6889],[116.5935,-20.6846],[116.592,-20.6896],[116.5897,-20.6869],[116.5892,-20.6897],[116.5783,-20.693],[116.5737,-20.7083],[116.5826,-20.7105],[116.5847,-20.7166],[116.5907,-20.7172],[116.5767,-20.7279],[116.5748,-20.7311],[116.5778,-20.7333],[116.6019,-20.7284],[116.6109,-20.7183],[116.6196,-20.7152],[116.6371,-20.7002],[116.6483,-20.6849],[116.6433,-20.6774],[116.6368,-20.6747],[116.6315,-20.6773],[116.6284,-20.6836],[116.6065,-20.6854],[116.6045,-20.6951],[116.5929,-20.7059],[116.5967,-20.6889]]],[[[116.6718,-20.6545],[116.6788,-20.6632],[116.6832,-20.6617],[116.6952,-20.65],[116.6966,-20.6447],[116.6748,-20.651],[116.6718,-20.6545]]],[[[116.4341,-20.6553],[116.4493,-20.667],[116.4517,-20.6656],[116.4485,-20.6517],[116.4341,-20.6553]]],[[[116.6507,-20.6717],[116.657,-20.6801],[116.6615,-20.6757],[116.6507,-20.6717]]],[[[116.6624,-20.6685],[116.6697,-20.6703],[116.6723,-20.6674],[116.6676,-20.6646],[116.6624,-20.6685]]],[[[116.9607,-20.662],[116.9625,-20.6598],[116.9637,-20.6551],[116.9596,-20.6568],[116.9607,-20.662]]],[[[117.2625,-20.6815],[117.267,-20.6824],[117.2642,-20.6795],[117.2625,-20.6815]]],[[[117.5668,-20.6801],[117.5718,-20.6813],[117.5722,-20.6792],[117.5668,-20.6801]]],[[[116.5667,-20.7123],[116.5691,-20.7129],[116.5693,-20.7111],[116.5667,-20.7123]]],[[[117.2454,-20.7122],[117.2446,-20.7094],[117.243,-20.7097],[117.2454,-20.7122]]],[[[116.5744,-20.6914],[116.5771,-20.692],[116.5759,-20.6905],[116.5744,-20.6914]]],[[[116.9539,-20.6635],[116.9526,-20.6615],[116.9512,-20.6633],[116.9539,-20.6635]]],[[[117.4532,-20.7536],[117.4549,-20.7528],[117.453,-20.753],[117.4532,-20.7536]]],[[[116.6241,-20.6663],[116.6255,-20.6665],[116.6255,-20.6661],[116.6241,-20.6663]]],[[[117.4454,-20.747],[117.4465,-20.7476],[117.4456,-20.7464],[117.4454,-20.747]]],[[[117.4477,-20.7508],[117.4488,-20.7504],[117.448,-20.7503],[117.4477,-20.7508]]],[[[116.8241,-20.4979],[116.8241,-20.5034],[116.8178,-20.5068],[116.82,-20.5129],[116.8156,-20.5161],[116.8222,-20.52],[116.8303,-20.5156],[116.8364,-20.5193],[116.8558,-20.5109],[116.8647,-20.5179],[116.8737,-20.5109],[116.8863,-20.4805],[116.8661,-20.4951],[116.8639,-20.4902],[116.86,-20.4907],[116.8697,-20.4815],[116.8706,-20.4667],[116.8642,-20.4689],[116.8617,-20.461],[116.8638,-20.457],[116.8682,-20.4591],[116.8731,-20.4566],[116.8769,-20.4441],[116.8832,-20.4395],[116.8843,-20.4344],[116.8807,-20.4316],[116.8857,-20.4236],[116.8825,-20.4238],[116.8694,-20.439],[116.8528,-20.4458],[116.847,-20.461],[116.8397,-20.4669],[116.8324,-20.4861],[116.8241,-20.4979]]],[[[115.5252,-20.4444],[115.5172,-20.4415],[115.5208,-20.4459],[115.5168,-20.4566],[115.522,-20.4563],[115.5177,-20.4585],[115.5213,-20.4609],[115.5213,-20.4669],[115.5158,-20.4853],[115.5218,-20.4899],[115.5211,-20.506],[115.525,-20.4933],[115.5284,-20.4933],[115.5305,-20.4975],[115.5282,-20.5005],[115.5322,-20.5049],[115.5312,-20.5001],[115.5359,-20.4928],[115.5319,-20.4949],[115.5303,-20.4907],[115.5365,-20.4914],[115.5322,-20.4861],[115.5416,-20.4741],[115.5269,-20.4857],[115.5214,-20.4834],[115.5249,-20.4835],[115.5277,-20.4767],[115.5259,-20.4728],[115.5291,-20.4705],[115.5265,-20.468],[115.529,-20.4587],[115.5244,-20.4542],[115.5317,-20.4575],[115.5295,-20.4544],[115.5332,-20.4512],[115.5258,-20.4471],[115.5381,-20.4494],[115.5389,-20.4611],[115.5306,-20.4664],[115.5291,-20.475],[115.5315,-20.4808],[115.5316,-20.4725],[115.5392,-20.471],[115.5336,-20.4653],[115.5375,-20.464],[115.5404,-20.4678],[115.5451,-20.4608],[115.5448,-20.4512],[115.541,-20.4472],[115.5438,-20.4434],[115.5377,-20.4474],[115.5339,-20.4456],[115.5365,-20.4456],[115.534,-20.4373],[115.5378,-20.4375],[115.5395,-20.4335],[115.5378,-20.4221],[115.5354,-20.4332],[115.5316,-20.4306],[115.5357,-20.4265],[115.5322,-20.4225],[115.5332,-20.4136],[115.5311,-20.417],[115.5322,-20.426],[115.5245,-20.4378],[115.5256,-20.4415],[115.5265,-20.4365],[115.5311,-20.4391],[115.5252,-20.4444]]],[[[116.8113,-20.4473],[116.8071,-20.4498],[116.8073,-20.4532],[116.8023,-20.4492],[116.7986,-20.4512],[116.8026,-20.4573],[116.7979,-20.473],[116.8092,-20.4705],[116.8251,-20.4583],[116.8291,-20.4513],[116.8229,-20.4521],[116.8343,-20.4425],[116.8372,-20.4359],[116.834,-20.4335],[116.8388,-20.4263],[116.8353,-20.4234],[116.8295,-20.4267],[116.8197,-20.4369],[116.8165,-20.4483],[116.8118,-20.4507],[116.8113,-20.4473]]],[[[116.8172,-20.4163],[116.8118,-20.4388],[116.8143,-20.4421],[116.8196,-20.431],[116.8326,-20.4219],[116.8346,-20.4159],[116.8281,-20.414],[116.8207,-20.4185],[116.8172,-20.4163]]],[[[115.5417,-20.4199],[115.5431,-20.4369],[115.545,-20.4328],[115.5493,-20.4334],[115.5444,-20.4247],[115.5468,-20.4229],[115.5427,-20.4208],[115.5439,-20.4153],[115.5417,-20.4199]]],[[[115.5502,-20.4365],[115.5477,-20.4353],[115.5468,-20.4404],[115.5432,-20.4404],[115.5484,-20.447],[115.5514,-20.4433],[115.5481,-20.4384],[115.5502,-20.4365]]],[[[115.5236,-20.4278],[115.5298,-20.423],[115.5264,-20.4221],[115.5262,-20.4158],[115.5236,-20.4278]]],[[[116.6171,-20.4481],[116.6194,-20.4435],[116.6178,-20.4419],[116.6145,-20.444],[116.6171,-20.4481]]],[[[115.5917,-20.4269],[115.5917,-20.4233],[115.595,-20.4224],[115.5924,-20.421],[115.5893,-20.4224],[115.5917,-20.4269]]],[[[115.5791,-20.4409],[115.5806,-20.4394],[115.582,-20.4391],[115.5806,-20.4382],[115.5791,-20.4409]]],[[[115.6039,-20.4348],[115.6045,-20.4334],[115.6026,-20.4325],[115.6039,-20.4348]]]]}},{"type":"Feature","properties":{"lga_name":"Katanning"},"geometry":{"type":"Polygon","coordinates":[[[117.4239,-33.6485],[117.3331,-33.6484],[117.333,-33.6897],[117.3279,-33.6936],[117.3391,-33.7226],[117.3406,-33.7561],[117.3285,-33.7561],[117.3271,-33.7747],[117.3315,-33.7729],[117.3315,-33.7825],[117.3378,-33.7825],[117.3378,-33.7867],[117.3473,-33.7867],[117.3473,-33.7825],[117.3999,-33.7844],[117.3999,-33.7744],[117.4036,-33.7744],[117.4036,-33.7788],[117.4131,-33.7788],[117.4197,-33.7768],[117.4197,-33.7713],[117.4385,-33.7713],[117.4611,-33.7718],[117.4611,-33.7872],[117.5397,-33.7874],[117.54,-33.7778],[117.5574,-33.7777],[117.5575,-33.7735],[117.574,-33.7739],[117.5763,-33.7767],[117.5763,-33.7686],[117.6071,-33.7686],[117.6125,-33.7753],[117.7992,-33.7745],[117.7992,-33.7787],[117.8293,-33.7786],[117.8293,-33.7711],[117.8384,-33.7711],[117.8395,-33.7769],[117.8462,-33.7769],[117.8462,-33.7747],[117.9464,-33.777],[117.9496,-33.7349],[117.9523,-33.732],[117.949,-33.732],[117.949,-33.7186],[117.9447,-33.7186],[117.9447,-33.7112],[117.951,-33.7112],[117.9511,-33.6252],[117.9495,-33.5986],[117.9388,-33.6013],[117.9431,-33.4996],[117.9377,-33.4918],[117.9103,-33.4876],[117.9075,-33.4655],[117.8972,-33.462],[117.8972,-33.4642],[117.8749,-33.4642],[117.863,-33.4612],[117.863,-33.4709],[117.8561,-33.471],[117.8561,-33.4784],[117.8408,-33.4784],[117.8367,-33.4766],[117.8367,-33.4722],[117.8307,-33.4722],[117.8244,-33.4782],[117.7518,-33.4784],[117.7518,-33.4845],[117.7453,-33.4853],[117.741,-33.4853],[117.741,-33.483],[117.7191,-33.4831],[117.7191,-33.4855],[117.6773,-33.4832],[117.6742,-33.4647],[117.6598,-33.465],[117.6598,-33.4832],[117.6444,-33.4832],[117.6482,-33.5053],[117.6396,-33.5053],[117.6396,-33.5231],[117.614,-33.5221],[117.6144,-33.5288],[117.5994,-33.528],[117.5995,-33.5309],[117.5923,-33.5309],[117.5923,-33.5368],[117.5817,-33.5368],[117.5817,-33.5433],[117.5763,-33.5433],[117.5763,-33.5529],[117.5655,-33.5529],[117.5655,-33.5634],[117.5083,-33.5635],[117.5074,-33.5953],[117.4854,-33.5948],[117.4849,-33.613],[117.4717,-33.6128],[117.4577,-33.6235],[117.4577,-33.6272],[117.4239,-33.6276],[117.4239,-33.6485]]]}},{"type":"Feature","properties":{"lga_name":"Kellerberrin"},"geometry":{"type":"Polygon","coordinates":[[[117.6041,-31.6946],[117.6042,-31.7251],[117.5991,-31.7251],[117.5991,-31.7288],[117.6023,-31.7288],[117.6023,-31.7602],[117.6073,-31.7627],[117.6025,-31.7709],[117.6047,-31.7772],[117.5979,-31.7934],[117.5954,-31.8159],[117.5701,-31.813],[117.5699,-31.8295],[117.5739,-31.8295],[117.5739,-31.8265],[117.5841,-31.8265],[117.5841,-31.8311],[117.5872,-31.8311],[117.5872,-31.8255],[117.5978,-31.8255],[117.5978,-31.822],[117.6485,-31.8139],[117.6625,-31.8193],[117.6781,-31.819],[117.6781,-31.8224],[117.6818,-31.8234],[117.7229,-31.81],[117.749,-31.8204],[117.7473,-31.8167],[117.7882,-31.8158],[117.7939,-31.8114],[117.8792,-31.8116],[117.8792,-31.8286],[117.9921,-31.8287],[117.9919,-31.7087],[117.9816,-31.7087],[117.9815,-31.7009],[117.9694,-31.7009],[117.9692,-31.5929],[117.9657,-31.5816],[117.9743,-31.5819],[117.9747,-31.5862],[117.9853,-31.5862],[117.9853,-31.5813],[118.0105,-31.5799],[118.0391,-31.5625],[118.0391,-31.5392],[118.0362,-31.5397],[118.0362,-31.5339],[118.0371,-31.5297],[118.0413,-31.5297],[118.0413,-31.4892],[118.0293,-31.4892],[118.0356,-31.4863],[118.0356,-31.4658],[118.0092,-31.4657],[118.0092,-31.4523],[118.002,-31.4523],[118.002,-31.4431],[118.0056,-31.443],[118.0077,-31.4067],[118.0335,-31.4066],[118.0334,-31.3614],[118.0153,-31.3339],[117.9925,-31.323],[117.9844,-31.3355],[117.9731,-31.33],[117.9731,-31.3371],[117.9572,-31.3371],[117.9572,-31.3339],[117.839,-31.3338],[117.839,-31.344],[117.8128,-31.344],[117.8128,-31.3399],[117.7922,-31.3399],[117.791,-31.3523],[117.7619,-31.3723],[117.7619,-31.3793],[117.753,-31.3793],[117.7529,-31.3902],[117.6811,-31.3921],[117.6811,-31.3846],[117.6696,-31.3846],[117.6696,-31.3782],[117.622,-31.3783],[117.622,-31.3907],[117.6044,-31.3907],[117.6044,-31.4263],[117.6099,-31.4263],[117.61,-31.4444],[117.6163,-31.4464],[117.6164,-31.4724],[117.6115,-31.4723],[117.6116,-31.5038],[117.6199,-31.5038],[117.6189,-31.5232],[117.6136,-31.5232],[117.6181,-31.5562],[117.6159,-31.606],[117.6171,-31.6104],[117.621,-31.6104],[117.6216,-31.6675],[117.6267,-31.6727],[117.6179,-31.6727],[117.6179,-31.6839],[117.6098,-31.6874],[117.6098,-31.6946],[117.6041,-31.6946]]]}},{"type":"Feature","properties":{"lga_name":"Kent"},"geometry":{"type":"Polygon","coordinates":[[[117.9495,-33.5986],[117.951,-33.7112],[117.9447,-33.7112],[117.9447,-33.7186],[117.949,-33.7186],[117.949,-33.732],[117.9523,-33.732],[117.9496,-33.7349],[117.9463,-33.7638],[117.9466,-33.7874],[117.971,-33.7876],[117.9712,-33.7675],[117.9895,-33.7675],[117.9895,-33.7875],[118.0021,-33.7875],[118.0021,-33.7716],[118.0552,-33.7716],[118.055,-33.7873],[118.0762,-33.7779],[118.1217,-33.7752],[118.1217,-33.7792],[118.1717,-33.7807],[118.1717,-33.7953],[118.2334,-33.7972],[118.2334,-33.7791],[118.2945,-33.7791],[118.2945,-33.7722],[118.3645,-33.7723],[118.3645,-33.781],[118.4292,-33.781],[118.4291,-33.7739],[118.4487,-33.7739],[118.4487,-33.7848],[118.5238,-33.7865],[118.5238,-33.7682],[118.541,-33.7771],[118.6938,-33.7764],[118.6939,-33.8047],[118.776,-33.8047],[118.776,-33.7848],[118.8215,-33.7848],[118.8215,-33.7709],[118.8775,-33.7708],[118.8775,-33.7758],[118.9228,-33.7758],[118.9227,-33.7482],[118.9158,-33.7482],[118.9158,-33.7038],[119.2017,-33.7034],[119.2019,-33.6325],[119.2675,-33.6516],[119.2497,-33.5726],[119.3753,-33.6122],[119.3987,-33.593],[119.4064,-33.5751],[119.4328,-33.5402],[119.1347,-33.5402],[119.135,-33.3229],[119.1255,-33.3229],[119.1255,-33.3171],[119.1188,-33.3089],[119.0213,-33.3085],[119.0168,-33.3276],[118.9011,-33.3032],[118.889,-33.287],[118.8075,-33.3318],[118.7474,-33.2742],[118.6795,-33.3324],[118.6324,-33.2869],[118.5984,-33.3027],[118.5984,-33.3388],[118.5531,-33.3389],[118.5531,-33.3443],[118.4751,-33.3443],[118.4751,-33.3413],[118.4534,-33.3413],[118.4571,-33.3243],[118.4605,-33.3216],[118.4197,-33.3215],[118.4136,-33.3321],[118.3545,-33.3325],[118.3545,-33.3162],[118.3327,-33.3162],[118.3321,-33.3205],[118.2931,-33.3205],[118.2931,-33.325],[118.2669,-33.3249],[118.2609,-33.318],[118.261,-33.3384],[118.2421,-33.3365],[118.2448,-33.3678],[118.2117,-33.3678],[118.2076,-33.3608],[118.1735,-33.3608],[118.1591,-33.3609],[118.1591,-33.3639],[118.1186,-33.3639],[118.1192,-33.368],[118.0455,-33.3679],[118.0455,-33.3523],[118.0233,-33.3523],[118.0233,-33.3619],[118.006,-33.3619],[118.006,-33.3695],[117.9675,-33.3695],[117.9803,-33.3878],[117.9665,-33.3882],[117.9665,-33.4018],[117.9573,-33.4018],[117.9579,-33.4083],[117.9309,-33.4083],[117.9287,-33.4056],[117.9318,-33.4442],[117.93,-33.471],[117.9068,-33.4667],[117.9103,-33.4876],[117.9377,-33.4918],[117.9431,-33.4996],[117.9388,-33.6013],[117.9495,-33.5986]]]}},{"type":"Feature","properties":{"lga_name":"Kojonup"},"geometry":{"type":"Polygon","coordinates":[[[116.7818,-33.7446],[116.7825,-33.7749],[116.7783,-33.7749],[116.7783,-33.7907],[116.7762,-33.7907],[116.7762,-33.8089],[116.7783,-33.8089],[116.7758,-33.8101],[116.7738,-33.8581],[116.7705,-33.8588],[116.7738,-33.8959],[116.7765,-33.8959],[116.7763,-33.9224],[116.7692,-33.9256],[116.7476,-33.9494],[116.72,-33.9495],[116.72,-33.9606],[116.7239,-33.9607],[116.7228,-33.9666],[116.7284,-33.9666],[116.7296,-33.9808],[116.7485,-33.9787],[116.7496,-33.9942],[116.745,-34.015],[116.7533,-34.0319],[116.7597,-34.0319],[116.7597,-34.0516],[116.7822,-34.0515],[116.7796,-34.1115],[116.8063,-34.1115],[116.7999,-34.1139],[116.8015,-34.1185],[116.7991,-34.1209],[116.7937,-34.1221],[116.8022,-34.122],[116.8422,-34.1405],[116.8424,-34.2089],[116.88,-34.2089],[116.88,-34.2176],[116.895,-34.2179],[116.9158,-34.2155],[116.9158,-34.208],[116.9486,-34.2081],[116.9486,-34.1836],[116.983,-34.1836],[116.983,-34.1952],[116.9927,-34.1952],[116.9935,-34.1909],[117.0114,-34.1908],[117.0114,-34.1838],[117.0703,-34.1839],[117.0704,-34.1563],[117.1503,-34.1579],[117.1504,-34.1419],[117.1892,-34.1428],[117.1892,-34.1398],[117.1948,-34.1398],[117.1948,-34.1428],[117.2036,-34.1428],[117.2596,-34.1054],[117.3171,-34.0951],[117.3182,-34.0886],[117.3392,-34.0887],[117.3413,-34.0567],[117.357,-34.0408],[117.3574,-34.0367],[117.3501,-34.0367],[117.3502,-34.0312],[117.3287,-34.031],[117.3287,-34.0236],[117.3451,-34.0233],[117.3451,-33.9833],[117.3595,-33.9833],[117.3551,-33.9763],[117.3346,-33.9763],[117.3438,-33.9687],[117.3469,-33.9563],[117.3572,-33.9531],[117.3572,-33.9492],[117.3435,-33.9495],[117.3413,-33.9253],[117.3299,-33.9253],[117.3299,-33.9203],[117.3265,-33.9203],[117.3266,-33.894],[117.3168,-33.8939],[117.3169,-33.8774],[117.3267,-33.8774],[117.3276,-33.8231],[117.3239,-33.8196],[117.3385,-33.8196],[117.3385,-33.8106],[117.3269,-33.8106],[117.3268,-33.7825],[117.3315,-33.7825],[117.3315,-33.7729],[117.3271,-33.7747],[117.3271,-33.761],[117.3285,-33.7561],[117.3406,-33.7561],[117.3391,-33.7226],[117.3279,-33.6936],[117.333,-33.6897],[117.3331,-33.6484],[117.2943,-33.6482],[117.2875,-33.6441],[117.2777,-33.6482],[117.2717,-33.6451],[117.2679,-33.6499],[117.2624,-33.6486],[117.2587,-33.6516],[117.2527,-33.6494],[117.2495,-33.6529],[117.2458,-33.6488],[117.2374,-33.6494],[117.2358,-33.6507],[117.2413,-33.6529],[117.2393,-33.6549],[117.213,-33.6489],[117.2126,-33.6393],[117.1931,-33.633],[117.1689,-33.6429],[117.1425,-33.6393],[117.1425,-33.6416],[117.1338,-33.6416],[117.1339,-33.6382],[117.1035,-33.636],[117.0933,-33.645],[117.0911,-33.6331],[116.9868,-33.6333],[116.9868,-33.6695],[116.9048,-33.6673],[116.9048,-33.6785],[116.8743,-33.6785],[116.8714,-33.6751],[116.8514,-33.6733],[116.8298,-33.6733],[116.8298,-33.6785],[116.8249,-33.6785],[116.8097,-33.6735],[116.8097,-33.687],[116.7992,-33.687],[116.7992,-33.6927],[116.7923,-33.6926],[116.7916,-33.6972],[116.7853,-33.6979],[116.7794,-33.6972],[116.7794,-33.687],[116.7685,-33.687],[116.7663,-33.6907],[116.7663,-33.6854],[116.7698,-33.6854],[116.7698,-33.6773],[116.7568,-33.6773],[116.7568,-33.6715],[116.7531,-33.6715],[116.7531,-33.6766],[116.7392,-33.6766],[116.7323,-33.6802],[116.7302,-33.6842],[116.7359,-33.6824],[116.7378,-33.6935],[116.7525,-33.6977],[116.7656,-33.7136],[116.7773,-33.7153],[116.7808,-33.7207],[116.7883,-33.724],[116.7726,-33.7371],[116.7818,-33.7446]]]}},{"type":"Feature","properties":{"lga_name":"Kondinin"},"geometry":{"type":"Polygon","coordinates":[[[119.5483,-32.5575],[119.7201,-32.7406],[119.7382,-32.7652],[120.0097,-32.7652],[120.0097,-32.2036],[119.179,-32.2034],[119.1614,-32.2146],[118.9141,-32.2137],[118.9141,-32.2375],[118.8599,-32.2411],[118.8599,-32.2344],[118.8166,-32.2353],[118.797,-32.2299],[118.7608,-32.2422],[118.7443,-32.2422],[118.7443,-32.2459],[118.6797,-32.2484],[118.6795,-32.2519],[118.6152,-32.252],[118.6152,-32.2627],[118.6237,-32.2626],[118.6238,-32.2775],[118.5111,-32.2741],[118.505,-32.2796],[118.4887,-32.2796],[118.4705,-32.2853],[118.4032,-32.2868],[118.3504,-32.2858],[118.3386,-32.2814],[118.3386,-32.2862],[118.3215,-32.2863],[118.3215,-32.2717],[118.2699,-32.2718],[118.2487,-32.2776],[118.1949,-32.2794],[118.1852,-32.2814],[118.1855,-32.3216],[118.2035,-32.3371],[118.2035,-32.3582],[118.1692,-32.3582],[118.1696,-32.3797],[118.1461,-32.3801],[118.1229,-32.3932],[118.1006,-32.4122],[118.1041,-32.4122],[118.1041,-32.4212],[118.0977,-32.4212],[118.0977,-32.4141],[118.0853,-32.4141],[118.0853,-32.4385],[118.0928,-32.4385],[118.0929,-32.475],[118.0422,-32.475],[118.0388,-32.493],[118.0542,-32.4931],[118.0544,-32.5051],[118.051,-32.5059],[118.051,-32.5341],[118.0811,-32.5272],[118.1235,-32.5274],[118.1235,-32.53],[118.1342,-32.53],[118.1342,-32.5255],[118.1483,-32.5255],[118.1483,-32.534],[118.1571,-32.534],[118.1571,-32.5503],[118.187,-32.5503],[118.187,-32.5609],[118.202,-32.5609],[118.202,-32.5491],[118.207,-32.5491],[118.207,-32.5527],[118.2192,-32.5527],[118.2193,-32.5706],[118.2382,-32.5706],[118.2253,-32.5879],[118.2374,-32.5815],[118.2374,-32.5781],[118.2724,-32.578],[118.2724,-32.584],[118.2851,-32.5799],[118.2851,-32.5747],[118.314,-32.5747],[118.314,-32.582],[118.3264,-32.5806],[118.3322,-32.5819],[118.3319,-32.5856],[118.3449,-32.5845],[118.3472,-32.576],[118.3795,-32.5611],[118.3803,-32.5695],[118.476,-32.5671],[118.476,-32.5704],[118.5087,-32.569],[118.5087,-32.5728],[118.5664,-32.5728],[118.5664,-32.5768],[118.6202,-32.5768],[118.7526,-32.5646],[118.8858,-32.5658],[118.8899,-32.5988],[118.924,-32.5987],[118.9239,-32.5832],[118.9563,-32.583],[118.9563,-32.5902],[119.0034,-32.5902],[119.0034,-32.5833],[119.1917,-32.5828],[119.1917,-32.5791],[119.2148,-32.5791],[119.2352,-32.5926],[119.2513,-32.5683],[119.2872,-32.5688],[119.3013,-32.5652],[119.3087,-32.5676],[119.3467,-32.5478],[119.3648,-32.5728],[119.381,-32.5847],[119.4542,-32.5883],[119.4542,-32.5769],[119.5193,-32.5786],[119.5193,-32.5754],[119.5483,-32.5575]]]}},{"type":"Feature","properties":{"lga_name":"Koorda"},"geometry":{"type":"Polygon","coordinates":[[[117.2475,-30.6651],[117.2483,-30.6897],[117.2578,-30.6897],[117.2578,-30.7028],[117.2416,-30.7027],[117.2418,-30.7572],[117.2117,-30.7956],[117.2111,-30.8058],[117.2746,-30.8066],[117.273,-30.8668],[117.2778,-30.933],[117.2782,-31.0021],[117.3549,-31.0019],[117.3557,-30.997],[117.3608,-30.9941],[117.3561,-30.992],[117.3591,-30.9906],[117.3576,-30.9883],[117.3643,-30.9891],[117.3601,-30.9856],[117.3655,-30.9848],[117.3602,-30.9823],[117.3661,-30.9816],[117.3635,-30.9775],[117.3673,-30.9793],[117.3685,-30.9754],[117.3773,-30.978],[117.3858,-30.9717],[117.3796,-30.9708],[117.3781,-30.9652],[117.3744,-30.9662],[117.3814,-30.9616],[117.3847,-30.9682],[117.4027,-30.9632],[117.4383,-30.9634],[117.4382,-30.9751],[117.4622,-30.9753],[117.4646,-30.9792],[117.4934,-30.9839],[117.4956,-30.9695],[117.5144,-30.9708],[117.5189,-30.9745],[117.5182,-30.9794],[117.5251,-30.9718],[117.5341,-30.9722],[117.5324,-30.9677],[117.5381,-30.9665],[117.5384,-30.9609],[117.5468,-30.9536],[117.5573,-30.9541],[117.5745,-30.9606],[117.5835,-30.9538],[117.5852,-30.9586],[117.5894,-30.9552],[117.5898,-30.9592],[117.596,-30.9592],[117.596,-30.9189],[117.5838,-30.9189],[117.5838,-30.9026],[117.5879,-30.9026],[117.588,-30.8865],[117.5984,-30.8865],[117.5983,-30.7012],[117.6036,-30.6953],[117.6034,-30.2061],[117.4223,-30.2062],[117.4293,-30.2095],[117.4196,-30.2078],[117.4165,-30.2099],[117.4209,-30.2157],[117.4174,-30.2164],[117.4212,-30.2175],[117.4066,-30.2183],[117.4069,-30.2205],[117.4021,-30.218],[117.3983,-30.221],[117.3994,-30.226],[117.251,-30.2264],[117.2504,-30.3903],[117.2465,-30.3903],[117.2466,-30.4086],[117.2435,-30.4087],[117.2435,-30.4269],[117.2497,-30.4269],[117.2497,-30.4627],[117.2444,-30.4628],[117.2417,-30.4979],[117.2338,-30.4999],[117.2338,-30.5281],[117.2452,-30.5281],[117.2454,-30.6232],[117.238,-30.6232],[117.2381,-30.6614],[117.2437,-30.6614],[117.2437,-30.665],[117.2475,-30.6651]]]}},{"type":"Feature","properties":{"lga_name":"Kulin"},"geometry":{"type":"Polygon","coordinates":[[[117.8462,-32.6017],[117.8876,-32.845],[117.9219,-32.9364],[117.9137,-33.0441],[117.9204,-33.0447],[117.921,-33.0373],[117.9318,-33.0373],[117.9318,-33.0455],[118.0215,-33.0426],[118.0448,-33.0392],[118.0563,-33.0291],[118.046,-33.0114],[118.0614,-33.0114],[118.0614,-32.9891],[118.0903,-32.9873],[118.0903,-32.9713],[118.0968,-32.9713],[118.0968,-32.9807],[118.1658,-32.9806],[118.189,-32.9877],[118.2198,-32.9877],[118.2197,-32.9502],[118.279,-32.9532],[118.279,-32.9399],[118.3048,-32.9399],[118.3048,-32.9435],[118.3569,-32.9435],[118.3571,-32.9016],[118.3672,-32.9016],[118.3673,-32.8687],[118.3794,-32.8687],[118.3793,-32.847],[118.3965,-32.8469],[118.3965,-32.8341],[118.4415,-32.8341],[118.4415,-32.8019],[118.4671,-32.8019],[118.4671,-32.8141],[118.4963,-32.8141],[118.4963,-32.7948],[118.5369,-32.7948],[118.5503,-32.7915],[118.5503,-32.801],[118.5554,-32.801],[118.5554,-32.8193],[118.5622,-32.8193],[118.563,-32.8138],[118.5826,-32.7945],[118.5827,-32.7827],[118.5884,-32.7827],[118.5885,-32.7573],[118.7684,-32.7579],[118.7903,-32.774],[118.7931,-32.7629],[118.8595,-32.7628],[118.8595,-32.7757],[118.8851,-32.7757],[118.888,-32.7727],[118.888,-32.7511],[118.8973,-32.7503],[118.8989,-32.7423],[118.9499,-32.7414],[118.9499,-32.7478],[118.965,-32.7532],[118.9933,-32.7423],[119.0802,-32.744],[119.1464,-32.7554],[119.2714,-32.7581],[119.2899,-32.7651],[119.3265,-32.7701],[119.3353,-32.7612],[119.3752,-32.7612],[119.4142,-32.7652],[119.5801,-32.7647],[119.5801,-32.7502],[119.6513,-32.7502],[119.6513,-32.7402],[119.6727,-32.7342],[119.6987,-32.7179],[119.5483,-32.5575],[119.5193,-32.5754],[119.5193,-32.5786],[119.4542,-32.5769],[119.4542,-32.5883],[119.381,-32.5847],[119.3648,-32.5728],[119.3467,-32.5478],[119.3087,-32.5676],[119.3013,-32.5652],[119.2872,-32.5688],[119.2513,-32.5683],[119.2352,-32.5926],[119.2148,-32.5791],[119.1917,-32.5791],[119.1917,-32.5828],[119.0034,-32.5833],[119.0034,-32.5902],[118.9563,-32.5902],[118.9563,-32.583],[118.9239,-32.5832],[118.924,-32.5987],[118.8899,-32.5988],[118.8858,-32.5658],[118.7526,-32.5646],[118.6202,-32.5768],[118.5664,-32.5768],[118.5664,-32.5728],[118.5087,-32.5728],[118.5087,-32.569],[118.476,-32.5704],[118.476,-32.5671],[118.3803,-32.5695],[118.3795,-32.5611],[118.3472,-32.576],[118.3449,-32.5845],[118.3319,-32.5856],[118.3322,-32.5819],[118.3264,-32.5806],[118.314,-32.582],[118.314,-32.5747],[118.2851,-32.5747],[118.2851,-32.5799],[118.2724,-32.584],[118.2724,-32.578],[118.2374,-32.5781],[118.2374,-32.5815],[118.2253,-32.5879],[118.2382,-32.5706],[118.2193,-32.5706],[118.2192,-32.5527],[118.207,-32.5527],[118.207,-32.5491],[118.202,-32.5491],[118.202,-32.5609],[118.187,-32.5609],[118.187,-32.5503],[118.1571,-32.5503],[118.1571,-32.534],[118.1483,-32.534],[118.1483,-32.5255],[118.1342,-32.5255],[118.1342,-32.53],[118.1235,-32.53],[118.1235,-32.5274],[118.0811,-32.5272],[118.051,-32.5341],[118.051,-32.5059],[118.0544,-32.5051],[118.0542,-32.4931],[118.0388,-32.493],[118.0396,-32.4868],[118.0192,-32.4868],[118.0198,-32.5432],[118.0155,-32.5432],[118.0155,-32.5649],[117.9069,-32.5676],[117.9065,-32.6023],[117.8848,-32.5987],[117.8848,-32.6017],[117.8462,-32.6017]]]}},{"type":"Feature","properties":{"lga_name":"Kwinana"},"geometry":{"type":"Polygon","coordinates":[[[115.7728,-32.2001],[115.7551,-32.2259],[115.76,-32.2378],[115.7549,-32.2515],[115.7853,-32.2491],[115.7852,-32.2691],[115.7884,-32.2693],[115.7883,-32.2771],[115.7973,-32.2863],[115.8128,-32.2873],[115.8466,-32.272],[115.8775,-32.2798],[115.8818,-32.2755],[115.8796,-32.2697],[115.8856,-32.2661],[115.8837,-32.2618],[115.8871,-32.2589],[115.8828,-32.2048],[115.8929,-32.2051],[115.8971,-32.2021],[115.9007,-32.182],[115.7756,-32.1812],[115.7728,-32.2001]]]}},{"type":"Feature","properties":{"lga_name":"Lake Grace"},"geometry":{"type":"Polygon","coordinates":[[[118.3202,-33.2454],[118.3202,-33.2651],[118.3401,-33.2651],[118.3402,-33.2802],[118.3534,-33.2802],[118.3545,-33.3325],[118.4136,-33.3321],[118.4197,-33.3215],[118.4605,-33.3216],[118.4571,-33.3243],[118.4534,-33.3413],[118.4751,-33.3413],[118.4751,-33.3443],[118.5531,-33.3443],[118.5531,-33.3389],[118.5984,-33.3388],[118.5984,-33.3027],[118.6324,-33.2869],[118.6795,-33.3324],[118.7474,-33.2742],[118.8075,-33.3318],[118.889,-33.287],[118.9011,-33.3032],[119.0168,-33.3276],[119.0213,-33.3085],[119.1188,-33.3089],[119.1255,-33.3171],[119.1255,-33.3229],[119.135,-33.3229],[119.1347,-33.5402],[119.4328,-33.5402],[119.4525,-33.5117],[119.5432,-33.4477],[119.6783,-33.329],[119.7704,-33.3895],[119.8057,-33.3506],[119.8198,-33.3445],[119.8531,-33.345],[119.8492,-33.342],[119.943,-33.2908],[120.0027,-33.2539],[120.0027,-33.2379],[119.9794,-33.2379],[119.9793,-33.1773],[119.9722,-33.1676],[120.0612,-33.1192],[120.0275,-33.0804],[120.217,-33.0749],[120.2552,-32.9952],[120.3203,-32.9481],[120.3334,-32.9504],[120.3536,-32.9359],[120.3528,-32.9294],[120.5815,-32.7652],[119.7382,-32.7652],[119.6987,-32.7179],[119.6727,-32.7342],[119.6513,-32.7402],[119.6513,-32.7502],[119.5801,-32.7502],[119.5801,-32.7647],[119.4142,-32.7652],[119.3752,-32.7612],[119.3353,-32.7612],[119.3265,-32.7701],[119.2899,-32.7651],[119.2714,-32.7581],[119.1464,-32.7554],[119.0802,-32.744],[118.9933,-32.7423],[118.965,-32.7532],[118.9499,-32.7478],[118.9499,-32.7414],[118.8989,-32.7423],[118.8973,-32.7503],[118.888,-32.7511],[118.888,-32.7727],[118.8851,-32.7757],[118.8595,-32.7757],[118.8595,-32.7628],[118.7931,-32.7629],[118.7903,-32.774],[118.7684,-32.7579],[118.5885,-32.7573],[118.5884,-32.7827],[118.5827,-32.7827],[118.5826,-32.7945],[118.563,-32.8138],[118.5622,-32.8193],[118.5554,-32.8193],[118.5554,-32.801],[118.5503,-32.801],[118.5503,-32.7915],[118.5369,-32.7948],[118.4963,-32.7948],[118.4963,-32.8141],[118.4671,-32.8141],[118.4671,-32.8019],[118.4415,-32.8019],[118.4415,-32.8341],[118.3965,-32.8341],[118.3965,-32.8469],[118.3793,-32.847],[118.3794,-32.8687],[118.3673,-32.8687],[118.3672,-32.9016],[118.3571,-32.9016],[118.3569,-32.9435],[118.3048,-32.9435],[118.3048,-32.9399],[118.279,-32.9399],[118.2777,-33.0231],[118.2907,-33.0231],[118.2926,-33.0568],[118.2758,-33.0517],[118.2597,-33.0887],[118.263,-33.0897],[118.2631,-33.0986],[118.2599,-33.0986],[118.2599,-33.1129],[118.276,-33.1128],[118.2761,-33.1352],[118.2844,-33.1352],[118.2845,-33.1576],[118.2795,-33.158],[118.2796,-33.1783],[118.2741,-33.1783],[118.2744,-33.2192],[118.28,-33.219],[118.28,-33.2364],[118.2739,-33.2364],[118.274,-33.2509],[118.3027,-33.2509],[118.3027,-33.2454],[118.3202,-33.2454]]]}},{"type":"Feature","properties":{"lga_name":"Laverton"},"geometry":{"type":"Polygon","coordinates":[[[121.6032,-27.356],[121.5869,-27.356],[121.5869,-27.6398],[121.6642,-27.6398],[121.6642,-27.681],[121.7739,-27.681],[121.7739,-27.6055],[121.895,-27.6055],[121.895,-27.5778],[121.9847,-27.5779],[121.9847,-27.7878],[121.8879,-27.7878],[121.8879,-28.0648],[121.9588,-28.0648],[121.9608,-28.4785],[121.7964,-28.4785],[121.7965,-28.4549],[121.5445,-28.4549],[121.5446,-28.5841],[121.5938,-28.5841],[121.5938,-28.6126],[121.6098,-28.6126],[121.6098,-28.5916],[121.6582,-28.5916],[121.6582,-28.6126],[121.7878,-28.6126],[121.7878,-28.7288],[121.8386,-28.7288],[121.8386,-28.8025],[121.8496,-28.8025],[121.8496,-28.8616],[121.91,-28.8616],[121.9098,-28.9224],[121.9445,-28.9224],[121.9447,-29.0332],[122.3883,-29.0322],[122.4047,-29.0484],[122.4066,-29.0776],[122.4015,-29.0795],[122.4029,-29.0878],[122.398,-29.0832],[122.3944,-29.0883],[122.4092,-29.0949],[122.409,-29.086],[122.4131,-29.0824],[122.4147,-29.0939],[122.4121,-29.0935],[122.4124,-29.0965],[122.4196,-29.092],[122.4168,-29.0812],[122.4212,-29.0823],[122.4231,-29.0953],[122.4154,-29.0989],[122.4047,-29.0976],[122.4046,-29.1006],[122.4213,-29.1235],[122.425,-29.1331],[122.4249,-29.1497],[122.4293,-29.1504],[122.4323,-29.1443],[122.4286,-29.152],[122.4377,-29.1652],[122.4346,-29.1679],[122.4363,-29.1714],[122.4581,-29.1899],[122.4659,-29.2124],[122.4724,-29.2156],[122.474,-29.2212],[122.474,-29.1928],[122.7465,-29.1928],[122.7465,-29.1021],[122.7675,-29.1021],[122.7675,-29.0298],[122.8841,-29.0298],[122.8847,-29.0334],[124.0165,-29.035],[126.3624,-29.0333],[127.3503,-29.039],[128.4996,-29.0369],[129.0019,-29.0331],[129.0019,-26.745],[128.3288,-26.7478],[127.1486,-26.745],[123.0467,-26.7455],[123.0467,-26.6819],[122.9639,-26.6819],[122.9639,-26.6547],[122.6892,-26.6547],[122.6892,-26.7128],[122.461,-26.7128],[122.461,-26.8284],[122.0656,-26.8284],[122.0655,-26.8068],[121.7791,-26.8068],[121.7791,-27.2903],[121.649,-27.2903],[121.649,-27.3148],[121.6032,-27.3148],[121.6032,-27.356]]]}},{"type":"Feature","properties":{"lga_name":"Leonora"},"geometry":{"type":"Polygon","coordinates":[[[120.1575,-27.6126],[120.1543,-28.0476],[120.1962,-28.0472],[120.1962,-28.2911],[120.045,-28.2911],[120.0452,-28.464],[120.4504,-28.464],[120.4504,-28.5159],[120.6231,-28.516],[120.6231,-28.6102],[120.7605,-28.6102],[120.7605,-28.7717],[120.6881,-28.7717],[120.688,-28.9365],[120.8376,-28.9366],[120.8375,-29.0567],[121.1847,-29.0552],[121.1847,-29.113],[121.3846,-29.113],[121.3846,-29.1847],[121.5293,-29.1846],[121.5293,-29.1779],[121.6979,-29.1779],[121.6979,-29.1251],[121.7801,-29.1251],[121.7801,-29.1846],[121.882,-29.1857],[121.8785,-29.2766],[121.8816,-29.2766],[121.8816,-29.3115],[122.0645,-29.3115],[122.0645,-29.4531],[122.1632,-29.4531],[122.1632,-29.4982],[122.2878,-29.4982],[122.2882,-29.4452],[122.3698,-29.4453],[122.3698,-29.3538],[122.474,-29.3538],[122.474,-29.2212],[122.4724,-29.2156],[122.4659,-29.2124],[122.4581,-29.1899],[122.4363,-29.1714],[122.4346,-29.1679],[122.4377,-29.1652],[122.4286,-29.152],[122.4323,-29.1443],[122.4293,-29.1504],[122.4249,-29.1497],[122.425,-29.1331],[122.4213,-29.1235],[122.4046,-29.1006],[122.4047,-29.0976],[122.4154,-29.0989],[122.4231,-29.0953],[122.4212,-29.0823],[122.4168,-29.0812],[122.4196,-29.092],[122.4124,-29.0965],[122.4121,-29.0935],[122.4147,-29.0939],[122.4131,-29.0824],[122.409,-29.086],[122.4092,-29.0949],[122.3944,-29.0883],[122.398,-29.0832],[122.4029,-29.0878],[122.4015,-29.0795],[122.4066,-29.0776],[122.4047,-29.0484],[122.3883,-29.0322],[121.9447,-29.0332],[121.9445,-28.9224],[121.9098,-28.9224],[121.91,-28.8616],[121.8496,-28.8616],[121.8496,-28.8025],[121.8386,-28.8025],[121.8386,-28.7288],[121.7878,-28.7288],[121.7878,-28.6126],[121.6582,-28.6126],[121.6582,-28.5916],[121.6098,-28.5916],[121.6098,-28.6126],[121.5938,-28.6126],[121.5938,-28.5841],[121.5446,-28.5841],[121.5445,-28.4549],[121.7965,-28.4549],[121.7964,-28.4785],[121.9608,-28.4785],[121.9588,-28.0648],[121.8879,-28.0648],[121.8879,-27.7878],[121.9847,-27.7878],[121.9847,-27.5779],[121.895,-27.5778],[121.895,-27.6055],[121.7739,-27.6055],[121.7739,-27.681],[121.6642,-27.681],[121.6642,-27.6398],[121.5869,-27.6398],[121.5869,-27.356],[121.6032,-27.356],[121.6032,-27.3148],[121.649,-27.3148],[121.649,-27.2903],[120.8423,-27.2924],[120.0584,-27.2903],[120.0584,-27.5023],[120.0747,-27.5023],[120.0747,-27.6126],[120.1575,-27.6126]]]}},{"type":"Feature","properties":{"lga_name":"Mandurah"},"geometry":{"type":"MultiPolygon","coordinates":[[[[115.7017,-32.5178],[115.657,-32.577],[115.6495,-32.5785],[115.6389,-32.592],[115.6328,-32.5943],[115.6313,-32.6028],[115.6278,-32.5995],[115.6294,-32.6057],[115.6239,-32.6161],[115.6071,-32.6761],[115.6286,-32.7934],[115.6503,-32.7934],[115.6503,-32.8019],[115.665,-32.8019],[115.6654,-32.7973],[115.6712,-32.7974],[115.6673,-32.7827],[115.7029,-32.7828],[115.7028,-32.775],[115.6927,-32.7677],[115.6927,-32.7594],[115.6966,-32.7542],[115.6835,-32.7506],[115.684,-32.7433],[115.6775,-32.7369],[115.6794,-32.7319],[115.6722,-32.7271],[115.6734,-32.7203],[115.6693,-32.713],[115.6716,-32.7003],[115.6669,-32.6965],[115.6627,-32.6822],[115.6551,-32.6714],[115.6568,-32.6612],[115.6471,-32.648],[115.6487,-32.635],[115.6421,-32.6293],[115.641,-32.6174],[115.6456,-32.6123],[115.6433,-32.6098],[115.6492,-32.6103],[115.6545,-32.6011],[115.6676,-32.5975],[115.6705,-32.5959],[115.6729,-32.5938],[115.6678,-32.5914],[115.666,-32.5864],[115.6717,-32.5747],[115.6887,-32.5711],[115.6997,-32.5638],[115.6958,-32.5643],[115.6979,-32.5635],[115.7065,-32.5634],[115.7176,-32.5576],[115.7158,-32.5534],[115.7142,-32.5564],[115.7163,-32.5486],[115.7164,-32.545],[115.7155,-32.5482],[115.7139,-32.5459],[115.7171,-32.5356],[115.7094,-32.5257],[115.7072,-32.5268],[115.7095,-32.5254],[115.7105,-32.5206],[115.7017,-32.5178]]],[[[115.7124,-32.5661],[115.7127,-32.5722],[115.7159,-32.57],[115.7124,-32.5661]]],[[[115.7161,-32.5636],[115.7139,-32.5643],[115.7135,-32.5653],[115.7161,-32.5636]]],[[[115.704,-32.5643],[115.7053,-32.5653],[115.7081,-32.5641],[115.704,-32.5643]]],[[[115.7403,-32.5634],[115.7553,-32.5648],[115.7619,-32.5714],[115.7599,-32.5747],[115.7659,-32.5707],[115.765,-32.5667],[115.7538,-32.5588],[115.7571,-32.553],[115.7652,-32.5483],[115.7653,-32.5425],[115.7744,-32.5439],[115.7737,-32.5307],[115.7783,-32.5281],[115.7765,-32.5258],[115.785,-32.5087],[115.7826,-32.4965],[115.7882,-32.4672],[115.7844,-32.4556],[115.7478,-32.4556],[115.7463,-32.4757],[115.7376,-32.5026],[115.7239,-32.5199],[115.7118,-32.5211],[115.7151,-32.5286],[115.7209,-32.5271],[115.7183,-32.5344],[115.7223,-32.54],[115.7215,-32.5437],[115.7196,-32.5385],[115.7188,-32.5506],[115.7218,-32.5587],[115.7187,-32.5648],[115.7257,-32.5678],[115.7403,-32.5634]]]]}},{"type":"Feature","properties":{"lga_name":"Manjimup"},"geometry":{"type":"MultiPolygon","coordinates":[[[[115.8781,-34.2132],[115.876,-34.2971],[115.8671,-34.3045],[115.856,-34.3035],[115.8517,-34.2988],[115.8425,-34.2989],[115.8441,-34.3013],[115.8383,-34.3025],[115.8353,-34.3094],[115.834,-34.3166],[115.8371,-34.3194],[115.8307,-34.3216],[115.8283,-34.3284],[115.8239,-34.3276],[115.8246,-34.3298],[115.8204,-34.331],[115.8226,-34.3359],[115.8058,-34.335],[115.8039,-34.3296],[115.7983,-34.3295],[115.7983,-34.3338],[115.7939,-34.3338],[115.7942,-34.3426],[115.7871,-34.3427],[115.7871,-34.347],[115.7927,-34.347],[115.7927,-34.3527],[115.781,-34.3534],[115.7896,-34.3749],[115.7997,-34.3809],[115.8082,-34.3982],[115.8204,-34.4058],[115.8302,-34.4074],[115.8252,-34.415],[115.8121,-34.4144],[115.7928,-34.4399],[115.7818,-34.4453],[115.7752,-34.4423],[115.7743,-34.4541],[115.7661,-34.4588],[115.7495,-34.4579],[115.725,-34.4623],[115.7058,-34.4707],[115.694,-34.4802],[115.6853,-34.4829],[115.6782,-34.481],[115.6745,-34.4854],[115.8186,-34.6022],[115.95,-34.7236],[115.9624,-34.7439],[115.9608,-34.7631],[115.9672,-34.766],[115.9825,-34.7824],[116.0027,-34.8124],[116.0029,-34.8256],[115.9967,-34.8309],[116.0022,-34.836],[116.0019,-34.8423],[116.0151,-34.8384],[116.0227,-34.8406],[116.0296,-34.8369],[116.0386,-34.8412],[116.0668,-34.8423],[116.0959,-34.8493],[116.1089,-34.8457],[116.137,-34.8447],[116.1664,-34.8514],[116.1958,-34.8631],[116.2507,-34.8761],[116.2809,-34.8893],[116.2889,-34.8948],[116.2895,-34.8998],[116.2958,-34.8988],[116.3006,-34.9051],[116.3042,-34.9014],[116.3097,-34.9076],[116.3315,-34.9152],[116.3468,-34.9267],[116.3556,-34.9269],[116.3703,-34.9344],[116.376,-34.9378],[116.3789,-34.9449],[116.3842,-34.9467],[116.3831,-34.9486],[116.3887,-34.9481],[116.4363,-34.974],[116.4387,-34.977],[116.4369,-34.9793],[116.4447,-34.9792],[116.4786,-35.004],[116.4837,-35.0107],[116.4817,-35.0162],[116.4871,-35.0123],[116.4893,-35.017],[116.4984,-35.0155],[116.5015,-35.0087],[116.5078,-35.0055],[116.5152,-35.007],[116.5179,-35.0022],[116.5328,-35.0044],[116.5665,-35.0184],[116.5705,-35.025],[116.5749,-35.0244],[116.5723,-35.033],[116.5782,-35.0281],[116.582,-35.0306],[116.5858,-35.0286],[116.5913,-35.0337],[116.6057,-35.0312],[116.6143,-35.0356],[116.6299,-35.0463],[116.6253,-35.0524],[116.6297,-35.0607],[116.6355,-35.0544],[116.6426,-35.0536],[116.6457,-35.0471],[116.6581,-35.0514],[116.6572,-35.0476],[116.6764,-35.0448],[116.679,-35.0396],[116.6882,-35.0342],[116.7008,-35.0345],[116.7075,-35.0289],[116.7187,-35.0326],[116.7216,-35.0357],[116.7197,-35.039],[116.7265,-35.0414],[116.7402,-35.0355],[116.7454,-35.0374],[116.745,-35.0317],[116.7349,-35.0296],[116.7358,-35.0198],[116.743,-35.0096],[116.7543,-35.0013],[116.7779,-35.0006],[116.7877,-35.0042],[116.8064,-35.0023],[116.8108,-35.0001],[116.8126,-34.9916],[116.8217,-34.9891],[116.8189,-34.9869],[116.8222,-34.986],[116.8159,-34.9831],[116.8225,-34.9804],[116.8018,-34.9698],[116.8113,-34.9632],[116.8141,-34.9655],[116.825,-34.961],[116.8253,-34.9559],[116.8226,-34.9548],[116.8269,-34.9528],[116.8186,-34.947],[116.8079,-34.9513],[116.8009,-34.947],[116.8021,-34.944],[116.7928,-34.9391],[116.7955,-34.9371],[116.7873,-34.9357],[116.7801,-34.9298],[116.7853,-34.9249],[116.7852,-34.9202],[116.7885,-34.9226],[116.7923,-34.92],[116.7883,-34.9138],[116.7902,-34.9078],[116.7824,-34.9044],[116.7821,-34.8998],[116.7739,-34.9017],[116.7727,-34.898],[116.7663,-34.9029],[116.7533,-34.8983],[116.741,-34.904],[116.7294,-34.8913],[116.7247,-34.8903],[116.7304,-34.8833],[116.7279,-34.8821],[116.7289,-34.8782],[116.7387,-34.8768],[116.7352,-34.8714],[116.7428,-34.8719],[116.7468,-34.8783],[116.7587,-34.8706],[116.7579,-34.8599],[116.7674,-34.8528],[116.7724,-34.8535],[116.7755,-34.8378],[116.7895,-34.8418],[116.7999,-34.8361],[116.7979,-34.8316],[116.8008,-34.8283],[116.8106,-34.8251],[116.8067,-34.8212],[116.8112,-34.8194],[116.8105,-34.8107],[116.805,-34.8104],[116.8054,-34.8039],[116.797,-34.7983],[116.8073,-34.7921],[116.8129,-34.7833],[116.817,-34.786],[116.8179,-34.7773],[116.8145,-34.7698],[116.8233,-34.7719],[116.8381,-34.7626],[116.8353,-34.7578],[116.8415,-34.7549],[116.8438,-34.7512],[116.8414,-34.7488],[116.8443,-34.7464],[116.841,-34.7391],[116.8431,-34.7356],[116.8389,-34.7367],[116.8348,-34.7275],[116.8365,-34.7207],[116.8438,-34.7233],[116.8391,-34.7154],[116.8413,-34.71],[116.8371,-34.6992],[116.8408,-34.6997],[116.8414,-34.693],[116.8529,-34.6902],[116.8517,-34.6854],[116.8568,-34.6823],[116.8397,-34.668],[116.8353,-34.6727],[116.8268,-34.6705],[116.8207,-34.6733],[116.7977,-34.6661],[116.7925,-34.6682],[116.7909,-34.6598],[116.7864,-34.6585],[116.7848,-34.6533],[116.7886,-34.6527],[116.7872,-34.65],[116.7918,-34.647],[116.7939,-34.638],[116.8027,-34.6417],[116.8079,-34.6395],[116.8047,-34.6343],[116.7974,-34.6345],[116.8037,-34.6259],[116.8157,-34.6238],[116.8105,-34.6167],[116.806,-34.6163],[116.8052,-34.6109],[116.7998,-34.6079],[116.8012,-34.6042],[116.7934,-34.5958],[116.7966,-34.5944],[116.7964,-34.5905],[116.8002,-34.5935],[116.809,-34.5887],[116.8061,-34.5864],[116.8098,-34.5837],[116.811,-34.5765],[116.7976,-34.5624],[116.7879,-34.5582],[116.7858,-34.5521],[116.7857,-34.5221],[116.798,-34.5223],[116.798,-34.4857],[116.8045,-34.4857],[116.8041,-34.4765],[116.798,-34.4765],[116.798,-34.4687],[116.778,-34.4572],[116.7634,-34.4443],[116.7268,-34.4376],[116.6991,-34.4242],[116.669,-34.4191],[116.669,-34.3944],[116.6777,-34.3944],[116.6777,-34.3735],[116.6976,-34.3701],[116.699,-34.3086],[116.7079,-34.3095],[116.7079,-34.2789],[116.6918,-34.2796],[116.6914,-34.2686],[116.6876,-34.2686],[116.6933,-34.2616],[116.6925,-34.2544],[116.6672,-34.2576],[116.6672,-34.225],[116.6562,-34.2204],[116.6256,-34.2217],[116.6123,-34.2261],[116.5142,-34.2262],[116.5136,-34.2205],[116.5058,-34.2096],[116.5309,-34.189],[116.5309,-34.1851],[116.5232,-34.1851],[116.5232,-34.1746],[116.5297,-34.1746],[116.5297,-34.1715],[116.5232,-34.1715],[116.5232,-34.1555],[116.4935,-34.1555],[116.4935,-34.1591],[116.4843,-34.1605],[116.4191,-34.1599],[116.4191,-34.2018],[116.3215,-34.2018],[116.3215,-34.1898],[116.3139,-34.1898],[116.3139,-34.177],[116.253,-34.1747],[116.253,-34.1638],[116.2688,-34.1638],[116.2688,-34.1493],[116.2552,-34.1493],[116.2552,-34.1458],[116.2504,-34.1458],[116.2504,-34.1362],[116.2463,-34.1362],[116.2463,-34.1316],[116.2089,-34.1288],[116.208,-34.1312],[116.1969,-34.1302],[116.1969,-34.1354],[116.1872,-34.1356],[116.1871,-34.131],[116.1837,-34.1311],[116.1837,-34.1339],[116.1455,-34.1354],[116.0418,-34.1353],[116.0418,-34.1322],[116.0241,-34.1322],[116.0241,-34.1358],[116.0033,-34.134],[115.9898,-34.138],[115.9811,-34.1306],[115.9768,-34.1341],[115.9708,-34.129],[115.9591,-34.1337],[115.9511,-34.1268],[115.9454,-34.1308],[115.9412,-34.13],[115.9444,-34.1351],[115.9444,-34.1616],[115.9166,-34.1616],[115.9166,-34.1663],[115.909,-34.1663],[115.9059,-34.1901],[115.8974,-34.1901],[115.8974,-34.1957],[115.8904,-34.2049],[115.8904,-34.2132],[115.8781,-34.2132]]],[[[116.7305,-35.0687],[116.729,-35.0674],[116.7284,-35.0684],[116.7305,-35.0687]]],[[[116.7367,-35.0542],[116.7303,-35.0485],[116.7298,-35.0525],[116.7367,-35.0542]]],[[[116.7272,-35.0476],[116.7263,-35.0488],[116.7298,-35.0471],[116.7272,-35.0476]]],[[[115.9964,-34.8477],[115.9957,-34.8507],[115.9978,-34.8488],[115.9964,-34.8477]]],[[[116.0358,-34.863],[116.0421,-34.8691],[116.0435,-34.8685],[116.0358,-34.863]]],[[[116.0319,-34.8607],[116.0328,-34.8614],[116.0343,-34.8614],[116.0319,-34.8607]]],[[[116.0991,-34.8524],[116.1001,-34.8529],[116.0997,-34.852],[116.0991,-34.8524]]],[[[116.0345,-34.8663],[116.0355,-34.8664],[116.0353,-34.866],[116.0345,-34.8663]]],[[[116.4912,-35.0339],[116.499,-35.0363],[116.5051,-35.0278],[116.4979,-35.0261],[116.4912,-35.0339]]],[[[116.4885,-35.0318],[116.4861,-35.0339],[116.4874,-35.0333],[116.4885,-35.0318]]]]}},{"type":"Feature","properties":{"lga_name":"Meekatharra"},"geometry":{"type":"Polygon","coordinates":[[[117.3711,-26.0231],[117.2081,-26.0232],[117.2081,-26.1002],[117.2727,-26.1002],[117.2727,-26.092],[117.3491,-26.092],[117.3491,-26.2691],[117.4767,-26.2691],[117.4767,-26.3596],[117.6212,-26.3596],[117.6216,-26.776],[117.9732,-26.776],[117.9738,-26.808],[117.9947,-26.8574],[117.9992,-26.8574],[117.9992,-26.9927],[118.3277,-26.9897],[118.3277,-26.999],[118.508,-26.9991],[118.508,-27.0158],[118.5889,-27.0158],[118.5889,-27.1399],[118.5753,-27.1399],[118.5753,-27.227],[118.801,-27.2269],[118.8009,-27.3129],[119.0244,-27.3131],[119.0244,-27.2971],[119.094,-27.2972],[119.094,-27.2747],[119.1857,-27.2747],[119.2011,-27.2311],[119.1968,-27.2023],[119.2042,-27.1815],[119.2014,-27.1694],[119.2365,-27.0628],[119.2732,-27.0149],[119.2879,-27.0087],[119.332,-26.8994],[119.3395,-26.8638],[119.4114,-26.7851],[119.4475,-26.7688],[119.4858,-26.722],[119.5019,-26.6809],[119.5285,-26.6444],[119.5767,-26.6057],[119.5825,-26.5922],[119.5834,-26.5777],[119.5956,-26.5712],[119.6024,-26.5711],[119.6139,-26.5527],[119.7377,-26.4809],[119.7497,-26.4686],[119.7765,-26.4529],[119.7923,-26.4496],[119.8046,-26.4403],[119.8046,-26.3822],[119.808,-26.3708],[119.8142,-26.3648],[119.8673,-26.2569],[119.883,-26.2406],[119.8945,-26.2136],[119.9129,-26.1996],[119.9218,-26.1876],[119.9336,-26.1492],[119.9413,-26.1408],[119.9611,-26.0857],[119.977,-26.0605],[120.0079,-26.027],[120.1188,-25.7544],[120.1122,-25.726],[120.1073,-25.6319],[120.0994,-25.6219],[120.0919,-25.5612],[120.0864,-25.5519],[120.0883,-25.5274],[120.085,-25.3386],[120.137,-25.2324],[120.1621,-25.2123],[120.1673,-25.2003],[120.1768,-25.2015],[120.2022,-25.1921],[120.1985,-25.1629],[120.1935,-25.1551],[120.195,-25.1487],[120.1154,-24.9976],[120.1054,-24.9402],[120.0987,-24.927],[120.0884,-24.9159],[120.0553,-24.845],[120.056,-24.7335],[120.053,-24.723],[120.0428,-24.7074],[120.07,-24.609],[120.0768,-24.5958],[120.085,-24.5529],[120.0925,-24.5401],[120.0823,-24.5256],[120.0771,-24.5024],[120.0667,-24.493],[120.0781,-24.4761],[120.1114,-24.4563],[120.1325,-24.3707],[120.1584,-24.3445],[120.1835,-24.3309],[120.2129,-24.2858],[120.2196,-24.2461],[120.2499,-24.2107],[120.2878,-24.1592],[120.3003,-24.1347],[120.3211,-24.1086],[120.3649,-24.072],[120.4101,-24.0172],[120.4364,-23.9536],[120.4931,-23.8662],[120.5127,-23.8481],[120.5244,-23.8529],[120.5373,-23.8527],[120.61,-23.8123],[120.612,-23.8053],[120.7615,-23.609],[120.7705,-23.5888],[120.7772,-23.5387],[120.7784,-23.5035],[120.7914,-23.4403],[119.9307,-23.4429],[118.8836,-23.4403],[118.8836,-23.419],[118.8186,-23.419],[118.8186,-23.4403],[118.426,-23.4404],[118.426,-23.3151],[118.1675,-23.3151],[118.1675,-23.2933],[118.079,-23.2933],[118.079,-23.375],[117.9916,-23.375],[117.9916,-23.3936],[117.8403,-23.3936],[117.8403,-23.3784],[117.716,-23.3784],[117.716,-23.4378],[117.6366,-23.4378],[117.6367,-23.4855],[117.6582,-23.4855],[117.6582,-23.5329],[117.7438,-23.5329],[117.7438,-23.618],[117.7144,-23.6787],[117.7144,-23.74],[117.6262,-23.74],[117.6262,-23.8906],[117.8083,-23.8906],[117.8083,-23.9723],[117.8301,-23.9723],[117.8301,-24.0257],[117.819,-24.3749],[117.6654,-24.3749],[117.6653,-24.5157],[117.6783,-24.5157],[117.6783,-24.5344],[117.6186,-24.5344],[117.6185,-24.6944],[117.7908,-24.6944],[117.7908,-24.7071],[117.871,-24.7071],[117.871,-24.7833],[117.721,-24.7833],[117.721,-24.8549],[117.7939,-24.8549],[117.7939,-25.2146],[117.7362,-25.2146],[117.7362,-25.274],[117.7571,-25.274],[117.7572,-25.3921],[117.6772,-25.3921],[117.6772,-25.3671],[117.371,-25.3668],[117.373,-25.5837],[117.2944,-25.5837],[117.2944,-25.6074],[117.247,-25.6074],[117.2472,-25.7962],[117.2083,-25.7963],[117.2081,-25.949],[117.371,-25.9491],[117.3711,-26.0231]]]}},{"type":"Feature","properties":{"lga_name":"Melville"},"geometry":{"type":"Polygon","coordinates":[[[115.8517,-32.01],[115.8483,-32.0088],[115.846,-32.0016],[115.8373,-32.0065],[115.8289,-32.0063],[115.8269,-32.0213],[115.8134,-32.0292],[115.8121,-32.0269],[115.8155,-32.025],[115.8134,-32.0223],[115.7864,-32.011],[115.7855,-32.0186],[115.7762,-32.0288],[115.7763,-32.047],[115.7795,-32.047],[115.7796,-32.0549],[115.8032,-32.0564],[115.8032,-32.0747],[115.8159,-32.0745],[115.8173,-32.0772],[115.826,-32.074],[115.8351,-32.0797],[115.8669,-32.0814],[115.8668,-32.0855],[115.8756,-32.0821],[115.8921,-32.0822],[115.8815,-32.0724],[115.8876,-32.0674],[115.8707,-32.0663],[115.8732,-32.0452],[115.865,-32.0476],[115.86,-32.0455],[115.8533,-32.0324],[115.8548,-32.0234],[115.8505,-32.0198],[115.8517,-32.01]]]}},{"type":"Feature","properties":{"lga_name":"Menzies"},"geometry":{"type":"Polygon","coordinates":[[[127.3503,-30.1434],[127.3503,-30.3054],[127.8177,-30.3076],[129.0019,-30.3054],[129.0019,-29.0331],[128.4996,-29.0369],[127.3503,-29.039],[126.3624,-29.0333],[124.0165,-29.035],[122.8847,-29.0334],[122.8841,-29.0298],[122.7675,-29.0298],[122.7675,-29.1021],[122.7465,-29.1021],[122.7465,-29.1928],[122.474,-29.1928],[122.474,-29.3538],[122.3698,-29.3538],[122.3698,-29.4453],[122.2882,-29.4452],[122.2878,-29.4982],[122.1632,-29.4982],[122.1632,-29.4531],[122.0645,-29.4531],[122.0645,-29.3115],[121.8816,-29.3115],[121.8816,-29.2766],[121.8785,-29.2766],[121.882,-29.1857],[121.7801,-29.1846],[121.7801,-29.1251],[121.6979,-29.1251],[121.6979,-29.1779],[121.5293,-29.1779],[121.5293,-29.1846],[121.3846,-29.1847],[121.3846,-29.113],[121.1847,-29.113],[121.1847,-29.0552],[120.8375,-29.0567],[120.8376,-28.9366],[120.688,-28.9365],[120.6881,-28.7717],[120.7605,-28.7717],[120.7605,-28.6102],[120.6231,-28.6102],[120.6231,-28.516],[120.4504,-28.5159],[120.4504,-28.464],[119.8026,-28.4641],[119.8026,-28.8478],[119.7758,-28.8478],[119.7758,-28.9151],[119.663,-29.113],[119.3444,-29.1109],[119.2006,-29.2909],[118.7203,-29.2923],[118.7203,-29.1069],[118.4357,-29.1051],[118.4357,-29.2794],[118.5032,-29.6124],[119.0809,-29.8204],[120.0097,-30.1611],[120.5204,-30.163],[120.8455,-30.1608],[121.1836,-30.1438],[121.8425,-30.1455],[122.4079,-30.1443],[122.4079,-30.1422],[124.5014,-30.1421],[125.5927,-30.1534],[127.3503,-30.1434]]]}},{"type":"Feature","properties":{"lga_name":"Merredin"},"geometry":{"type":"Polygon","coordinates":[[[118.0335,-31.4066],[118.0077,-31.4067],[118.0056,-31.443],[118.002,-31.4431],[118.002,-31.4523],[118.0092,-31.4523],[118.0092,-31.4657],[118.0356,-31.4658],[118.0356,-31.4863],[118.0293,-31.4892],[118.0413,-31.4892],[118.0413,-31.5297],[118.0371,-31.5297],[118.0362,-31.5339],[118.0362,-31.5397],[118.0391,-31.5392],[118.0391,-31.5625],[118.0105,-31.5799],[117.9853,-31.5813],[117.9853,-31.5862],[117.9747,-31.5862],[117.9743,-31.5819],[117.9657,-31.5816],[117.9692,-31.5929],[117.9694,-31.7009],[117.9931,-31.7008],[117.9986,-31.6975],[118.0062,-31.7014],[118.0193,-31.7005],[118.0196,-31.7095],[118.0272,-31.7098],[118.0272,-31.7148],[118.0532,-31.7148],[118.0532,-31.72],[118.1147,-31.7199],[118.1131,-31.7134],[118.1643,-31.7032],[118.1665,-31.7102],[118.2356,-31.6964],[118.3781,-31.6965],[118.3783,-31.7813],[118.67,-31.7803],[118.67,-31.7834],[118.7084,-31.7833],[118.7084,-31.7742],[118.7211,-31.7741],[118.7211,-31.7651],[118.7339,-31.7651],[118.734,-31.7577],[118.7899,-31.7576],[118.7389,-31.6956],[118.8044,-31.6955],[118.8043,-31.6184],[118.7551,-31.6185],[118.7551,-31.5554],[118.6755,-31.5554],[118.6755,-31.5497],[118.6521,-31.5497],[118.6433,-31.5382],[118.6311,-31.545],[118.6179,-31.5277],[118.6019,-31.5367],[118.5018,-31.4047],[118.5018,-31.3753],[118.5089,-31.3321],[118.5086,-31.2937],[118.5133,-31.2708],[118.5096,-31.2602],[118.5052,-31.1377],[118.4335,-31.1397],[118.393,-31.1531],[118.3671,-31.1479],[118.352,-31.1509],[118.3227,-31.1938],[118.3175,-31.2125],[118.3093,-31.2108],[118.3093,-31.2177],[118.3194,-31.2286],[118.2969,-31.2376],[118.2969,-31.245],[118.2827,-31.245],[118.2826,-31.2633],[118.1794,-31.2633],[118.1873,-31.2702],[118.1728,-31.2705],[118.1494,-31.2774],[118.1121,-31.2775],[118.1121,-31.294],[118.1202,-31.319],[118.0773,-31.3335],[118.0153,-31.3339],[118.0334,-31.3614],[118.0335,-31.4066]]]}},{"type":"Feature","properties":{"lga_name":"Mingenew"},"geometry":{"type":"Polygon","coordinates":[[[115.2549,-29.1923],[115.2548,-29.2278],[115.2511,-29.2363],[115.2533,-29.2414],[115.2533,-29.3647],[115.2982,-29.3625],[115.2982,-29.3657],[115.3064,-29.3657],[115.3064,-29.3611],[115.3545,-29.346],[115.5715,-29.3472],[115.5715,-29.3574],[115.6293,-29.3562],[115.6396,-29.3521],[115.6506,-29.3732],[115.6632,-29.3663],[115.6632,-29.3562],[115.7499,-29.3562],[115.7523,-29.2157],[115.6736,-29.2159],[115.6734,-29.0699],[115.7353,-29.069],[115.7353,-29.0354],[115.6714,-29.0354],[115.6714,-29.0245],[115.6595,-29.0312],[115.6468,-29.0289],[115.6468,-29.0088],[115.6219,-29.0088],[115.6219,-28.9661],[115.6039,-28.9661],[115.6039,-28.9497],[115.5937,-28.9497],[115.5936,-28.9171],[115.3736,-28.9172],[115.3737,-28.9481],[115.3407,-28.9481],[115.3407,-29.0005],[115.2645,-29.0005],[115.2645,-29.1503],[115.2584,-29.1504],[115.2584,-29.1724],[115.2502,-29.1724],[115.2502,-29.1923],[115.2549,-29.1923]]]}},{"type":"Feature","properties":{"lga_name":"Moora"},"geometry":{"type":"Polygon","coordinates":[[[115.9022,-30.5231],[115.8875,-30.5234],[115.8874,-30.5513],[115.9019,-30.5513],[115.9018,-30.583],[115.921,-30.583],[115.921,-30.6141],[115.9232,-30.6141],[115.923,-30.617],[115.9071,-30.615],[115.907,-30.6555],[115.9267,-30.6556],[115.9266,-30.6676],[115.9308,-30.6676],[115.9308,-30.6882],[115.9375,-30.6882],[115.9374,-30.7098],[115.9345,-30.7098],[115.9341,-30.8459],[115.9944,-30.8459],[115.9944,-30.8342],[116.0075,-30.8342],[116.0044,-30.8431],[116.0114,-30.8431],[116.0141,-30.855],[116.0292,-30.855],[116.0292,-30.8487],[116.1077,-30.8478],[116.1244,-30.8484],[116.1236,-30.8612],[116.1984,-30.8613],[116.198,-30.851],[116.1939,-30.8511],[116.1939,-30.8293],[116.2076,-30.8293],[116.2076,-30.7444],[116.4011,-30.744],[116.4011,-30.7211],[116.4997,-30.7207],[116.4997,-30.7181],[116.5039,-30.7181],[116.5039,-30.7207],[116.5436,-30.7205],[116.5428,-30.5994],[116.5115,-30.5981],[116.5108,-30.489],[116.4989,-30.4891],[116.4989,-30.4851],[116.5144,-30.485],[116.514,-30.4644],[116.5032,-30.464],[116.5028,-30.3182],[116.5094,-30.3178],[116.5093,-30.2683],[116.4664,-30.2683],[116.4665,-30.2945],[116.4494,-30.2945],[116.4494,-30.2805],[116.3835,-30.2811],[116.3834,-30.2612],[116.312,-30.2614],[116.312,-30.2434],[116.297,-30.2433],[116.297,-30.2059],[116.3538,-30.2058],[116.3537,-30.1861],[116.2957,-30.1862],[116.2957,-30.1631],[116.2636,-30.1631],[116.2636,-30.1914],[116.1857,-30.1912],[116.1857,-30.1996],[116.1761,-30.1995],[116.1762,-30.2025],[116.1522,-30.2],[116.1522,-30.1836],[116.12,-30.1836],[116.12,-30.1777],[116.0069,-30.1779],[115.9981,-30.1801],[115.9981,-30.1844],[115.9921,-30.1844],[115.979,-30.1842],[115.979,-30.1758],[115.8762,-30.176],[115.8761,-30.318],[115.8988,-30.318],[115.8983,-30.4172],[115.895,-30.4192],[115.8948,-30.4338],[115.9109,-30.4338],[115.9109,-30.4575],[115.9249,-30.4576],[115.9248,-30.4722],[115.9331,-30.4722],[115.9332,-30.4948],[115.9022,-30.4947],[115.9022,-30.5231]]]}},{"type":"Feature","properties":{"lga_name":"Morawa"},"geometry":{"type":"Polygon","coordinates":[[[115.6714,-29.0245],[115.6714,-29.0354],[115.7353,-29.0354],[115.7353,-29.069],[115.6734,-29.0699],[115.6736,-29.2159],[115.7523,-29.2157],[115.752,-29.2885],[115.8534,-29.2881],[115.8535,-29.3442],[115.9179,-29.3441],[115.9187,-29.3245],[116.1197,-29.324],[116.1178,-29.2871],[116.2533,-29.2775],[116.2585,-29.2743],[116.2735,-29.2743],[116.2735,-29.2626],[116.2922,-29.2626],[116.2922,-29.2663],[116.314,-29.2598],[116.3863,-29.2593],[116.3856,-29.1951],[116.4909,-29.194],[116.491,-29.0939],[116.382,-29.0939],[116.382,-29.016],[116.3459,-29.016],[116.3459,-28.9523],[116.235,-28.9523],[116.235,-28.922],[116.2119,-28.922],[116.2116,-28.8911],[116.1802,-28.8911],[116.1801,-28.8753],[116.1568,-28.8765],[116.1568,-28.8468],[116.0876,-28.8469],[116.0871,-28.8365],[116.084,-28.8365],[116.0815,-28.7583],[116.0522,-28.7565],[116.0522,-28.7262],[115.9912,-28.7263],[115.9912,-28.7566],[115.9581,-28.7566],[115.9582,-28.7845],[115.925,-28.7845],[115.9251,-28.8024],[115.8846,-28.8024],[115.8843,-28.8392],[115.8114,-28.8392],[115.8114,-28.8514],[115.6858,-28.8515],[115.6858,-28.8602],[115.6362,-28.8602],[115.6362,-28.9374],[115.625,-28.9374],[115.625,-28.9497],[115.6219,-28.9497],[115.6219,-29.0088],[115.6468,-29.0088],[115.6468,-29.0289],[115.6595,-29.0312],[115.6714,-29.0245]]]}},{"type":"Feature","properties":{"lga_name":"Mosman Park"},"geometry":{"type":"Polygon","coordinates":[[[115.7592,-32.0038],[115.7509,-32.0216],[115.7575,-32.0212],[115.7589,-32.024],[115.7651,-32.0223],[115.7738,-32.0251],[115.7814,-32.0164],[115.7716,-32.0096],[115.7726,-32.0034],[115.7592,-32.0038]]]}},{"type":"Feature","properties":{"lga_name":"Mount Magnet"},"geometry":{"type":"Polygon","coordinates":[[[117.965,-27.8257],[117.965,-27.7404],[117.8486,-27.7404],[117.8486,-27.7009],[117.6842,-27.7009],[117.6842,-27.7879],[117.619,-27.7879],[117.619,-27.6427],[117.6745,-27.6427],[117.6745,-27.5783],[117.5911,-27.5783],[117.591,-27.5749],[117.5672,-27.5749],[117.5672,-27.687],[117.4329,-27.687],[117.4329,-27.7596],[117.3857,-27.7596],[117.3858,-27.687],[117.2838,-27.687],[117.2837,-27.7596],[117.3691,-27.7596],[117.3691,-27.8104],[117.2215,-27.8104],[117.2215,-27.8343],[117.2501,-27.8343],[117.2503,-27.9249],[117.2409,-27.9249],[117.2408,-28.15],[117.2659,-28.15],[117.2659,-28.2479],[117.3419,-28.2479],[117.3419,-28.3158],[117.4241,-28.3158],[117.4241,-28.407],[117.47,-28.407],[117.47,-28.4646],[117.5562,-28.4646],[117.5562,-28.693],[117.7602,-28.693],[117.7603,-28.7855],[117.7912,-28.7855],[117.7912,-28.7564],[117.9592,-28.7564],[117.9592,-28.6924],[118.0041,-28.6924],[118.0041,-28.6571],[118.0864,-28.6571],[118.0864,-28.7478],[118.0453,-28.7478],[118.0453,-28.8059],[118.0422,-28.8059],[118.0422,-28.8948],[118.0765,-28.8948],[118.0765,-28.9611],[118.1997,-28.9611],[118.1997,-28.9515],[118.2839,-28.9516],[118.2839,-29.0067],[118.4077,-29.0067],[118.4077,-28.9805],[118.4489,-28.9805],[118.4485,-28.7298],[118.5432,-28.5451],[118.5726,-28.5451],[118.5726,-28.4725],[118.5314,-28.4725],[118.5314,-28.4618],[118.4479,-28.4618],[118.4479,-28.3126],[118.5192,-28.3126],[118.5192,-28.3032],[118.5726,-28.3032],[118.5724,-28.1617],[118.5191,-28.1617],[118.5191,-28.135],[118.7116,-28.135],[118.7116,-28.0061],[118.6499,-28.0061],[118.6499,-27.8847],[118.6317,-27.8846],[118.6317,-27.7612],[118.5566,-27.7612],[118.5566,-27.7798],[118.3865,-27.7797],[118.3865,-27.7979],[118.2885,-27.799],[118.2019,-27.799],[118.2019,-27.782],[118.1364,-27.782],[118.1364,-27.7635],[118.0057,-27.7635],[118.0057,-27.8257],[117.965,-27.8257]]]}},{"type":"Feature","properties":{"lga_name":"Mount Marshall"},"geometry":{"type":"Polygon","coordinates":[[[117.6497,-29.9388],[117.6413,-29.9479],[117.6328,-29.951],[117.6191,-29.9521],[117.6052,-29.948],[117.5943,-29.9497],[117.5843,-29.9446],[117.5821,-29.9474],[117.5675,-29.9488],[117.5562,-29.945],[117.539,-29.9307],[117.5221,-29.9265],[117.5235,-29.9286],[117.5121,-29.9278],[117.5048,-29.9418],[117.508,-29.9525],[117.5291,-29.9665],[117.5223,-29.9731],[117.5292,-29.9722],[117.522,-29.9968],[117.5253,-30.0129],[117.5281,-30.0135],[117.5261,-30.0215],[117.5308,-30.0405],[117.528,-30.0911],[117.5322,-30.1183],[117.5296,-30.1222],[117.5306,-30.1259],[117.5325,-30.1241],[117.5313,-30.1398],[117.5427,-30.1505],[117.5406,-30.1541],[117.5272,-30.1548],[117.5224,-30.1626],[117.5294,-30.1644],[117.5332,-30.1622],[117.5313,-30.1638],[117.5341,-30.1713],[117.5396,-30.1815],[117.545,-30.185],[117.5453,-30.1898],[117.5481,-30.1889],[117.5468,-30.1931],[117.5534,-30.2061],[117.6034,-30.2061],[117.6036,-30.6953],[117.5983,-30.7012],[117.5984,-30.8865],[117.588,-30.8865],[117.5879,-30.9026],[117.5838,-30.9026],[117.5838,-30.9189],[117.596,-30.9189],[117.596,-30.9592],[117.6171,-30.9562],[117.6171,-30.9513],[117.621,-30.9513],[117.621,-30.9537],[117.6866,-30.9535],[117.6969,-30.9554],[117.6969,-30.9672],[117.7011,-30.9672],[117.7011,-30.9726],[117.7547,-30.9752],[117.7541,-30.9516],[117.7842,-30.9516],[117.7842,-30.9588],[117.7926,-30.9588],[117.7926,-30.9516],[117.832,-30.9498],[117.832,-30.9464],[117.8488,-30.9464],[117.8495,-30.954],[117.8568,-30.9542],[117.8626,-30.9487],[117.8618,-30.9416],[117.9228,-30.9416],[117.9228,-30.9621],[117.9951,-30.9606],[117.9951,-30.9663],[118.0141,-30.9663],[118.0141,-30.9606],[118.0625,-30.9606],[118.0625,-30.9278],[118.0817,-30.9278],[118.0526,-30.859],[118.0609,-30.859],[118.0609,-30.8415],[118.0855,-30.8415],[118.0855,-30.8197],[118.1033,-30.8197],[118.1035,-30.7799],[118.1213,-30.7799],[118.1213,-30.7619],[118.142,-30.7619],[118.142,-30.7075],[118.1324,-30.7075],[118.1324,-30.689],[118.1149,-30.674],[118.1149,-30.6484],[118.0746,-30.6483],[118.0746,-30.5949],[118.0996,-30.5944],[118.1167,-30.5992],[118.1168,-30.5783],[118.1396,-30.5784],[118.1395,-30.566],[118.16,-30.566],[118.1601,-30.4955],[118.1498,-30.4642],[118.1499,-30.2033],[118.5079,-30.2033],[118.5082,-29.6369],[118.5032,-29.6124],[117.6952,-29.6124],[117.6983,-29.62],[117.695,-29.6219],[117.6967,-29.6256],[117.7019,-29.6226],[117.7105,-29.6304],[117.7112,-29.6331],[117.7063,-29.6315],[117.7101,-29.637],[117.7109,-29.6524],[117.7216,-29.6547],[117.7178,-29.6612],[117.7078,-29.6648],[117.7097,-29.6684],[117.7032,-29.6755],[117.698,-29.6747],[117.7013,-29.6728],[117.6965,-29.6709],[117.691,-29.6724],[117.6912,-29.6755],[117.669,-29.6726],[117.6758,-29.6694],[117.6726,-29.6626],[117.6538,-29.6615],[117.6344,-29.6546],[117.6337,-29.6516],[117.6174,-29.6421],[117.6035,-29.6441],[117.5823,-29.6222],[117.5851,-29.6223],[117.5833,-29.6176],[117.576,-29.6179],[117.5721,-29.6251],[117.5822,-29.6323],[117.5814,-29.6359],[117.5676,-29.6359],[117.5617,-29.6663],[117.553,-29.6826],[117.5506,-29.7044],[117.5516,-29.7146],[117.5571,-29.7187],[117.5602,-29.7294],[117.5694,-29.7372],[117.5625,-29.7403],[117.5554,-29.7355],[117.5517,-29.7375],[117.5506,-29.7477],[117.553,-29.7485],[117.555,-29.7429],[117.5573,-29.7451],[117.5553,-29.7534],[117.5638,-29.7553],[117.5658,-29.7532],[117.5695,-29.7562],[117.5519,-29.7559],[117.5515,-29.7606],[117.5427,-29.7682],[117.5094,-29.7767],[117.4961,-29.8149],[117.4955,-29.8386],[117.4903,-29.8625],[117.4966,-29.8788],[117.5093,-29.8844],[117.5273,-29.8712],[117.5734,-29.8675],[117.5993,-29.8505],[117.627,-29.845],[117.6245,-29.8489],[117.6329,-29.8515],[117.6366,-29.851],[117.6311,-29.8474],[117.6345,-29.8454],[117.641,-29.8477],[117.6411,-29.8555],[117.6456,-29.8573],[117.6459,-29.8538],[117.6549,-29.8591],[117.6661,-29.8697],[117.6628,-29.8724],[117.6685,-29.8745],[117.6645,-29.8778],[117.6702,-29.8791],[117.6665,-29.8822],[117.6702,-29.8844],[117.6651,-29.8906],[117.6677,-29.8925],[117.6644,-29.8945],[117.6712,-29.898],[117.6656,-29.8991],[117.6668,-29.9049],[117.6616,-29.9149],[117.6666,-29.9197],[117.662,-29.9206],[117.6645,-29.929],[117.6612,-29.9277],[117.6602,-29.9326],[117.6578,-29.9276],[117.6558,-29.9344],[117.6587,-29.9361],[117.6497,-29.9388]]]}},{"type":"Feature","properties":{"lga_name":"Mukinbudin"},"geometry":{"type":"Polygon","coordinates":[[[118.1033,-30.8196],[118.0855,-30.8197],[118.0855,-30.8415],[118.0609,-30.8415],[118.0609,-30.859],[118.0526,-30.859],[118.0817,-30.9278],[118.0625,-30.9278],[118.0625,-30.9606],[118.0588,-30.9606],[118.0588,-31.001],[118.0798,-31.0009],[118.0798,-31.049],[118.1041,-31.049],[118.1041,-31.0381],[118.1564,-31.0176],[118.1645,-31.0335],[118.1828,-31.0265],[118.1841,-31.0308],[118.2025,-31.0266],[118.2037,-31.0179],[118.2073,-31.0178],[118.2212,-31.0023],[118.226,-31.0017],[118.2238,-31.0064],[118.2486,-31.0564],[118.2567,-31.0587],[118.275,-31.0436],[118.3476,-31.0702],[118.3525,-31.0488],[118.3584,-31.0488],[118.3584,-31.0409],[118.3768,-31.0417],[118.4354,-31.0258],[118.4353,-31.0024],[118.4301,-31.001],[118.4354,-30.9846],[118.4354,-30.9371],[118.5054,-30.9371],[118.5199,-30.4925],[118.5197,-30.3152],[118.515,-30.3045],[118.5079,-30.2468],[118.5079,-30.2033],[118.1499,-30.2033],[118.1498,-30.4642],[118.1601,-30.4955],[118.16,-30.566],[118.1395,-30.566],[118.1396,-30.5784],[118.1168,-30.5783],[118.1167,-30.5992],[118.0996,-30.5944],[118.0746,-30.5949],[118.0746,-30.6483],[118.1149,-30.6484],[118.1149,-30.674],[118.1324,-30.689],[118.1324,-30.7075],[118.142,-30.7075],[118.142,-30.7619],[118.1213,-30.7619],[118.1213,-30.7799],[118.1035,-30.7799],[118.1033,-30.8196]]]}},{"type":"Feature","properties":{"lga_name":"Mundaring"},"geometry":{"type":"Polygon","coordinates":[[[116.0523,-31.8756],[116.0523,-31.8818],[116.0415,-31.8818],[116.0415,-31.8859],[116.0232,-31.8858],[116.0232,-31.8935],[116.0381,-31.8983],[116.0381,-31.9019],[116.0479,-31.9054],[116.047,-31.9099],[116.0382,-31.9099],[116.0382,-31.904],[116.0232,-31.9008],[116.0159,-31.9048],[116.0148,-31.9107],[116.0296,-31.9203],[116.0359,-31.9297],[116.0518,-31.933],[116.0608,-31.9261],[116.0651,-31.9341],[116.0755,-31.9389],[116.0781,-31.9481],[116.0811,-31.9494],[116.1031,-31.9462],[116.1084,-31.9362],[116.117,-31.9357],[116.1199,-31.9397],[116.1251,-31.9374],[116.1372,-31.9424],[116.1355,-31.948],[116.1651,-31.9567],[116.1715,-31.9622],[116.1688,-31.9675],[116.1701,-31.9694],[116.1715,-31.966],[116.1763,-31.9652],[116.1781,-31.9701],[116.1873,-31.9688],[116.1934,-31.9767],[116.1929,-31.978],[116.1912,-31.9778],[116.1903,-31.9791],[116.1965,-31.977],[116.2069,-31.9818],[116.2092,-31.9889],[116.2124,-31.9891],[116.2118,-31.9935],[116.2212,-31.996],[116.221,-31.9972],[116.2195,-31.998],[116.2188,-31.9989],[116.2186,-31.9996],[116.223,-31.9984],[116.2403,-32.018],[116.2458,-32.0218],[116.2542,-32.0208],[116.2571,-32.0297],[116.2726,-32.0425],[116.2736,-32.0504],[116.2889,-32.0622],[116.3235,-32.0626],[116.3237,-32.0234],[116.3026,-32.0232],[116.3028,-32.005],[116.3672,-32.0055],[116.3673,-32.0119],[116.4091,-32.0123],[116.4151,-31.9093],[116.3462,-31.9068],[116.3461,-31.8564],[116.3583,-31.8386],[116.3583,-31.8195],[116.371,-31.8133],[116.3608,-31.8149],[116.3608,-31.8073],[116.3496,-31.8111],[116.3378,-31.8056],[116.3469,-31.7965],[116.3498,-31.7909],[116.3478,-31.7878],[116.3562,-31.7836],[116.3537,-31.7836],[116.3537,-31.78],[116.3452,-31.78],[116.3458,-31.7627],[116.3382,-31.7627],[116.3381,-31.7535],[116.348,-31.7485],[116.3472,-31.7066],[116.298,-31.7066],[116.2832,-31.7142],[116.279,-31.7214],[116.2726,-31.7213],[116.2726,-31.7275],[116.2772,-31.728],[116.2747,-31.7385],[116.2683,-31.7426],[116.263,-31.7533],[116.263,-31.7615],[116.28,-31.7616],[116.2816,-31.7551],[116.2819,-31.8197],[116.2629,-31.8198],[116.2628,-31.827],[116.2115,-31.8272],[116.2116,-31.8221],[116.1967,-31.822],[116.1965,-31.8384],[116.0768,-31.8384],[116.0767,-31.8632],[116.0705,-31.8632],[116.0705,-31.8676],[116.0587,-31.8676],[116.0587,-31.8737],[116.0523,-31.8756]]]}},{"type":"Feature","properties":{"lga_name":"Murchison"},"geometry":{"type":"Polygon","coordinates":[[[115.905,-27.9377],[115.8923,-27.9377],[115.8923,-27.9925],[115.9107,-27.9925],[115.9107,-28.0659],[115.8538,-28.0659],[115.8538,-28.0223],[115.8085,-28.0223],[115.8085,-28.4287],[115.8197,-28.4343],[115.8385,-28.4343],[115.8385,-28.4237],[115.8643,-28.4238],[115.8643,-28.4338],[115.9958,-28.4338],[115.9958,-28.3612],[115.9322,-28.3612],[115.9322,-28.334],[115.9581,-28.334],[115.9581,-28.2876],[116.0468,-28.2876],[116.0468,-28.2532],[116.0326,-28.2532],[116.0326,-28.1988],[116.1692,-28.1988],[116.1692,-28.1842],[116.2404,-28.1842],[116.2404,-28.1198],[116.0533,-28.1198],[116.0533,-28.0128],[116.1186,-28.0128],[116.1186,-28.0485],[116.1683,-28.0485],[116.1684,-27.7745],[116.3405,-27.7745],[116.3405,-27.7511],[116.4048,-27.7511],[116.4048,-27.6471],[116.4536,-27.6471],[116.4536,-27.6042],[116.5689,-27.6042],[116.5689,-27.6289],[116.5858,-27.6289],[116.5858,-27.6702],[116.7399,-27.6703],[116.74,-27.3852],[116.7171,-27.3852],[116.7171,-27.2681],[116.8293,-27.2681],[116.8293,-27.4043],[116.8689,-27.4043],[116.8689,-27.3051],[117.0327,-27.3051],[117.0327,-27.1744],[117.256,-27.1744],[117.256,-27.2652],[117.334,-27.2652],[117.334,-27.194],[117.3075,-27.194],[117.3075,-26.9185],[117.2941,-26.9186],[117.294,-26.8049],[117.3265,-26.8049],[117.3265,-26.7598],[117.3467,-26.7598],[117.3467,-26.7002],[117.4117,-26.7002],[117.4117,-26.771],[117.5411,-26.7709],[117.5411,-26.6261],[117.6216,-26.6261],[117.6212,-26.3596],[117.4767,-26.3596],[117.4767,-26.2691],[117.3491,-26.2691],[117.3491,-26.092],[117.2727,-26.092],[117.2727,-26.1002],[117.2081,-26.1002],[117.2081,-26.0232],[117.3711,-26.0231],[117.371,-25.9491],[117.2081,-25.949],[117.2083,-25.7963],[117.2472,-25.7962],[117.247,-25.6367],[116.9151,-25.6369],[116.9151,-25.5835],[116.5018,-25.5838],[116.5018,-25.6253],[116.4657,-25.6253],[116.4658,-25.6844],[116.001,-25.6844],[116.001,-25.69],[115.8589,-25.69],[115.8589,-25.6844],[115.7046,-25.6844],[115.7046,-25.7334],[115.6149,-25.7334],[115.6149,-25.8277],[115.59,-25.829],[115.5646,-25.8356],[115.532,-25.8547],[115.5251,-25.8646],[115.5112,-25.8699],[115.4978,-25.8709],[115.4715,-25.866],[115.4715,-26.0074],[115.5036,-26.0074],[115.5036,-26.2047],[115.5158,-26.2047],[115.5158,-26.2772],[115.4066,-26.2772],[115.4066,-26.7856],[115.3115,-26.7856],[115.3121,-26.9746],[115.2985,-26.9746],[115.2985,-27.1961],[115.3188,-27.1961],[115.3188,-27.2161],[115.2137,-27.2161],[115.2137,-27.3031],[115.2292,-27.3031],[115.2292,-27.387],[115.2025,-27.387],[115.2025,-27.495],[115.2289,-27.495],[115.2289,-27.5389],[115.3048,-27.539],[115.3048,-27.5632],[115.4035,-27.5648],[115.4035,-27.6678],[115.399,-27.6678],[115.399,-27.6926],[115.3296,-27.6925],[115.3292,-27.818],[115.3784,-27.8179],[115.3784,-27.9381],[115.5345,-27.9388],[115.5391,-27.9345],[115.5542,-27.9346],[115.5654,-27.9291],[115.7263,-27.9296],[115.734,-27.9337],[115.9051,-27.9345],[115.905,-27.9377]]]}},{"type":"Feature","properties":{"lga_name":"Murray"},"geometry":{"type":"Polygon","coordinates":[[[115.7657,-32.5675],[115.7601,-32.578],[115.7663,-32.5816],[115.7629,-32.5908],[115.7775,-32.5962],[115.7706,-32.6178],[115.7719,-32.6244],[115.7754,-32.6246],[115.7673,-32.6269],[115.7739,-32.6355],[115.7625,-32.6423],[115.7587,-32.6404],[115.7562,-32.6439],[115.7442,-32.6465],[115.7241,-32.6319],[115.7201,-32.6324],[115.7179,-32.6403],[115.7041,-32.6438],[115.6769,-32.6212],[115.6769,-32.6164],[115.6701,-32.6144],[115.6662,-32.6189],[115.669,-32.6238],[115.6672,-32.6347],[115.6847,-32.6534],[115.6877,-32.6684],[115.686,-32.6828],[115.6912,-32.6836],[115.6974,-32.6906],[115.7024,-32.7124],[115.7139,-32.7288],[115.7102,-32.7414],[115.7193,-32.7435],[115.7273,-32.7549],[115.7259,-32.7817],[115.7198,-32.782],[115.7147,-32.7725],[115.7128,-32.7733],[115.715,-32.7939],[115.7595,-32.7907],[115.7526,-32.7973],[115.7526,-32.8017],[115.7955,-32.7927],[115.8039,-32.7865],[115.8147,-32.794],[115.8147,-32.7979],[115.8457,-32.7985],[115.8486,-32.7953],[115.869,-32.7942],[115.869,-32.7906],[115.949,-32.7914],[115.9489,-32.7838],[115.9579,-32.7831],[115.9698,-32.7721],[115.9689,-32.7618],[115.9726,-32.7614],[115.9744,-32.7686],[115.9805,-32.7738],[116.0005,-32.7795],[115.9989,-32.7604],[116.0093,-32.76],[116.0155,-32.7552],[116.0437,-32.7623],[116.0515,-32.7578],[116.0617,-32.7598],[116.0726,-32.7559],[116.0746,-32.7581],[116.0723,-32.7622],[116.0796,-32.7626],[116.0816,-32.7721],[116.0918,-32.7725],[116.1004,-32.7689],[116.1029,-32.7743],[116.11,-32.7739],[116.1047,-32.7816],[116.1145,-32.7866],[116.1139,-32.7893],[116.178,-32.7894],[116.1782,-32.8032],[116.1875,-32.8032],[116.1876,-32.7817],[116.2258,-32.7919],[116.226,-32.7559],[116.206,-32.7554],[116.2063,-32.6752],[116.2645,-32.6751],[116.2642,-32.6124],[116.2597,-32.6157],[116.2597,-32.4587],[116.0414,-32.4587],[116.0414,-32.4563],[116.0075,-32.4586],[116.0074,-32.4544],[116.0015,-32.4544],[116.0015,-32.4594],[115.9971,-32.4593],[115.9971,-32.4545],[115.9907,-32.4545],[115.9907,-32.4596],[115.976,-32.4608],[115.9762,-32.4695],[115.9105,-32.4694],[115.9105,-32.4549],[115.8577,-32.4549],[115.8577,-32.4446],[115.8315,-32.4446],[115.8275,-32.4582],[115.8014,-32.4526],[115.8014,-32.4556],[115.7844,-32.4556],[115.7882,-32.4672],[115.7826,-32.4965],[115.785,-32.5087],[115.7765,-32.5258],[115.7783,-32.5281],[115.7737,-32.5307],[115.7744,-32.5439],[115.7653,-32.5425],[115.7652,-32.5483],[115.7571,-32.553],[115.7538,-32.5588],[115.7657,-32.5675]]]}},{"type":"Feature","properties":{"lga_name":"Nannup"},"geometry":{"type":"Polygon","coordinates":[[[115.3903,-33.9993],[115.3981,-34.0425],[115.4042,-34.05],[115.3914,-34.0791],[115.4029,-34.0933],[115.4018,-34.1565],[115.3818,-34.1555],[115.3694,-34.1599],[115.3372,-34.1601],[115.3371,-34.3148],[115.3827,-34.327],[115.4386,-34.3525],[115.4782,-34.3814],[115.5031,-34.3889],[115.5252,-34.4002],[115.5423,-34.4142],[115.5409,-34.4231],[115.5469,-34.4243],[115.5588,-34.4151],[115.5779,-34.4221],[115.6745,-34.4854],[115.6782,-34.481],[115.6853,-34.4829],[115.694,-34.4802],[115.7058,-34.4707],[115.725,-34.4623],[115.7495,-34.4579],[115.7661,-34.4588],[115.7743,-34.4541],[115.7752,-34.4423],[115.7818,-34.4453],[115.7928,-34.4399],[115.8121,-34.4144],[115.8252,-34.415],[115.8302,-34.4074],[115.8219,-34.4064],[115.8092,-34.3992],[115.7997,-34.3809],[115.7896,-34.3749],[115.7863,-34.3693],[115.7808,-34.3542],[115.7927,-34.3527],[115.7927,-34.347],[115.7871,-34.347],[115.7871,-34.3427],[115.7942,-34.3426],[115.7939,-34.3338],[115.7983,-34.3338],[115.7983,-34.3295],[115.8039,-34.3296],[115.8058,-34.335],[115.8221,-34.3363],[115.8204,-34.331],[115.8246,-34.3298],[115.8239,-34.3276],[115.8283,-34.3284],[115.8307,-34.3216],[115.8371,-34.3194],[115.834,-34.3166],[115.8353,-34.3094],[115.8383,-34.3025],[115.8441,-34.3013],[115.8425,-34.2989],[115.8517,-34.2988],[115.856,-34.3035],[115.8671,-34.3045],[115.8763,-34.2967],[115.8781,-34.2132],[115.8904,-34.2132],[115.8904,-34.2049],[115.8974,-34.1957],[115.8974,-34.1901],[115.9059,-34.1901],[115.909,-34.1663],[115.9166,-34.1663],[115.9166,-34.1616],[115.9444,-34.1616],[115.9444,-34.1351],[115.9409,-34.1321],[115.9418,-34.1291],[115.9454,-34.1308],[115.9511,-34.1268],[115.9591,-34.1337],[115.9708,-34.129],[115.9768,-34.1341],[115.9811,-34.1306],[115.9898,-34.138],[116.0033,-34.134],[116.0108,-34.1358],[116.011,-34.0859],[115.9798,-34.0857],[115.9797,-33.9977],[115.9458,-33.9976],[115.9458,-33.964],[115.9358,-33.9612],[115.9359,-33.8976],[115.9406,-33.8976],[115.9406,-33.8916],[115.9288,-33.8916],[115.9288,-33.8854],[115.9019,-33.8854],[115.9021,-33.8755],[115.897,-33.8755],[115.897,-33.8649],[115.8914,-33.8649],[115.8914,-33.8545],[115.8859,-33.8545],[115.8839,-33.8427],[115.8689,-33.8475],[115.8659,-33.8553],[115.8176,-33.8541],[115.8177,-33.837],[115.8369,-33.837],[115.8376,-33.7911],[115.8133,-33.7912],[115.8133,-33.7839],[115.8069,-33.7839],[115.8068,-33.7977],[115.7363,-33.7967],[115.7362,-33.8116],[115.6696,-33.8118],[115.6463,-33.8243],[115.5419,-33.9062],[115.536,-33.9139],[115.4196,-33.9198],[115.4174,-33.9479],[115.4194,-33.9564],[115.4153,-33.9753],[115.3903,-33.9993]]]}},{"type":"Feature","properties":{"lga_name":"Narembeen"},"geometry":{"type":"Polygon","coordinates":[[[118.2167,-32.0989],[118.2067,-32.0993],[118.2084,-32.2488],[118.1948,-32.2496],[118.1949,-32.2794],[118.2487,-32.2776],[118.2699,-32.2718],[118.3215,-32.2717],[118.3215,-32.2863],[118.3386,-32.2862],[118.3386,-32.2814],[118.3504,-32.2858],[118.4032,-32.2868],[118.4705,-32.2853],[118.4887,-32.2796],[118.505,-32.2796],[118.5111,-32.2741],[118.6238,-32.2775],[118.6237,-32.2626],[118.6152,-32.2627],[118.6152,-32.252],[118.6795,-32.2519],[118.6797,-32.2484],[118.7443,-32.2459],[118.7443,-32.2422],[118.7608,-32.2422],[118.797,-32.2299],[118.8166,-32.2353],[118.8599,-32.2344],[118.8599,-32.2411],[118.9141,-32.2375],[118.9141,-32.2137],[119.1614,-32.2146],[119.179,-32.2034],[119.0875,-32.1004],[119.1852,-32.1004],[119.1852,-32.0819],[119.1759,-32.0819],[119.1759,-32.0137],[119.1347,-32.0137],[119.1347,-31.9716],[119.1028,-31.9716],[119.1028,-31.9758],[119.0916,-31.9758],[119.0916,-31.9629],[119.0417,-31.9629],[119.0417,-31.968],[118.9793,-31.968],[118.958,-31.9447],[118.9204,-31.9153],[118.7899,-31.7576],[118.734,-31.7577],[118.7339,-31.7651],[118.7211,-31.7651],[118.7211,-31.7741],[118.7084,-31.7742],[118.7084,-31.7833],[118.67,-31.7834],[118.67,-31.7803],[118.3783,-31.7813],[118.3785,-31.8022],[118.37,-31.8022],[118.37,-31.8536],[118.3444,-31.8537],[118.3444,-31.8737],[118.3171,-31.8738],[118.3182,-31.9839],[118.2938,-31.9839],[118.2939,-32.0238],[118.2635,-32.0238],[118.2682,-32.0636],[118.2447,-32.0639],[118.2448,-32.0814],[118.2275,-32.0816],[118.2274,-32.0893],[118.2167,-32.0894],[118.2167,-32.0989]]]}},{"type":"Feature","properties":{"lga_name":"Narrogin"},"geometry":{"type":"Polygon","coordinates":[[[117.1887,-32.8709],[117.1451,-32.8669],[117.1398,-32.8692],[117.0897,-32.8687],[117.0698,-32.8717],[117.0664,-32.8752],[117.0181,-32.8774],[117.0182,-32.8699],[116.9898,-32.8717],[116.9898,-32.8673],[116.9756,-32.8679],[116.9756,-32.8632],[116.9714,-32.8617],[116.9517,-32.8617],[116.9516,-32.8881],[116.9575,-32.8882],[116.9575,-32.9176],[116.9543,-32.9176],[116.9543,-32.9312],[116.9715,-32.9323],[116.9715,-32.9373],[116.9775,-32.9373],[116.9775,-32.9429],[116.9824,-32.9429],[116.9824,-32.957],[116.9767,-32.957],[116.9767,-32.9638],[116.9824,-32.9638],[116.9824,-32.9695],[116.9742,-32.9696],[116.9764,-33.0103],[116.9871,-33.0103],[117.0067,-33.0034],[117.0068,-33.0395],[117.0025,-33.0395],[117.0013,-33.0469],[117.0052,-33.0489],[117.0052,-33.0708],[116.9984,-33.0708],[116.9984,-33.0866],[117.017,-33.09],[117.0161,-33.1232],[117.0204,-33.1232],[117.0183,-33.1385],[117.0231,-33.1406],[117.0231,-33.145],[117.0298,-33.145],[117.0298,-33.1497],[117.0268,-33.1497],[117.0268,-33.1694],[117.0127,-33.1719],[117.013,-33.1899],[117.0186,-33.1864],[117.0418,-33.1884],[117.0418,-33.1809],[117.0538,-33.1828],[117.0924,-33.1802],[117.0924,-33.176],[117.1077,-33.1788],[117.1077,-33.172],[117.1273,-33.172],[117.1276,-33.1642],[117.143,-33.1641],[117.1466,-33.1685],[117.1526,-33.1685],[117.1532,-33.1563],[117.1765,-33.1563],[117.1765,-33.1509],[117.1821,-33.1509],[117.1868,-33.1601],[117.1899,-33.1601],[117.1942,-33.1479],[117.218,-33.1477],[117.218,-33.1515],[117.2353,-33.1518],[117.2353,-33.1459],[117.2642,-33.1414],[117.2641,-33.1311],[117.2695,-33.1307],[117.2695,-33.1418],[117.2784,-33.1418],[117.2814,-33.124],[117.3575,-33.1244],[117.3575,-33.1214],[117.3628,-33.1214],[117.3628,-33.1033],[117.3943,-33.1081],[117.3943,-33.1124],[117.4029,-33.1124],[117.4029,-33.1078],[117.4169,-33.1078],[117.417,-33.1233],[117.431,-33.1232],[117.4298,-33.1127],[117.4387,-33.1127],[117.4386,-33.1028],[117.455,-33.1027],[117.455,-33.1085],[117.461,-33.1085],[117.461,-33.1045],[117.4917,-33.1051],[117.4917,-33.0977],[117.5003,-33.0977],[117.5003,-33.1022],[117.5054,-33.1022],[117.5054,-33.0931],[117.5126,-33.0931],[117.5097,-33.0721],[117.5322,-33.0721],[117.5322,-33.0641],[117.5639,-33.0631],[117.5639,-33.0427],[117.5573,-33.0427],[117.5573,-33.0318],[117.568,-33.0341],[117.5695,-33.0218],[117.5757,-33.0218],[117.5756,-33.0154],[117.5611,-33.0154],[117.5611,-33.0003],[117.572,-33.0003],[117.5723,-32.9931],[117.5654,-32.9931],[117.5654,-32.9841],[117.5727,-32.9841],[117.5727,-32.9723],[117.5695,-32.9723],[117.5695,-32.9458],[117.5657,-32.9428],[117.5657,-32.938],[117.5682,-32.9366],[117.5683,-32.924],[117.5742,-32.924],[117.5721,-32.8868],[117.5633,-32.8869],[117.5632,-32.8747],[117.5176,-32.877],[117.5176,-32.8687],[117.5134,-32.8687],[117.5135,-32.8782],[117.5067,-32.8782],[117.5067,-32.8735],[117.4865,-32.8734],[117.4854,-32.8627],[117.4811,-32.8627],[117.4811,-32.8576],[117.4783,-32.8576],[117.4783,-32.8391],[117.4516,-32.8391],[117.4516,-32.8336],[117.4221,-32.8359],[117.4222,-32.8168],[117.4106,-32.8169],[117.4106,-32.804],[117.3898,-32.804],[117.3893,-32.8267],[117.3811,-32.8283],[117.3811,-32.8391],[117.3386,-32.8496],[117.3386,-32.8587],[117.3229,-32.8568],[117.2877,-32.874],[117.2877,-32.8709],[117.2557,-32.8708],[117.2348,-32.8708],[117.2348,-32.874],[117.2211,-32.8663],[117.2211,-32.8716],[117.214,-32.8716],[117.214,-32.8832],[117.2211,-32.8832],[117.2211,-32.895],[117.1965,-32.895],[117.1969,-32.8907],[117.2055,-32.8907],[117.2055,-32.8625],[117.1864,-32.8625],[117.1887,-32.8709]]]}},{"type":"Feature","properties":{"lga_name":"Nedlands"},"geometry":{"type":"Polygon","coordinates":[[[115.7759,-31.9498],[115.7759,-31.9628],[115.7634,-31.9627],[115.762,-31.9548],[115.754,-31.9514],[115.7528,-31.982],[115.7668,-31.982],[115.767,-31.9737],[115.7717,-31.9739],[115.7717,-31.9703],[115.7916,-31.969],[115.7911,-31.9864],[115.7883,-31.9887],[115.7927,-31.9888],[115.7927,-31.9916],[115.7869,-31.9915],[115.7867,-31.9948],[115.7916,-32.0048],[115.8102,-32.0006],[115.8175,-31.9901],[115.8114,-31.9758],[115.8135,-31.9706],[115.811,-31.9672],[115.8139,-31.9644],[115.802,-31.964],[115.8075,-31.9563],[115.8049,-31.9553],[115.8041,-31.9443],[115.7918,-31.9442],[115.7918,-31.9478],[115.7877,-31.9498],[115.7759,-31.9498]]]}},{"type":"Feature","properties":{"lga_name":"Ngaanyatjarraku"},"geometry":{"type":"Polygon","coordinates":[[[124.668,-26.745],[128.3288,-26.7478],[129.0019,-26.745],[129.0005,-23.4403],[127.8159,-23.4403],[126.0013,-23.4491],[124.668,-23.4403],[124.668,-26.745]]]}},{"type":"Feature","properties":{"lga_name":"Northam"},"geometry":{"type":"Polygon","coordinates":[[[116.5024,-31.6611],[116.5185,-31.686],[116.4954,-31.686],[116.4759,-31.6963],[116.471,-31.6949],[116.4629,-31.6783],[116.4433,-31.6868],[116.4366,-31.6755],[116.4306,-31.6781],[116.427,-31.6719],[116.4179,-31.6758],[116.4232,-31.6849],[116.4232,-31.702],[116.3764,-31.702],[116.3764,-31.7092],[116.348,-31.7093],[116.348,-31.7485],[116.3381,-31.7535],[116.3382,-31.7627],[116.3458,-31.7627],[116.3452,-31.78],[116.3537,-31.78],[116.3537,-31.7836],[116.3562,-31.7836],[116.3478,-31.7878],[116.3498,-31.7909],[116.3469,-31.7965],[116.3378,-31.8056],[116.3496,-31.8111],[116.3608,-31.8073],[116.3608,-31.8149],[116.371,-31.8133],[116.3583,-31.8195],[116.3583,-31.8386],[116.3461,-31.8564],[116.3462,-31.9068],[116.5211,-31.9135],[116.5566,-31.8858],[116.5432,-31.8808],[116.5432,-31.8705],[116.5295,-31.86],[116.5152,-31.838],[116.5095,-31.8184],[116.5251,-31.8148],[116.5229,-31.8105],[116.5403,-31.8034],[116.5408,-31.8055],[116.5729,-31.8054],[116.5742,-31.8096],[116.6019,-31.7976],[116.5997,-31.7938],[116.7479,-31.7287],[116.7542,-31.7397],[116.7761,-31.7273],[116.7856,-31.7433],[116.8122,-31.7317],[116.8269,-31.7564],[116.8556,-31.744],[116.8593,-31.754],[116.8648,-31.7516],[116.8729,-31.7652],[116.8742,-31.7374],[116.9238,-31.7169],[116.9162,-31.7065],[116.9096,-31.7092],[116.9039,-31.6994],[116.9146,-31.6998],[116.9363,-31.6941],[116.9438,-31.707],[116.9531,-31.703],[116.9435,-31.6907],[116.9615,-31.683],[116.9561,-31.6739],[116.9478,-31.6775],[116.9493,-31.6651],[116.9404,-31.6506],[116.9435,-31.6473],[116.9394,-31.641],[116.9354,-31.6411],[116.9128,-31.6065],[116.886,-31.5609],[116.889,-31.5595],[116.8749,-31.5337],[116.8623,-31.539],[116.8572,-31.5301],[116.8479,-31.5309],[116.8449,-31.5257],[116.8603,-31.5192],[116.8531,-31.5066],[116.8626,-31.5026],[116.8552,-31.4896],[116.8291,-31.5024],[116.8188,-31.4845],[116.7862,-31.4993],[116.7837,-31.495],[116.7627,-31.5038],[116.7593,-31.498],[116.7497,-31.5019],[116.7425,-31.489],[116.739,-31.4904],[116.7373,-31.4876],[116.7353,-31.4885],[116.7373,-31.4919],[116.734,-31.4934],[116.7314,-31.4888],[116.6999,-31.4998],[116.6961,-31.4929],[116.6804,-31.4973],[116.6746,-31.4869],[116.6608,-31.4951],[116.6578,-31.49],[116.6529,-31.4921],[116.6506,-31.4881],[116.6002,-31.5081],[116.5895,-31.5165],[116.5988,-31.5325],[116.5878,-31.5371],[116.5959,-31.5511],[116.5795,-31.5596],[116.5868,-31.572],[116.4913,-31.6142],[116.5117,-31.6402],[116.4883,-31.6502],[116.5001,-31.6622],[116.5024,-31.6611]]]}},{"type":"Feature","properties":{"lga_name":"Northampton"},"geometry":{"type":"MultiPolygon","coordinates":[[[[114.1051,-27.8495],[114.1208,-27.887],[114.1389,-27.9442],[114.15,-27.9994],[114.1567,-28.0181],[114.1696,-28.0936],[114.176,-28.1123],[114.1957,-28.1256],[114.2283,-28.1667],[114.2395,-28.1868],[114.2528,-28.192],[114.2786,-28.2115],[114.3071,-28.2222],[114.3221,-28.2313],[114.341,-28.2667],[114.3557,-28.2839],[114.3748,-28.2985],[114.3759,-28.3048],[114.3848,-28.3162],[114.4053,-28.3353],[114.4089,-28.3425],[114.408,-28.3517],[114.4281,-28.377],[114.433,-28.3942],[114.4518,-28.4104],[114.4576,-28.4068],[114.4667,-28.4085],[114.4546,-28.4103],[114.5145,-28.4742],[114.5563,-28.5341],[114.56,-28.5439],[114.5733,-28.5341],[114.5712,-28.5289],[114.5832,-28.5206],[114.5855,-28.5254],[114.5969,-28.5254],[114.5964,-28.5307],[114.614,-28.5307],[114.6154,-28.5372],[114.6306,-28.5373],[114.6285,-28.52],[114.6315,-28.5199],[114.6308,-28.5093],[114.6267,-28.504],[114.6272,-28.4958],[114.6326,-28.4959],[114.6326,-28.499],[114.6451,-28.4992],[114.6452,-28.4905],[114.6673,-28.4908],[114.6673,-28.4821],[114.6788,-28.4809],[114.6794,-28.4562],[114.6877,-28.4562],[114.6877,-28.4409],[114.6796,-28.4409],[114.6795,-28.4374],[114.7241,-28.4373],[114.7241,-28.4219],[114.7425,-28.4219],[114.7368,-28.4131],[114.737,-28.4057],[114.7459,-28.4058],[114.7465,-28.3949],[114.7551,-28.3913],[114.7613,-28.3831],[114.782,-28.3725],[114.782,-28.354],[114.7905,-28.354],[114.7905,-28.3387],[114.796,-28.3387],[114.796,-28.2755],[114.7917,-28.2755],[114.7917,-28.2628],[114.7694,-28.2628],[114.7694,-28.2171],[114.984,-28.2169],[114.9893,-28.1687],[115.0209,-28.1609],[115.0393,-28.0469],[115.0393,-28.0242],[115.0518,-28.0242],[115.0518,-28.0061],[115.0575,-28.0061],[115.0589,-27.953],[115.0788,-27.9521],[115.1021,-27.9409],[115.12,-27.9425],[115.129,-27.9376],[115.1834,-27.9405],[115.1948,-27.9352],[115.2518,-27.9372],[115.2518,-27.9151],[115.2593,-27.9151],[115.2593,-27.818],[115.3292,-27.818],[115.3296,-27.6925],[115.399,-27.6926],[115.399,-27.6678],[115.4035,-27.6678],[115.4035,-27.5648],[115.3048,-27.5632],[115.3048,-27.539],[115.2289,-27.5389],[115.2289,-27.495],[115.2025,-27.495],[115.2025,-27.387],[115.2292,-27.387],[115.2292,-27.3031],[115.0694,-27.304],[114.7506,-27.2832],[114.4573,-27.2832],[114.4573,-27.2282],[114.2826,-27.2282],[114.2817,-27.2014],[114.2305,-27.2014],[114.2305,-27.1125],[114.0679,-27.1125],[114.0679,-27.23],[113.9652,-27.23],[114.0299,-27.3469],[114.1031,-27.4994],[114.1283,-27.5849],[114.1436,-27.6209],[114.1634,-27.707],[114.1657,-27.7063],[114.1639,-27.6985],[114.1685,-27.6972],[114.1725,-27.6876],[114.1656,-27.6681],[114.1735,-27.6589],[114.17,-27.6747],[114.1762,-27.6809],[114.1817,-27.6803],[114.1778,-27.6923],[114.1675,-27.7004],[114.1658,-27.7083],[114.158,-27.7084],[114.1523,-27.7328],[114.1461,-27.7351],[114.1441,-27.7439],[114.1392,-27.7448],[114.1331,-27.7634],[114.124,-27.7738],[114.1177,-27.793],[114.1196,-27.7996],[114.1118,-27.8171],[114.1079,-27.8472],[114.1051,-27.8495]]],[[[114.2771,-28.2141],[114.2774,-28.2143],[114.2774,-28.2142],[114.2771,-28.2141]]]]}},{"type":"Feature","properties":{"lga_name":"Nungarin"},"geometry":{"type":"Polygon","coordinates":[[[118.2508,-31.0569],[118.2238,-31.0064],[118.226,-31.0017],[118.2212,-31.0023],[118.2073,-31.0178],[118.2037,-31.0179],[118.2025,-31.0266],[118.1841,-31.0308],[118.1828,-31.0265],[118.1645,-31.0335],[118.1564,-31.0176],[118.1041,-31.0381],[118.1041,-31.049],[118.0798,-31.049],[118.0514,-31.0645],[118.0478,-31.0714],[118.033,-31.0781],[118.033,-31.0848],[118.0204,-31.0848],[118.0204,-31.0898],[118.0108,-31.0944],[118.0027,-31.1099],[117.9993,-31.1213],[117.9999,-31.1373],[117.9911,-31.1327],[117.9911,-31.1436],[118.0008,-31.1436],[117.9957,-31.1584],[117.9972,-31.1701],[117.9905,-31.1816],[117.985,-31.1832],[117.985,-31.1895],[117.9662,-31.2267],[117.9851,-31.2333],[117.9851,-31.2406],[117.955,-31.2406],[117.9556,-31.2818],[117.9339,-31.2688],[117.9288,-31.2766],[117.9369,-31.283],[117.9348,-31.2845],[117.9568,-31.295],[117.9545,-31.2987],[117.9493,-31.2962],[117.9381,-31.3134],[117.9444,-31.3164],[117.9344,-31.3339],[117.9731,-31.3371],[117.9731,-31.33],[117.9844,-31.3355],[117.9925,-31.323],[118.0153,-31.3339],[118.0773,-31.3335],[118.1202,-31.319],[118.1121,-31.294],[118.1121,-31.2775],[118.1494,-31.2774],[118.1728,-31.2705],[118.1873,-31.2702],[118.1794,-31.2633],[118.2826,-31.2633],[118.2827,-31.245],[118.2969,-31.245],[118.2969,-31.2376],[118.3194,-31.2286],[118.3093,-31.2177],[118.3093,-31.2108],[118.3175,-31.2125],[118.3227,-31.1938],[118.352,-31.1509],[118.3671,-31.1479],[118.393,-31.1531],[118.4335,-31.1397],[118.5052,-31.1377],[118.5054,-30.9371],[118.4354,-30.9371],[118.4354,-30.9846],[118.4301,-31.001],[118.4353,-31.0024],[118.4354,-31.0258],[118.3768,-31.0417],[118.3584,-31.0409],[118.3584,-31.0488],[118.3525,-31.0488],[118.3479,-31.0701],[118.275,-31.0436],[118.2567,-31.0587],[118.2508,-31.0569]]]}},{"type":"Feature","properties":{"lga_name":"Peppermint Grove"},"geometry":{"type":"Polygon","coordinates":[[[115.7662,-31.9934],[115.7592,-32.0038],[115.7747,-32.002],[115.7711,-32.0005],[115.7729,-31.9935],[115.7662,-31.9934]]]}},{"type":"Feature","properties":{"lga_name":"Perenjori"},"geometry":{"type":"Polygon","coordinates":[[[115.9678,-29.4056],[115.9679,-29.4644],[116.0178,-29.4642],[116.0182,-29.5158],[116.0538,-29.516],[116.0796,-29.5253],[116.076,-29.5289],[116.0835,-29.5289],[116.0836,-29.5499],[116.102,-29.5499],[116.1022,-29.5938],[116.1168,-29.5938],[116.1168,-29.6207],[116.1058,-29.6207],[116.1058,-29.6507],[116.1341,-29.6509],[116.1359,-29.6815],[116.1441,-29.6803],[116.1441,-29.7197],[116.163,-29.7175],[116.1631,-29.7492],[116.1797,-29.749],[116.18,-29.7636],[116.1881,-29.7636],[116.1881,-29.7732],[116.217,-29.7732],[116.217,-29.7636],[116.2459,-29.7635],[116.2463,-29.7913],[116.2732,-29.7913],[116.2714,-29.8005],[116.2915,-29.8036],[116.2967,-29.8003],[116.2946,-29.8038],[116.2967,-29.8148],[116.3052,-29.8148],[116.3052,-29.8202],[116.2898,-29.8202],[116.2908,-29.8337],[116.2954,-29.8338],[116.2952,-29.8603],[116.3076,-29.8602],[116.3079,-29.8954],[116.317,-29.8954],[116.317,-29.9044],[116.3203,-29.9044],[116.3223,-29.9111],[116.3223,-29.9256],[116.3455,-29.9256],[116.3455,-29.9294],[116.3536,-29.9294],[116.3536,-29.9219],[116.3578,-29.9219],[116.4501,-29.9241],[116.45,-29.9265],[116.463,-29.9267],[116.463,-29.9198],[116.5066,-29.9198],[116.5067,-29.9131],[116.5232,-29.913],[116.5221,-29.9042],[116.6055,-29.9074],[116.7462,-29.9074],[116.7401,-29.8968],[116.7587,-29.8883],[116.7529,-29.8782],[116.7689,-29.8711],[116.7797,-29.8894],[116.8183,-29.8898],[116.7966,-29.8786],[116.791,-29.8688],[116.7958,-29.8698],[116.8096,-29.8643],[116.8221,-29.8515],[116.8368,-29.8464],[116.8423,-29.8399],[116.8399,-29.8368],[116.8178,-29.8317],[116.7983,-29.806],[116.7928,-29.7897],[116.7952,-29.7724],[116.7902,-29.7485],[116.7921,-29.7433],[116.856,-29.7433],[116.856,-29.7734],[117.1009,-29.7734],[117.1015,-29.4421],[117.0289,-29.4421],[117.0289,-29.2621],[117.1531,-29.2621],[117.1531,-29.1864],[117.0318,-29.1864],[117.0318,-29.1429],[117.0516,-29.1429],[117.0516,-29.1218],[117.0648,-29.1218],[117.0648,-29.1],[117.0516,-29.1],[117.0516,-29.0618],[116.9592,-29.0618],[116.9592,-29.0709],[116.9335,-29.0709],[116.9335,-28.9604],[116.8389,-28.9609],[116.8383,-28.8658],[116.6258,-28.8664],[116.6269,-28.908],[116.5463,-28.9081],[116.5465,-29.0818],[116.4804,-29.0818],[116.4804,-29.0939],[116.491,-29.0939],[116.4909,-29.194],[116.3856,-29.1951],[116.3863,-29.2593],[116.314,-29.2598],[116.2922,-29.2663],[116.2922,-29.2626],[116.2735,-29.2626],[116.2735,-29.2743],[116.2585,-29.2743],[116.2533,-29.2775],[116.1178,-29.2871],[116.1197,-29.324],[115.9187,-29.3245],[115.918,-29.4058],[115.9678,-29.4056]]]}},{"type":"Feature","properties":{"lga_name":"Perth"},"geometry":{"type":"Polygon","coordinates":[[[115.844,-31.9414],[115.8183,-31.9646],[115.811,-31.9672],[115.8165,-31.9897],[115.8289,-31.9871],[115.8219,-31.9832],[115.8222,-31.9763],[115.8521,-31.959],[115.8783,-31.9663],[115.8768,-31.9691],[115.8878,-31.963],[115.8814,-31.9639],[115.8845,-31.9581],[115.8813,-31.9477],[115.869,-31.9499],[115.8519,-31.9421],[115.8504,-31.9457],[115.844,-31.9414]]]}},{"type":"Feature","properties":{"lga_name":"Pingelly"},"geometry":{"type":"Polygon","coordinates":[[[116.8787,-32.5395],[116.89,-32.5603],[116.9121,-32.5738],[116.9171,-32.5815],[116.91,-32.6038],[116.9043,-32.6555],[116.907,-32.6556],[116.9067,-32.6603],[116.9144,-32.6593],[116.9203,-32.6626],[116.9268,-32.6613],[116.9422,-32.6489],[116.9504,-32.6524],[116.9591,-32.6449],[116.9716,-32.6491],[116.976,-32.6404],[117.0045,-32.6358],[117.005,-32.6305],[117.0186,-32.6224],[117.0237,-32.6237],[117.0271,-32.6176],[117.0339,-32.6192],[117.0429,-32.612],[117.0497,-32.6111],[117.0449,-32.6043],[117.0512,-32.5989],[117.0556,-32.5999],[117.0575,-32.5963],[117.0688,-32.5974],[117.0688,-32.5856],[117.0723,-32.5856],[117.0723,-32.5896],[117.0837,-32.5897],[117.0867,-32.5938],[117.1161,-32.5934],[117.1161,-32.6019],[117.1226,-32.6019],[117.1254,-32.5934],[117.1656,-32.5945],[117.1656,-32.5918],[117.1764,-32.5919],[117.1764,-32.6006],[117.1863,-32.6006],[117.1863,-32.5899],[117.1956,-32.5899],[117.1956,-32.5966],[117.23,-32.5939],[117.23,-32.5985],[117.2346,-32.5985],[117.2346,-32.5958],[117.243,-32.5958],[117.243,-32.5903],[117.2502,-32.5903],[117.2502,-32.5936],[117.2808,-32.5934],[117.2808,-32.5905],[117.3054,-32.5882],[117.3218,-32.6135],[117.3267,-32.6106],[117.3373,-32.616],[117.3545,-32.616],[117.3545,-32.622],[117.3732,-32.622],[117.3732,-32.6162],[117.3681,-32.6162],[117.3849,-32.6046],[117.3877,-32.6076],[117.4175,-32.6076],[117.4177,-32.6119],[117.4349,-32.6119],[117.4349,-32.6179],[117.444,-32.6178],[117.444,-32.6112],[117.5026,-32.6132],[117.5144,-32.6146],[117.5144,-32.6178],[117.5521,-32.6178],[117.5521,-32.6033],[117.5806,-32.6033],[117.5806,-32.5924],[117.5737,-32.5924],[117.5732,-32.5127],[117.5688,-32.5127],[117.5688,-32.5078],[117.5623,-32.5077],[117.5621,-32.4992],[117.548,-32.5061],[117.5483,-32.5003],[117.5545,-32.5003],[117.5547,-32.4945],[117.5334,-32.4945],[117.5334,-32.4819],[117.5388,-32.4819],[117.5388,-32.4783],[117.5237,-32.4783],[117.5237,-32.474],[117.5203,-32.474],[117.5238,-32.4503],[117.5188,-32.4456],[117.5189,-32.4279],[117.4709,-32.4272],[117.4695,-32.4212],[117.4645,-32.4208],[117.4614,-32.4159],[117.4615,-32.4109],[117.4479,-32.4088],[117.448,-32.4055],[117.432,-32.4053],[117.4296,-32.402],[117.4166,-32.4021],[117.4167,-32.4098],[117.4049,-32.4098],[117.4049,-32.4138],[117.3862,-32.4139],[117.3489,-32.4139],[117.3489,-32.404],[117.3315,-32.4041],[117.3314,-32.4068],[117.3248,-32.4068],[117.3248,-32.4103],[117.3182,-32.4103],[117.2974,-32.401],[117.2973,-32.4068],[117.279,-32.4068],[117.279,-32.4117],[117.2632,-32.4081],[117.2632,-32.404],[117.2491,-32.4045],[117.2491,-32.4089],[117.2378,-32.4072],[117.2288,-32.4112],[117.2251,-32.4054],[117.206,-32.4112],[117.2006,-32.403],[117.1725,-32.4183],[117.1745,-32.4214],[117.1515,-32.4311],[117.155,-32.4364],[117.137,-32.4446],[117.1305,-32.4302],[117.1187,-32.436],[117.1171,-32.4334],[117.1003,-32.4389],[117.0474,-32.4617],[116.9886,-32.462],[116.9853,-32.4504],[116.9711,-32.4564],[116.9322,-32.4556],[116.9322,-32.4673],[116.9223,-32.4673],[116.9223,-32.4546],[116.8999,-32.4546],[116.9,-32.4523],[116.8746,-32.4502],[116.8417,-32.4531],[116.8417,-32.4609],[116.835,-32.4609],[116.8333,-32.4657],[116.8334,-32.4809],[116.8331,-32.4809],[116.8288,-32.4809],[116.8221,-32.4809],[116.8196,-32.4809],[116.8222,-32.4868],[116.856,-32.5215],[116.8603,-32.5303],[116.8787,-32.5395]]]}},{"type":"Feature","properties":{"lga_name":"Plantagenet"},"geometry":{"type":"Polygon","coordinates":[[[116.806,-34.6163],[116.8152,-34.625],[116.8059,-34.6242],[116.7973,-34.6331],[116.7994,-34.636],[116.8047,-34.6343],[116.8079,-34.6395],[116.8027,-34.6417],[116.7939,-34.638],[116.7918,-34.647],[116.7872,-34.65],[116.7886,-34.6527],[116.7848,-34.6533],[116.7864,-34.6585],[116.7909,-34.6598],[116.7925,-34.6682],[116.7977,-34.6661],[116.8207,-34.6733],[116.8268,-34.6705],[116.8353,-34.6727],[116.8397,-34.668],[116.8566,-34.6817],[116.8517,-34.6854],[116.8529,-34.6902],[116.8414,-34.693],[116.8408,-34.6997],[116.8371,-34.6992],[116.8413,-34.71],[116.8391,-34.7154],[116.8438,-34.7233],[116.8365,-34.7207],[116.8348,-34.7275],[116.8389,-34.7367],[116.8431,-34.7356],[116.8425,-34.7533],[117.3229,-34.7536],[117.3229,-34.7644],[117.3637,-34.7644],[117.3749,-34.7697],[117.4243,-34.767],[117.4467,-34.7691],[117.4566,-34.7675],[117.4497,-34.7642],[117.447,-34.7604],[117.4488,-34.759],[117.474,-34.7575],[117.474,-34.7611],[117.4881,-34.7636],[117.4882,-34.8306],[117.5646,-34.8299],[117.5678,-34.8424],[117.5704,-34.8424],[117.5704,-34.8374],[117.5851,-34.8374],[117.5851,-34.8424],[117.593,-34.8424],[117.593,-34.8392],[117.6073,-34.8392],[117.6073,-34.8348],[117.6183,-34.8348],[117.6183,-34.8428],[117.6238,-34.8428],[117.6238,-34.8402],[117.6791,-34.8397],[117.6791,-34.8362],[117.6893,-34.8362],[117.6895,-34.8401],[117.6997,-34.8401],[117.6997,-34.849],[117.706,-34.849],[117.706,-34.8435],[117.7427,-34.8406],[117.744,-34.8438],[117.7564,-34.8389],[117.7564,-34.8454],[117.8092,-34.8454],[117.8092,-34.8512],[117.8233,-34.8512],[117.8233,-34.8476],[117.8538,-34.8476],[117.8538,-34.8512],[117.8699,-34.8512],[117.8693,-34.8343],[117.8566,-34.8294],[117.8551,-34.8183],[117.909,-34.8181],[117.909,-34.7665],[117.9346,-34.7665],[117.9346,-34.7465],[117.9526,-34.7465],[117.953,-34.7499],[117.9563,-34.7499],[117.9574,-34.7632],[117.9662,-34.7623],[117.9697,-34.696],[117.9626,-34.6947],[117.9894,-34.6934],[117.9943,-34.6808],[118.0059,-34.6647],[118.0311,-34.6582],[118.0311,-34.6459],[118.0477,-34.6458],[118.0497,-34.6398],[118.0746,-34.6397],[118.0746,-34.6471],[118.0812,-34.6471],[118.0812,-34.6595],[118.0915,-34.6594],[118.0915,-34.6637],[118.2088,-34.6638],[118.2087,-34.5475],[118.262,-34.5473],[118.3214,-34.5307],[118.3203,-34.4975],[118.3242,-34.4975],[118.3234,-34.4863],[118.338,-34.4684],[118.346,-34.4684],[118.346,-34.4626],[118.3511,-34.4602],[118.3535,-34.434],[118.41,-34.4083],[118.4103,-34.405],[117.6829,-34.4046],[117.6758,-34.4055],[117.6757,-34.4114],[117.6329,-34.4139],[117.6329,-34.408],[117.6241,-34.408],[117.6241,-34.3998],[117.606,-34.3998],[117.606,-34.4029],[117.5777,-34.4029],[117.5761,-34.3991],[117.5643,-34.3991],[117.5643,-34.4018],[117.5319,-34.4015],[117.5319,-34.4084],[117.52,-34.4084],[117.52,-34.4017],[117.5074,-34.4017],[117.5074,-34.4291],[117.4837,-34.4289],[117.4837,-34.4436],[117.4736,-34.4379],[117.4736,-34.4626],[117.4223,-34.4631],[117.4223,-34.4765],[117.3526,-34.4764],[117.3526,-34.4498],[117.3194,-34.4493],[117.3194,-34.4539],[117.2918,-34.4539],[117.2851,-34.4569],[117.2869,-34.4641],[117.2665,-34.4641],[117.2657,-34.4405],[117.2241,-34.4405],[117.2241,-34.4548],[117.1916,-34.4548],[117.1888,-34.4646],[117.151,-34.4646],[117.1511,-34.4488],[116.9498,-34.4543],[116.9498,-34.444],[116.8943,-34.4441],[116.8932,-34.4841],[116.8893,-34.4835],[116.8829,-34.4889],[116.8853,-34.4922],[116.8824,-34.4986],[116.8717,-34.5],[116.8714,-34.5032],[116.8611,-34.5067],[116.8631,-34.5111],[116.8685,-34.5128],[116.8654,-34.5177],[116.8667,-34.5212],[116.8454,-34.5246],[116.8514,-34.5328],[116.843,-34.533],[116.8445,-34.5419],[116.8344,-34.5447],[116.8396,-34.5467],[116.8406,-34.5521],[116.8343,-34.5551],[116.8348,-34.5698],[116.8291,-34.5709],[116.8328,-34.5743],[116.8217,-34.5731],[116.8187,-34.5765],[116.8135,-34.5745],[116.8061,-34.5864],[116.809,-34.5887],[116.8002,-34.5935],[116.7971,-34.5902],[116.7966,-34.5944],[116.7935,-34.5952],[116.7973,-34.5981],[116.7954,-34.6008],[116.8012,-34.6042],[116.7999,-34.6081],[116.8052,-34.6109],[116.806,-34.6163]]]}},{"type":"Feature","properties":{"lga_name":"Port Hedland"},"geometry":{"type":"MultiPolygon","coordinates":[[[[118.7682,-20.2817],[118.7164,-20.3071],[118.6903,-20.3158],[118.6768,-20.3267],[118.6839,-20.3239],[118.6873,-20.3272],[118.6841,-20.326],[118.6787,-20.3303],[118.6787,-20.3399],[118.6767,-20.3375],[118.6657,-20.3429],[118.6745,-20.3323],[118.6679,-20.3288],[118.6551,-20.3311],[118.6673,-20.3253],[118.6418,-20.3125],[118.6384,-20.3063],[118.6404,-20.2985],[118.5982,-20.3083],[118.5941,-20.3044],[118.5964,-20.2893],[118.6004,-20.2908],[118.5978,-20.2866],[118.5952,-20.2905],[118.5902,-20.3027],[118.5913,-20.3078],[118.5772,-20.309],[118.573,-20.3162],[118.5885,-20.3246],[118.5871,-20.3272],[118.5918,-20.3297],[118.6068,-20.3246],[118.6156,-20.3265],[118.6242,-20.3332],[118.6251,-20.3295],[118.6296,-20.3344],[118.6238,-20.336],[118.616,-20.329],[118.6085,-20.3316],[118.62,-20.3419],[118.6173,-20.3424],[118.6056,-20.3312],[118.5874,-20.3354],[118.6029,-20.3491],[118.6128,-20.3476],[118.6031,-20.3515],[118.5967,-20.3449],[118.5942,-20.35],[118.5978,-20.353],[118.5959,-20.3545],[118.5934,-20.3519],[118.5928,-20.3449],[118.5793,-20.3377],[118.5794,-20.3454],[118.5832,-20.3506],[118.5786,-20.3577],[118.581,-20.35],[118.576,-20.3378],[118.5761,-20.3434],[118.5713,-20.3452],[118.5747,-20.3431],[118.5744,-20.328],[118.569,-20.3312],[118.5682,-20.3389],[118.563,-20.3354],[118.561,-20.3435],[118.5562,-20.3498],[118.552,-20.3463],[118.5534,-20.34],[118.5606,-20.341],[118.5561,-20.3344],[118.56,-20.3349],[118.5633,-20.3296],[118.5585,-20.3167],[118.5655,-20.3253],[118.5692,-20.324],[118.5654,-20.3181],[118.5697,-20.3204],[118.5704,-20.3197],[118.5637,-20.3108],[118.5674,-20.3087],[118.5689,-20.3009],[118.5737,-20.3016],[118.5682,-20.2942],[118.5263,-20.3054],[118.5383,-20.3074],[118.5473,-20.3049],[118.5573,-20.3136],[118.5481,-20.3106],[118.5468,-20.3209],[118.5405,-20.3217],[118.5406,-20.3276],[118.5469,-20.3328],[118.5449,-20.3379],[118.5423,-20.3382],[118.5451,-20.3315],[118.5339,-20.3312],[118.5366,-20.3244],[118.5309,-20.3239],[118.5396,-20.3192],[118.54,-20.3135],[118.5367,-20.3117],[118.5062,-20.3277],[118.5179,-20.3308],[118.5128,-20.3314],[118.5098,-20.3391],[118.5066,-20.3401],[118.511,-20.3464],[118.5064,-20.3488],[118.5045,-20.3405],[118.5107,-20.3306],[118.491,-20.3343],[118.4866,-20.3305],[118.495,-20.3281],[118.4875,-20.326],[118.4794,-20.3292],[118.4857,-20.34],[118.4936,-20.3406],[118.4959,-20.3436],[118.4958,-20.3468],[118.4893,-20.351],[118.493,-20.3436],[118.4865,-20.3436],[118.4775,-20.3495],[118.4775,-20.3464],[118.4699,-20.3449],[118.4558,-20.3351],[118.4489,-20.3372],[118.4503,-20.3467],[118.4445,-20.3421],[118.428,-20.3447],[118.4342,-20.3413],[118.4391,-20.3428],[118.4396,-20.3385],[118.4169,-20.3396],[118.4121,-20.3442],[118.4151,-20.3454],[118.4089,-20.3492],[118.4116,-20.3611],[118.4038,-20.3643],[118.4094,-20.3585],[118.4006,-20.3486],[118.3913,-20.3475],[118.386,-20.3521],[118.3835,-20.3497],[118.3791,-20.3514],[118.3761,-20.3567],[118.3808,-20.362],[118.3792,-20.3696],[118.379,-20.3612],[118.3723,-20.3583],[118.3729,-20.3513],[118.3687,-20.3514],[118.3692,-20.3662],[118.3636,-20.374],[118.3587,-20.3584],[118.3518,-20.3581],[118.3465,-20.3631],[118.3441,-20.3601],[118.3493,-20.3574],[118.3459,-20.3559],[118.3536,-20.3553],[118.3448,-20.3423],[118.3461,-20.3299],[118.3279,-20.341],[118.2888,-20.3486],[118.2903,-20.3508],[118.3035,-20.3494],[118.3105,-20.3562],[118.3154,-20.3547],[118.3165,-20.3557],[118.3183,-20.3654],[118.3148,-20.3561],[118.3104,-20.3583],[118.3101,-20.3626],[118.3084,-20.3643],[118.3076,-20.3562],[118.2978,-20.3516],[118.2926,-20.3539],[118.295,-20.3551],[118.2942,-20.3601],[118.2891,-20.3607],[118.2835,-20.3674],[118.2819,-20.364],[118.2859,-20.3633],[118.281,-20.3534],[118.2573,-20.3589],[118.2583,-20.3628],[118.2524,-20.3696],[118.2572,-20.3777],[118.2442,-20.3698],[118.2411,-20.3744],[118.236,-20.3752],[118.2402,-20.3719],[118.2327,-20.3681],[118.2252,-20.3669],[118.2155,-20.3709],[118.2247,-20.3706],[118.2139,-20.3732],[118.2004,-20.3897],[118.1962,-20.4038],[118.1989,-20.3855],[118.2014,-20.3864],[118.202,-20.3814],[118.2067,-20.3798],[118.2055,-20.3764],[118.1777,-20.3799],[118.1746,-20.3845],[118.1661,-20.3852],[118.1651,-20.3829],[118.1642,-20.3747],[118.1695,-20.369],[118.1843,-20.365],[118.1934,-20.3692],[118.1924,-20.3715],[118.1982,-20.3695],[118.1782,-20.3604],[118.1801,-20.3581],[118.1862,-20.358],[118.1959,-20.3656],[118.1975,-20.3638],[118.1998,-20.3689],[118.1976,-20.3612],[118.1841,-20.356],[118.1874,-20.3552],[118.1837,-20.3467],[118.176,-20.3549],[118.1823,-20.354],[118.1821,-20.356],[118.1723,-20.3591],[118.173,-20.3509],[118.1848,-20.3456],[118.19,-20.3556],[118.2002,-20.3601],[118.1955,-20.3504],[118.1967,-20.3379],[118.1816,-20.3364],[118.1609,-20.3579],[118.1094,-20.3885],[118.1067,-20.398],[118.1098,-20.4011],[118.1035,-20.4004],[118.1054,-20.3951],[118.1032,-20.3948],[118.0702,-20.4158],[118.0505,-20.4218],[118.0387,-20.4415],[118.0178,-20.4587],[117.9923,-20.4722],[117.9525,-20.4792],[117.9596,-20.4799],[117.9561,-20.4811],[117.9575,-20.4853],[117.9629,-20.4867],[117.9653,-20.4911],[117.9616,-20.4877],[117.9557,-20.4884],[117.9481,-20.4779],[117.9409,-20.4799],[117.9422,-20.5109],[117.9379,-20.5115],[117.9315,-20.5266],[117.9429,-20.5305],[117.9428,-20.5238],[117.9504,-20.5159],[117.9494,-20.5104],[117.9617,-20.5066],[117.9514,-20.5116],[117.9534,-20.5161],[117.9484,-20.52],[117.9592,-20.517],[117.9484,-20.5226],[117.9469,-20.5327],[117.9427,-20.5368],[117.9532,-20.5393],[117.9597,-20.5468],[117.9652,-20.5417],[117.9618,-20.5389],[117.9624,-20.5344],[117.9715,-20.5315],[117.9697,-20.5278],[117.971,-20.5252],[117.9735,-20.5315],[117.9643,-20.5367],[117.967,-20.5408],[117.9641,-20.5469],[117.9677,-20.548],[117.969,-20.5434],[117.9728,-20.5417],[117.9718,-20.5472],[117.975,-20.5505],[117.9706,-20.5484],[117.9706,-20.5444],[117.969,-20.5486],[117.9593,-20.5494],[117.9602,-20.562],[117.9578,-20.5478],[117.9454,-20.5462],[117.9486,-20.5487],[117.9495,-20.5518],[117.9461,-20.5504],[117.9444,-20.5579],[117.9404,-20.559],[117.9433,-20.5604],[117.9418,-20.567],[117.9391,-20.5634],[117.9409,-20.5607],[117.9345,-20.5585],[117.9356,-20.5557],[117.9438,-20.5568],[117.9413,-20.5467],[117.9354,-20.5442],[117.9333,-20.5466],[117.9346,-20.5427],[117.9272,-20.5422],[117.9291,-20.5407],[117.9198,-20.5436],[117.9142,-20.5471],[117.9123,-20.5555],[117.9163,-20.5584],[117.9205,-20.5569],[117.9246,-20.561],[117.9185,-20.5588],[117.9146,-20.5627],[117.9303,-20.5709],[117.9203,-20.5667],[117.9115,-20.5742],[117.9122,-20.5766],[117.9087,-20.5755],[117.9159,-20.5673],[117.9052,-20.5612],[117.9001,-20.5616],[117.906,-20.5594],[117.9033,-20.5537],[117.8965,-20.5535],[117.8901,-20.5582],[117.8953,-20.5518],[117.89,-20.5496],[117.8817,-20.552],[117.8718,-20.5611],[117.871,-20.5718],[117.8787,-20.5756],[117.8784,-20.5811],[117.8851,-20.5741],[117.8914,-20.573],[117.8847,-20.5783],[117.8898,-20.5785],[117.898,-20.5853],[117.8935,-20.5857],[117.8884,-20.5794],[117.8858,-20.582],[117.8822,-20.5796],[117.8765,-20.5824],[117.8743,-20.5795],[117.8675,-20.5819],[117.8594,-20.5974],[117.86,-20.604],[117.8652,-20.6051],[117.8646,-20.6075],[117.86,-20.6113],[117.8581,-20.6056],[117.8541,-20.606],[117.8545,-20.6084],[117.8141,-20.6321],[117.7961,-20.6479],[117.7942,-20.6556],[117.7828,-20.6544],[117.7743,-20.6642],[117.7758,-20.6679],[117.7819,-20.6674],[117.7851,-20.6719],[117.7927,-20.6694],[117.7957,-20.6754],[117.8074,-20.6729],[117.9292,-20.6742],[117.9292,-20.7942],[118.0094,-20.7942],[118.0094,-20.8253],[118.0713,-20.8253],[118.0713,-20.8295],[118.091,-20.8295],[118.0911,-20.8382],[118.1452,-20.8043],[118.1858,-20.8043],[118.1858,-20.8541],[118.1604,-20.8541],[118.1604,-20.8749],[118.2119,-20.8749],[118.2119,-20.9265],[118.2043,-20.9265],[118.2043,-21.0805],[118.0157,-21.0805],[118.0157,-21.2391],[118.0695,-21.2391],[118.0695,-21.2965],[118.1465,-21.2965],[118.1465,-21.3452],[118.111,-21.3452],[118.111,-21.4166],[118.0854,-21.4166],[118.0854,-21.4792],[118.156,-21.4792],[118.156,-21.387],[118.2051,-21.387],[118.2051,-21.49],[118.2309,-21.49],[118.2309,-21.5301],[118.1991,-21.5301],[118.1991,-21.6081],[118.2535,-21.6081],[118.2535,-21.6845],[118.3697,-21.6845],[118.3697,-21.6577],[118.5022,-21.6577],[118.5022,-21.6962],[118.5511,-21.6962],[118.5511,-21.7688],[118.5318,-21.7688],[118.5318,-21.8098],[118.5884,-21.8098],[118.5884,-21.9604],[118.7473,-21.9603],[118.7473,-22.0013],[119.0101,-22.0013],[119.0113,-21.9829],[119.0007,-21.9621],[119.0007,-21.9115],[119.0623,-21.9115],[119.0623,-21.8241],[119.1811,-21.8241],[119.1811,-21.6656],[119.1223,-21.6656],[119.1223,-21.5691],[119.0569,-21.5691],[119.0569,-21.4892],[119.0626,-21.4892],[119.0626,-21.373],[118.8927,-21.373],[118.8318,-21.2381],[118.8375,-21.2203],[118.8377,-21.1748],[118.831,-21.1567],[118.8156,-21.1383],[118.8012,-21.1383],[118.8012,-21.1332],[118.6968,-21.1332],[118.6968,-20.9144],[118.8281,-20.9148],[118.8283,-20.8564],[118.8201,-20.8565],[118.8201,-20.8118],[118.9156,-20.8119],[118.9157,-20.6324],[118.9939,-20.6324],[118.994,-20.6228],[118.9882,-20.6229],[118.988,-20.5898],[119.1844,-20.5898],[119.1844,-20.5828],[119.391,-20.5828],[119.391,-20.3648],[119.512,-20.3648],[119.512,-20.0458],[119.4885,-20.025],[119.4903,-20.018],[119.4749,-20.0127],[119.471,-20.0057],[119.4698,-20.0113],[119.4661,-20.0133],[119.4429,-20.0172],[119.4389,-20.0161],[119.44,-20.0119],[119.4296,-20.0014],[119.4152,-19.9945],[119.4069,-19.9991],[119.3855,-19.9988],[119.3819,-20.0048],[119.3744,-20.0037],[119.3717,-20.0081],[119.3686,-20.0073],[119.3736,-20.0029],[119.3796,-20.0031],[119.3812,-19.9964],[119.3734,-19.9915],[119.3383,-19.9862],[119.3208,-19.9904],[119.3224,-19.9875],[119.2725,-19.977],[119.2752,-19.9751],[119.2583,-19.9721],[119.2426,-19.9645],[119.2415,-19.9711],[119.2449,-19.9676],[119.2484,-19.9706],[119.2449,-19.9686],[119.2437,-19.972],[119.24,-19.9717],[119.2394,-19.9628],[119.2361,-19.9601],[119.2183,-19.9532],[119.202,-19.9513],[119.1853,-19.9514],[119.1716,-19.9566],[119.1731,-19.9626],[119.1679,-19.9886],[119.1762,-19.9945],[119.1763,-19.9992],[119.1725,-19.9921],[119.1681,-19.9919],[119.1721,-20.0077],[119.2126,-20.0193],[119.2071,-20.0237],[119.1957,-20.0195],[119.1901,-20.0206],[119.1684,-20.0152],[119.1587,-20.0041],[119.1592,-20.0112],[119.1508,-19.9829],[119.1387,-19.9725],[119.1187,-19.9617],[119.0997,-19.9593],[119.0883,-19.9704],[119.0875,-19.9799],[119.0895,-19.9807],[119.0913,-19.984],[119.0935,-19.9818],[119.0937,-19.9885],[119.0901,-19.9887],[119.092,-19.9909],[119.0683,-20.0154],[119.0535,-20.0232],[119.0431,-20.0219],[119.04,-20.0245],[119.042,-20.0274],[119.0371,-20.026],[119.0222,-20.0313],[119.0265,-20.0266],[119.0122,-20.0336],[118.9938,-20.0358],[118.9854,-20.0552],[118.9786,-20.0898],[118.9591,-20.127],[118.9409,-20.1448],[118.9091,-20.1579],[118.8965,-20.1678],[118.8673,-20.2091],[118.8603,-20.2253],[118.8607,-20.2275],[118.8626,-20.2214],[118.865,-20.2364],[118.8782,-20.2425],[118.8715,-20.2537],[118.8753,-20.2593],[118.8827,-20.2611],[118.8738,-20.2602],[118.8695,-20.2534],[118.8719,-20.247],[118.8761,-20.2449],[118.8745,-20.2423],[118.863,-20.2386],[118.8513,-20.2255],[118.8421,-20.2306],[118.8353,-20.2453],[118.8398,-20.2483],[118.8327,-20.2499],[118.8298,-20.2589],[118.841,-20.2653],[118.8447,-20.2614],[118.8473,-20.2623],[118.8406,-20.2661],[118.8324,-20.2623],[118.8288,-20.2652],[118.8278,-20.2727],[118.8428,-20.2804],[118.8493,-20.2895],[118.8603,-20.2821],[118.8554,-20.2902],[118.8463,-20.2897],[118.8408,-20.2821],[118.8226,-20.276],[118.8206,-20.2863],[118.8244,-20.2855],[118.8209,-20.2878],[118.8185,-20.2858],[118.8215,-20.2815],[118.8201,-20.278],[118.8054,-20.2815],[118.8048,-20.2837],[118.8082,-20.2842],[118.8059,-20.2881],[118.8067,-20.2847],[118.8043,-20.2855],[118.7978,-20.2789],[118.7801,-20.283],[118.7682,-20.2817]]],[[[119.0972,-19.5869],[119.1001,-19.5926],[119.0985,-19.5838],[119.0972,-19.5869]]],[[[117.7535,-20.5911],[117.7605,-20.5894],[117.768,-20.5849],[117.7564,-20.5888],[117.7535,-20.5911]]],[[[118.85,-20.2234],[118.853,-20.2247],[118.85,-20.2222],[118.85,-20.2234]]],[[[118.8071,-20.0195],[118.8106,-20.0184],[118.8067,-20.018],[118.8071,-20.0195]]],[[[118.8925,-19.8882],[118.9009,-19.8939],[118.9021,-19.8907],[118.8946,-19.886],[118.8925,-19.8882]]],[[[117.7751,-20.5898],[117.7814,-20.5869],[117.7719,-20.5824],[117.7697,-20.5845],[117.7751,-20.5898]]],[[[117.8458,-20.5392],[117.8624,-20.5321],[117.8742,-20.5162],[117.8539,-20.5286],[117.8458,-20.5392]]],[[[117.9182,-20.4768],[117.9251,-20.4747],[117.9308,-20.4645],[117.9265,-20.4665],[117.9182,-20.4768]]],[[[117.9273,-20.4726],[117.9324,-20.4745],[117.9316,-20.4706],[117.9273,-20.4726]]],[[[117.9581,-20.4752],[117.9609,-20.4752],[117.9611,-20.4745],[117.9581,-20.4752]]],[[[117.9552,-20.4866],[117.9564,-20.4855],[117.9558,-20.4853],[117.9552,-20.4866]]],[[[117.9621,-20.5484],[117.9635,-20.5484],[117.9633,-20.5479],[117.9621,-20.5484]]],[[[117.9535,-20.4769],[117.9541,-20.4756],[117.9532,-20.4757],[117.9535,-20.4769]]],[[[117.9523,-20.4774],[117.953,-20.4774],[117.9524,-20.4769],[117.9523,-20.4774]]],[[[119.4404,-20.0084],[119.4425,-20.0084],[119.4422,-20.0066],[119.4404,-20.0084]]],[[[119.4934,-20.0135],[119.4974,-20.0117],[119.4977,-20.0108],[119.4967,-20.0108],[119.4934,-20.0135]]],[[[119.0883,-19.9823],[119.0892,-19.9825],[119.0886,-19.981],[119.0883,-19.9823]]],[[[118.5027,-20.3212],[118.5107,-20.3238],[118.5168,-20.3208],[118.5206,-20.314],[118.5277,-20.3121],[118.5235,-20.3084],[118.5052,-20.3112],[118.4996,-20.3157],[118.5027,-20.3212]]],[[[118.4578,-20.3223],[118.4604,-20.3221],[118.4654,-20.318],[118.4605,-20.3184],[118.4578,-20.3223]]],[[[118.2032,-20.368],[118.2035,-20.3649],[118.2002,-20.3615],[118.1999,-20.3619],[118.2032,-20.368]]]]}},{"type":"Feature","properties":{"lga_name":"Quairading"},"geometry":{"type":"Polygon","coordinates":[[[117.2328,-32.0926],[117.2271,-32.0972],[117.2271,-32.1103],[117.2196,-32.1104],[117.2255,-32.1196],[117.2388,-32.1195],[117.2385,-32.1458],[117.2441,-32.1547],[117.2382,-32.1547],[117.2381,-32.165],[117.247,-32.1793],[117.2411,-32.1819],[117.2456,-32.1892],[117.2413,-32.191],[117.2442,-32.1958],[117.2392,-32.198],[117.2472,-32.211],[117.2396,-32.2144],[117.2396,-32.2283],[117.2668,-32.2262],[117.2717,-32.2285],[117.2731,-32.2341],[117.2776,-32.2341],[117.2754,-32.2303],[117.2806,-32.2268],[117.2828,-32.2298],[117.3103,-32.2298],[117.3103,-32.2332],[117.3166,-32.2297],[117.3163,-32.2207],[117.3348,-32.2203],[117.3351,-32.2276],[117.3634,-32.2252],[117.3653,-32.2283],[117.3718,-32.2282],[117.3746,-32.2272],[117.3747,-32.2219],[117.3916,-32.2215],[117.3915,-32.2182],[117.3953,-32.2181],[117.3953,-32.2215],[117.4119,-32.2213],[117.4121,-32.2261],[117.4284,-32.226],[117.4284,-32.2012],[117.4632,-32.2028],[117.4632,-32.1972],[117.4815,-32.1972],[117.4814,-32.2031],[117.5278,-32.1995],[117.5279,-32.2031],[117.5535,-32.2051],[117.5534,-32.1977],[117.5803,-32.1958],[117.5801,-32.1889],[117.6222,-32.1885],[117.6222,-32.1753],[117.6294,-32.1764],[117.6295,-32.1671],[117.6393,-32.1681],[117.6333,-32.1621],[117.6754,-32.1621],[117.6752,-32.1512],[117.6838,-32.1512],[117.6838,-32.1439],[117.6753,-32.1439],[117.6753,-32.1199],[117.6692,-32.1199],[117.6692,-32.1061],[117.6763,-32.1061],[117.6763,-32.0971],[117.6795,-32.0948],[117.702,-32.0948],[117.702,-32.0888],[117.7058,-32.0888],[117.7058,-32.075],[117.7091,-32.075],[117.7091,-32.0664],[117.6998,-32.0664],[117.6978,-32.0042],[117.7042,-32.0042],[117.7042,-31.9895],[117.6956,-31.9895],[117.6939,-31.9682],[117.6863,-31.9682],[117.6863,-31.9499],[117.6733,-31.9499],[117.6783,-31.9326],[117.6781,-31.819],[117.6625,-31.8193],[117.6489,-31.8139],[117.6342,-31.8152],[117.6266,-31.8192],[117.6095,-31.8192],[117.6095,-31.822],[117.5978,-31.822],[117.5978,-31.8255],[117.5872,-31.8255],[117.5872,-31.8311],[117.5841,-31.8311],[117.5841,-31.8265],[117.5739,-31.8265],[117.5739,-31.8295],[117.55,-31.8296],[117.55,-31.8377],[117.5389,-31.8377],[117.5389,-31.841],[117.4966,-31.8405],[117.4845,-31.8388],[117.4846,-31.8286],[117.4719,-31.8286],[117.4717,-31.8197],[117.4625,-31.8197],[117.4625,-31.8255],[117.4454,-31.8257],[117.4454,-31.8207],[117.428,-31.8207],[117.428,-31.8079],[117.3947,-31.8039],[117.3887,-31.8051],[117.3909,-31.8141],[117.3271,-31.8418],[117.3265,-31.8448],[117.3251,-31.8423],[117.3183,-31.8451],[117.3155,-31.8395],[117.3088,-31.8423],[117.3113,-31.8468],[117.2886,-31.8562],[117.2806,-31.8459],[117.2716,-31.85],[117.2656,-31.8403],[117.2619,-31.842],[117.2558,-31.8322],[117.2605,-31.83],[117.2566,-31.8236],[117.2437,-31.8285],[117.2437,-31.8221],[117.2358,-31.8252],[117.2358,-31.8178],[117.2279,-31.8178],[117.2286,-31.7951],[117.1854,-31.7955],[117.1854,-31.798],[117.1755,-31.798],[117.1755,-31.8012],[117.1541,-31.8012],[117.1542,-31.8086],[117.1342,-31.8173],[117.1583,-31.8566],[117.1474,-31.8616],[117.1356,-31.8626],[117.1414,-31.8718],[117.111,-31.8853],[117.1184,-31.8946],[117.1262,-31.891],[117.136,-31.9069],[117.1387,-31.9057],[117.1418,-31.9106],[117.0964,-31.9305],[117.1051,-31.945],[117.0963,-31.9488],[117.0996,-31.9544],[117.0876,-31.9595],[117.092,-31.967],[117.0882,-31.9686],[117.0934,-31.971],[117.0996,-31.9818],[117.1057,-31.9792],[117.1089,-31.9841],[117.115,-31.9815],[117.1195,-31.9864],[117.1282,-31.9802],[117.1376,-31.9806],[117.1396,-31.9839],[117.1438,-31.9821],[117.1509,-31.9934],[117.1579,-31.9904],[117.1607,-31.9949],[117.1658,-31.9927],[117.1679,-31.9962],[117.1723,-31.9947],[117.1772,-32.0029],[117.1952,-32.0068],[117.2044,-32.0217],[117.2115,-32.0236],[117.2143,-32.0282],[117.2107,-32.0299],[117.2164,-32.0358],[117.2278,-32.0308],[117.2313,-32.0372],[117.2275,-32.0389],[117.2355,-32.052],[117.2303,-32.0542],[117.2384,-32.0678],[117.2309,-32.0728],[117.2328,-32.0926]]]}},{"type":"Feature","properties":{"lga_name":"Ravensthorpe"},"geometry":{"type":"MultiPolygon","coordinates":[[[[119.7715,-33.3883],[119.6783,-33.329],[119.5432,-33.4477],[119.4525,-33.5117],[119.4424,-33.5251],[119.5402,-33.5776],[119.5106,-33.6178],[119.492,-33.6349],[119.4815,-33.6563],[119.4404,-33.7107],[119.4552,-33.741],[119.4443,-33.7443],[119.4444,-33.7578],[119.431,-33.7633],[119.4485,-33.8032],[119.4558,-33.8008],[119.4976,-33.8034],[119.4976,-34.2883],[119.5037,-34.288],[119.5153,-34.2548],[119.5349,-34.2213],[119.5531,-34.1998],[119.588,-34.1706],[119.5786,-34.1671],[119.5785,-34.1601],[119.5826,-34.1511],[119.5973,-34.1347],[119.6207,-34.1192],[119.6402,-34.1127],[119.6335,-34.1089],[119.635,-34.1009],[119.6554,-34.0849],[119.6747,-34.0784],[119.6812,-34.0814],[119.6876,-34.0786],[119.6911,-34.0719],[119.6985,-34.0713],[119.7109,-34.0617],[119.7239,-34.0586],[119.7338,-34.0608],[119.7384,-34.0545],[119.7435,-34.0527],[119.7433,-34.0475],[119.7495,-34.0454],[119.7504,-34.0408],[119.7666,-34.0379],[119.7759,-34.0281],[119.782,-34.0265],[119.7881,-34.0137],[119.786,-34.0095],[119.788,-34.0054],[119.8,-33.9989],[119.8032,-33.9909],[119.816,-33.9871],[119.8167,-33.9833],[119.8212,-33.985],[119.8234,-33.9813],[119.8444,-33.9724],[119.8472,-33.9746],[119.8506,-33.9698],[119.8772,-33.9723],[119.8829,-33.9693],[119.9205,-33.9683],[119.9295,-33.9714],[119.9289,-33.9767],[119.9445,-33.9748],[119.9444,-33.9779],[119.9531,-33.9695],[119.9657,-33.9635],[119.9675,-33.9561],[119.9756,-33.953],[119.9841,-33.9547],[119.9914,-33.9359],[120.0113,-33.9368],[120.0439,-33.9231],[120.067,-33.9311],[120.0763,-33.9311],[120.0925,-33.9394],[120.1131,-33.9448],[120.1192,-33.9525],[120.1262,-33.9518],[120.1266,-33.9545],[120.1338,-33.9467],[120.1499,-33.945],[120.1767,-33.9348],[120.2311,-33.9324],[120.3147,-33.9421],[120.3993,-33.9607],[120.4366,-33.9719],[120.4472,-33.9635],[120.4664,-33.9675],[120.4703,-33.9663],[120.4715,-33.9566],[120.4947,-33.9532],[120.518,-33.9354],[120.5506,-33.9252],[120.5585,-33.9264],[120.5623,-33.9204],[120.5564,-33.9185],[120.5531,-33.9035],[120.5666,-33.894],[120.5847,-33.8882],[120.6022,-33.8859],[120.6393,-33.8917],[120.6489,-33.8861],[120.6719,-33.885],[120.7133,-33.8932],[120.7887,-33.8867],[120.7917,-33.8778],[120.79,-33.8724],[120.7862,-33.871],[120.7925,-33.8595],[120.7898,-33.8562],[120.7873,-33.8593],[120.7819,-33.8572],[120.7848,-33.8556],[120.7831,-33.8525],[120.787,-33.8428],[120.7945,-33.8349],[120.7921,-33.8184],[120.7963,-33.8111],[120.8054,-33.8161],[120.8076,-33.8139],[120.8057,-33.8081],[120.8192,-33.8063],[120.825,-33.7997],[120.8237,-33.7961],[120.828,-33.7923],[120.8349,-33.7924],[120.8382,-33.7839],[120.8471,-33.778],[120.8503,-33.7679],[120.8586,-33.7664],[120.859,-33.7614],[120.8514,-33.7533],[120.859,-33.7364],[120.8641,-33.735],[120.8623,-33.7329],[120.8654,-33.7327],[120.866,-33.7281],[120.8759,-33.7188],[120.868,-33.7143],[120.8728,-33.7136],[120.8704,-33.7101],[120.8733,-33.7067],[120.8663,-33.7064],[120.8662,-33.6982],[120.8597,-33.6874],[120.8621,-33.6804],[120.8585,-33.6785],[120.8569,-33.6704],[120.8522,-33.6689],[120.8542,-33.6568],[120.833,-33.6328],[120.8311,-33.6292],[120.8341,-33.6224],[120.8304,-33.6146],[120.8236,-33.6097],[120.8268,-33.586],[120.8264,-33.5807],[120.8217,-33.5789],[120.8239,-33.5743],[120.8171,-33.5698],[120.8153,-33.5598],[120.7878,-33.5506],[120.8026,-33.5428],[120.7887,-33.5182],[120.7655,-33.4533],[120.7595,-33.4552],[120.745,-33.4217],[120.7801,-33.4055],[120.7717,-33.3692],[120.7721,-33.2544],[120.7501,-33.246],[120.7378,-33.2308],[120.7245,-33.2221],[120.687,-33.2152],[120.6648,-33.215],[120.6028,-33.2301],[120.5105,-33.2438],[120.4495,-33.2136],[120.3926,-33.2031],[120.2804,-33.1625],[120.245,-33.1611],[120.2101,-33.1488],[120.1273,-33.1071],[120.0853,-33.079],[120.0275,-33.0804],[120.0612,-33.1192],[119.9722,-33.1676],[119.9793,-33.1773],[119.9794,-33.2379],[120.0027,-33.2379],[120.0027,-33.2539],[119.943,-33.2908],[119.8492,-33.342],[119.8531,-33.345],[119.8198,-33.3445],[119.8057,-33.3506],[119.7715,-33.3883]]],[[[119.783,-34.0342],[119.785,-34.0404],[119.7877,-34.0337],[119.783,-34.0342]]],[[[119.7645,-34.0389],[119.7653,-34.0389],[119.7645,-34.0386],[119.7645,-34.0389]]],[[[119.7656,-34.0386],[119.7658,-34.0383],[119.7651,-34.0385],[119.7656,-34.0386]]],[[[119.7374,-34.0563],[119.7389,-34.0568],[119.7391,-34.0561],[119.7374,-34.0563]]],[[[119.6881,-34.0782],[119.6889,-34.0786],[119.689,-34.0779],[119.6881,-34.0782]]],[[[120.735,-33.8987],[120.7353,-33.9002],[120.7359,-33.8991],[120.735,-33.8987]]],[[[120.6923,-33.8956],[120.6915,-33.8968],[120.6915,-33.898],[120.6923,-33.8956]]],[[[120.6387,-33.8941],[120.6394,-33.8944],[120.64,-33.894],[120.6387,-33.8941]]],[[[120.6598,-33.8892],[120.66,-33.8895],[120.6601,-33.8891],[120.6598,-33.8892]]],[[[120.117,-33.957],[120.1159,-33.9559],[120.1159,-33.9566],[120.117,-33.957]]]]}},{"type":"Feature","properties":{"lga_name":"Rockingham"},"geometry":{"type":"MultiPolygon","coordinates":[[[[115.7478,-32.4556],[115.8014,-32.4556],[115.8014,-32.4526],[115.8275,-32.4582],[115.8315,-32.4446],[115.8577,-32.4446],[115.8577,-32.4062],[115.83,-32.4055],[115.8356,-32.3956],[115.8356,-32.3789],[115.8522,-32.3687],[115.852,-32.3525],[115.8552,-32.3463],[115.8752,-32.3326],[115.8897,-32.2921],[115.8841,-32.2904],[115.8736,-32.2788],[115.8424,-32.2724],[115.8128,-32.2873],[115.7977,-32.2865],[115.7883,-32.2771],[115.7884,-32.2693],[115.7852,-32.2691],[115.7853,-32.2491],[115.7573,-32.2501],[115.7367,-32.2697],[115.7244,-32.2768],[115.7058,-32.2759],[115.6991,-32.2738],[115.6996,-32.2684],[115.6982,-32.272],[115.6986,-32.2692],[115.6847,-32.266],[115.6857,-32.2713],[115.6922,-32.2723],[115.702,-32.2824],[115.7015,-32.3052],[115.7133,-32.3049],[115.729,-32.3094],[115.741,-32.3237],[115.7435,-32.3445],[115.7394,-32.3583],[115.7316,-32.366],[115.7129,-32.371],[115.7302,-32.3854],[115.7439,-32.4035],[115.7499,-32.4348],[115.7478,-32.4556]]],[[[115.6903,-32.3018],[115.69,-32.3091],[115.6947,-32.3054],[115.6903,-32.3018]]],[[[115.6896,-32.2927],[115.6911,-32.2928],[115.6908,-32.2919],[115.6896,-32.2927]]],[[[115.6919,-32.2794],[115.6929,-32.2793],[115.6917,-32.2792],[115.6919,-32.2794]]],[[[115.6891,-32.2773],[115.6899,-32.2783],[115.6916,-32.277],[115.6891,-32.2773]]],[[[115.6699,-32.1961],[115.6706,-32.2108],[115.6808,-32.2442],[115.7001,-32.2446],[115.6872,-32.234],[115.6896,-32.2276],[115.6979,-32.2282],[115.7004,-32.2264],[115.6895,-32.2166],[115.6833,-32.2059],[115.6823,-32.1974],[115.6748,-32.184],[115.6772,-32.1722],[115.6746,-32.1651],[115.6691,-32.156],[115.6605,-32.1562],[115.6601,-32.1737],[115.6699,-32.1961]]]]}},{"type":"Feature","properties":{"lga_name":"Sandstone"},"geometry":{"type":"Polygon","coordinates":[[[120.1543,-28.0476],[120.1575,-27.6126],[120.0747,-27.6126],[120.0747,-27.5023],[120.0584,-27.5023],[120.0584,-27.2903],[119.585,-27.2903],[119.585,-27.2422],[119.3325,-27.2422],[119.2011,-27.2311],[119.1857,-27.2747],[119.094,-27.2747],[119.094,-27.2972],[119.0244,-27.2971],[119.0244,-27.3131],[118.8433,-27.3132],[118.8433,-27.3733],[118.6819,-27.3733],[118.6819,-27.6888],[118.7393,-27.6888],[118.7393,-27.7793],[118.6317,-27.7793],[118.6317,-27.8846],[118.6499,-27.8847],[118.6499,-28.0061],[118.7116,-28.0061],[118.7116,-28.135],[118.5191,-28.135],[118.5191,-28.1617],[118.5724,-28.1617],[118.5726,-28.3032],[118.5192,-28.3032],[118.5192,-28.3126],[118.4479,-28.3126],[118.4479,-28.4618],[118.5314,-28.4618],[118.5314,-28.4725],[118.5726,-28.4725],[118.5726,-28.5451],[118.5432,-28.5451],[118.4485,-28.7298],[118.4489,-28.9805],[118.4077,-28.9805],[118.4077,-29.0067],[118.2839,-29.0067],[118.2839,-29.0858],[118.1547,-29.0858],[118.1547,-29.1476],[118.0915,-29.1476],[118.0915,-29.121],[117.9458,-29.121],[117.9459,-29.101],[117.8723,-29.101],[117.8723,-29.1106],[117.7738,-29.1106],[117.7736,-29.2777],[117.8777,-29.2779],[117.8777,-29.3065],[117.9102,-29.3065],[117.9102,-29.3277],[117.9273,-29.3286],[117.927,-29.3819],[117.932,-29.3819],[117.932,-29.6124],[118.5032,-29.6124],[118.4357,-29.2794],[118.4357,-29.1051],[118.7203,-29.1069],[118.7203,-29.2923],[119.2006,-29.2909],[119.3444,-29.1109],[119.663,-29.113],[119.7758,-28.9151],[119.7758,-28.8478],[119.8026,-28.8478],[119.8026,-28.4641],[120.0452,-28.464],[120.045,-28.2911],[120.1962,-28.2911],[120.1962,-28.0472],[120.1543,-28.0476]]]}},{"type":"Feature","properties":{"lga_name":"Serpentine-Jarrahdale"},"geometry":{"type":"Polygon","coordinates":[[[115.8828,-32.2048],[115.8845,-32.2409],[115.8871,-32.2446],[115.8871,-32.2589],[115.8837,-32.2618],[115.8858,-32.2658],[115.8796,-32.2697],[115.8818,-32.2755],[115.8775,-32.2798],[115.8722,-32.2782],[115.8841,-32.2904],[115.8897,-32.2921],[115.8752,-32.3326],[115.8552,-32.3463],[115.852,-32.3525],[115.8522,-32.3687],[115.8356,-32.3789],[115.8356,-32.3956],[115.83,-32.4055],[115.8577,-32.4062],[115.8577,-32.4549],[115.9105,-32.4549],[115.9105,-32.4694],[115.9762,-32.4695],[115.976,-32.4608],[115.9907,-32.4596],[115.9907,-32.4545],[115.9971,-32.4545],[115.9971,-32.4593],[116.0015,-32.4594],[116.0015,-32.4544],[116.0074,-32.4544],[116.0075,-32.4586],[116.0414,-32.4563],[116.0414,-32.4587],[116.2597,-32.4587],[116.2597,-32.3899],[116.2312,-32.3565],[116.2139,-32.3233],[116.1896,-32.2874],[116.113,-32.2876],[116.1127,-32.2316],[116.1097,-32.2316],[116.1097,-32.2126],[116.0675,-32.2126],[116.0681,-32.2086],[116.0623,-32.2068],[116.0623,-32.204],[116.0539,-32.2047],[116.0539,-32.2075],[116.0238,-32.2051],[116.0238,-32.1966],[116.0159,-32.1923],[116.0158,-32.1866],[115.9986,-32.1869],[115.9923,-32.1802],[115.9724,-32.1796],[115.9726,-32.1948],[115.968,-32.1969],[115.9628,-32.1969],[115.9639,-32.1797],[115.8985,-32.1802],[115.9007,-32.1931],[115.8971,-32.2021],[115.8929,-32.2051],[115.8828,-32.2048]]]}},{"type":"Feature","properties":{"lga_name":"Shark Bay"},"geometry":{"type":"MultiPolygon","coordinates":[[[[113.7535,-26.2333],[113.8019,-26.255],[113.8366,-26.2808],[113.8406,-26.2911],[113.8648,-26.3102],[113.8836,-26.341],[113.8805,-26.3543],[113.8854,-26.3714],[113.8752,-26.386],[113.8741,-26.3944],[113.8702,-26.3913],[113.8725,-26.3971],[113.8705,-26.4019],[113.8823,-26.4201],[113.8874,-26.4497],[113.8852,-26.4588],[113.889,-26.4815],[113.8852,-26.5025],[113.8754,-26.5219],[113.8721,-26.5228],[113.8637,-26.5367],[113.8455,-26.5492],[113.8331,-26.5513],[113.8115,-26.5772],[113.8142,-26.6039],[113.8097,-26.61],[113.7876,-26.6051],[113.7805,-26.5928],[113.7694,-26.5873],[113.7636,-26.5889],[113.7517,-26.6102],[113.7406,-26.6139],[113.7384,-26.6176],[113.7344,-26.6135],[113.7142,-26.6068],[113.7094,-26.6104],[113.7049,-26.6081],[113.7062,-26.6133],[113.697,-26.6115],[113.6868,-26.6017],[113.6899,-26.6148],[113.6961,-26.6192],[113.6937,-26.6305],[113.6869,-26.6339],[113.6864,-26.6379],[113.6907,-26.6439],[113.6976,-26.6326],[113.7,-26.6393],[113.6889,-26.649],[113.6969,-26.6523],[113.6988,-26.6578],[113.7049,-26.6621],[113.699,-26.6662],[113.6949,-26.6569],[113.6922,-26.6604],[113.6809,-26.6584],[113.6767,-26.6679],[113.664,-26.6745],[113.6591,-26.6682],[113.6602,-26.6578],[113.6578,-26.6542],[113.6593,-26.6489],[113.6657,-26.6456],[113.6656,-26.6393],[113.6613,-26.6341],[113.6664,-26.6304],[113.6594,-26.627],[113.6571,-26.6162],[113.658,-26.6114],[113.6654,-26.6059],[113.6597,-26.6009],[113.6637,-26.5962],[113.6539,-26.5946],[113.6483,-26.6147],[113.642,-26.6195],[113.6428,-26.6164],[113.634,-26.6108],[113.6355,-26.5951],[113.6322,-26.5766],[113.6256,-26.5712],[113.6284,-26.5653],[113.6335,-26.5636],[113.6321,-26.5555],[113.6346,-26.5514],[113.6297,-26.5473],[113.6287,-26.5402],[113.6344,-26.5309],[113.6382,-26.5029],[113.6327,-26.4876],[113.6371,-26.4713],[113.6306,-26.4633],[113.6229,-26.4844],[113.6181,-26.4897],[113.6214,-26.5114],[113.6185,-26.5205],[113.6263,-26.5243],[113.6215,-26.5387],[113.6164,-26.534],[113.6174,-26.5191],[113.6201,-26.5108],[113.6151,-26.5089],[113.6141,-26.4894],[113.6138,-26.4977],[113.6093,-26.5057],[113.6125,-26.5102],[113.609,-26.5156],[113.6034,-26.5169],[113.5934,-26.5119],[113.5992,-26.5446],[113.5892,-26.5602],[113.5914,-26.5787],[113.5882,-26.5856],[113.5921,-26.5922],[113.5996,-26.5948],[113.6071,-26.6062],[113.5981,-26.6142],[113.5994,-26.607],[113.5963,-26.6019],[113.5847,-26.5963],[113.5837,-26.6002],[113.5718,-26.5782],[113.5582,-26.574],[113.5598,-26.5472],[113.5772,-26.5046],[113.5756,-26.4958],[113.563,-26.4939],[113.5641,-26.4894],[113.5581,-26.4838],[113.5523,-26.4691],[113.5617,-26.4613],[113.5623,-26.441],[113.5671,-26.4333],[113.5614,-26.4283],[113.5635,-26.4229],[113.5615,-26.4028],[113.5487,-26.3809],[113.5511,-26.3665],[113.5595,-26.3535],[113.5548,-26.3518],[113.549,-26.3343],[113.5405,-26.3248],[113.5389,-26.3144],[113.5455,-26.3028],[113.5372,-26.2795],[113.5365,-26.2843],[113.5305,-26.2844],[113.5184,-26.2773],[113.5115,-26.2768],[113.5102,-26.2789],[113.5183,-26.2845],[113.5137,-26.3021],[113.5044,-26.3085],[113.4989,-26.3052],[113.4939,-26.3103],[113.5031,-26.3135],[113.5071,-26.324],[113.5099,-26.32],[113.516,-26.3221],[113.5125,-26.3365],[113.5185,-26.3411],[113.5196,-26.3501],[113.5274,-26.3566],[113.5283,-26.3622],[113.5248,-26.3767],[113.5178,-26.3805],[113.5163,-26.385],[113.517,-26.397],[113.5086,-26.4012],[113.5085,-26.4081],[113.506,-26.4091],[113.5074,-26.4123],[113.5045,-26.4159],[113.505,-26.4326],[113.5093,-26.4398],[113.5025,-26.4456],[113.5001,-26.4523],[113.5011,-26.4545],[113.5064,-26.453],[113.5033,-26.4688],[113.4946,-26.4815],[113.4901,-26.4808],[113.4865,-26.4848],[113.477,-26.4771],[113.4792,-26.45],[113.4841,-26.4481],[113.4881,-26.4392],[113.4853,-26.4306],[113.4907,-26.4297],[113.4908,-26.4254],[113.4994,-26.4246],[113.5023,-26.4203],[113.4957,-26.4014],[113.4866,-26.3965],[113.4847,-26.3836],[113.4891,-26.3771],[113.4965,-26.3781],[113.4987,-26.3963],[113.5022,-26.4002],[113.508,-26.3807],[113.5066,-26.3639],[113.4959,-26.3602],[113.4917,-26.3625],[113.4878,-26.357],[113.4924,-26.3488],[113.4973,-26.3468],[113.4988,-26.3361],[113.4828,-26.3207],[113.4846,-26.316],[113.4786,-26.3082],[113.4819,-26.2882],[113.4799,-26.2711],[113.4622,-26.2534],[113.4596,-26.2218],[113.4483,-26.2126],[113.4447,-26.1766],[113.4474,-26.1713],[113.4447,-26.1633],[113.4369,-26.1675],[113.4244,-26.161],[113.4217,-26.154],[113.4255,-26.1415],[113.4292,-26.1386],[113.422,-26.1349],[113.4182,-26.1267],[113.4108,-26.1276],[113.3967,-26.114],[113.4003,-26.1057],[113.3897,-26.0987],[113.3837,-26.0826],[113.3882,-26.0695],[113.3863,-26.0608],[113.3637,-26.0175],[113.3574,-26.0211],[113.36,-26.0264],[113.357,-26.0333],[113.3645,-26.0397],[113.3633,-26.0451],[113.3676,-26.0542],[113.3587,-26.0651],[113.3683,-26.068],[113.3703,-26.0743],[113.3779,-26.0786],[113.3748,-26.0874],[113.3786,-26.0924],[113.3734,-26.0971],[113.3838,-26.1035],[113.3873,-26.1115],[113.3848,-26.1177],[113.3805,-26.1196],[113.3834,-26.1252],[113.379,-26.1297],[113.3825,-26.1426],[113.3785,-26.165],[113.3785,-26.1801],[113.3824,-26.19],[113.3814,-26.206],[113.3865,-26.2127],[113.3759,-26.2052],[113.3646,-26.2107],[113.3663,-26.2376],[113.3575,-26.2454],[113.3542,-26.2764],[113.3454,-26.2886],[113.3449,-26.2942],[113.3364,-26.3004],[113.3497,-26.2987],[113.3547,-26.3009],[113.3588,-26.3143],[113.3585,-26.328],[113.363,-26.3289],[113.3628,-26.3364],[113.3708,-26.349],[113.3707,-26.3576],[113.3793,-26.3579],[113.3826,-26.361],[113.3823,-26.3852],[113.3901,-26.3872],[113.398,-26.3955],[113.4004,-26.4085],[113.3999,-26.4182],[113.4003,-26.4084],[113.3943,-26.3922],[113.3926,-26.4023],[113.3833,-26.3875],[113.3804,-26.3988],[113.3684,-26.3992],[113.3649,-26.3872],[113.3699,-26.3837],[113.3571,-26.3735],[113.3608,-26.3677],[113.3606,-26.3573],[113.3653,-26.3541],[113.3621,-26.3384],[113.356,-26.331],[113.3534,-26.3312],[113.3476,-26.3436],[113.3387,-26.3474],[113.3267,-26.3373],[113.3312,-26.3292],[113.3243,-26.319],[113.3335,-26.3114],[113.3282,-26.2997],[113.3309,-26.2885],[113.3221,-26.266],[113.3228,-26.253],[113.3178,-26.2417],[113.3248,-26.2282],[113.3191,-26.2137],[113.3252,-26.2086],[113.3254,-26.2048],[113.3201,-26.1946],[113.3199,-26.1262],[113.313,-26.0999],[113.3143,-26.0899],[113.3064,-26.0814],[113.3111,-26.0687],[113.3071,-26.0548],[113.309,-26.0463],[113.3029,-26.0362],[113.305,-26.0251],[113.2993,-26.016],[113.2846,-26.0401],[113.2916,-26.0478],[113.2865,-26.0552],[113.2842,-26.0763],[113.2916,-26.0854],[113.2878,-26.1021],[113.2915,-26.1107],[113.2876,-26.1171],[113.291,-26.1236],[113.2905,-26.1341],[113.2822,-26.1732],[113.2778,-26.1813],[113.273,-26.1827],[113.278,-26.1943],[113.2751,-26.2112],[113.2804,-26.2216],[113.276,-26.235],[113.27,-26.2418],[113.2644,-26.2202],[113.2665,-26.2048],[113.2639,-26.206],[113.2609,-26.1912],[113.2265,-26.1814],[113.2228,-26.1777],[113.1973,-26.174],[113.1934,-26.1643],[113.1739,-26.1541],[113.164,-26.1441],[113.159,-26.1442],[113.1563,-26.1517],[113.1681,-26.1622],[113.1778,-26.1798],[113.1933,-26.191],[113.2364,-26.2335],[113.2775,-26.294],[113.289,-26.3244],[113.2996,-26.3424],[113.2994,-26.3474],[113.2924,-26.355],[113.2942,-26.3639],[113.2985,-26.3765],[113.3082,-26.3875],[113.3063,-26.3961],[113.299,-26.396],[113.2967,-26.4002],[113.3254,-26.4251],[113.329,-26.4337],[113.3509,-26.4554],[113.5035,-26.5886],[113.5844,-26.6714],[113.6423,-26.7435],[113.6484,-26.7568],[113.6801,-26.7977],[113.6935,-26.8106],[113.7098,-26.8352],[113.7185,-26.8417],[113.7564,-26.8921],[113.7635,-26.9065],[113.7831,-26.929],[113.8163,-26.9795],[113.8382,-27.0266],[113.9652,-27.23],[114.0679,-27.23],[114.0679,-27.1125],[114.2305,-27.1125],[114.2305,-27.2014],[114.2817,-27.2014],[114.2826,-27.2282],[114.4573,-27.2282],[114.4573,-27.2832],[114.7506,-27.2832],[115.0694,-27.304],[115.2137,-27.3031],[115.2137,-27.2161],[115.3188,-27.2161],[115.3188,-27.1961],[115.2985,-27.1961],[115.2985,-26.9746],[115.3121,-26.9746],[115.3115,-26.7856],[115.4066,-26.7856],[115.4066,-26.2772],[115.5158,-26.2772],[115.5158,-26.2047],[115.5036,-26.2047],[115.5036,-26.0074],[115.4715,-26.0074],[115.4715,-25.9289],[115.2846,-25.9289],[115.2846,-25.8888],[115.2682,-25.8888],[115.2682,-25.7853],[114.9914,-25.7853],[114.9914,-25.8746],[114.8493,-25.8746],[114.8493,-25.9411],[114.7579,-25.9411],[114.7579,-25.9986],[114.3528,-25.9987],[114.3528,-26.1437],[114.2539,-26.1432],[114.2538,-26.1554],[114.2434,-26.1608],[114.2413,-26.1659],[114.232,-26.1617],[114.227,-26.1655],[114.222,-26.1622],[114.2245,-26.1582],[114.2218,-26.1481],[114.2245,-26.1428],[114.2212,-26.1436],[114.2199,-26.1395],[114.2235,-26.1273],[114.2307,-26.1246],[114.2281,-26.1188],[114.2235,-26.119],[114.2107,-26.1578],[114.2049,-26.1636],[114.1912,-26.1683],[114.1883,-26.1803],[114.1928,-26.1897],[114.1919,-26.2036],[114.2055,-26.2241],[114.2056,-26.2322],[114.2026,-26.2354],[114.204,-26.2448],[114.2158,-26.2562],[114.2175,-26.266],[114.2323,-26.2746],[114.2388,-26.288],[114.2372,-26.2992],[114.2317,-26.3009],[114.2371,-26.3075],[114.237,-26.3149],[114.2251,-26.3343],[114.2154,-26.3427],[114.2194,-26.3504],[114.2191,-26.3603],[114.2018,-26.3784],[114.1664,-26.39],[114.1565,-26.4101],[114.1267,-26.4284],[114.1088,-26.4499],[114.0896,-26.4585],[114.088,-26.4608],[114.0948,-26.4593],[114.0896,-26.4676],[114.0819,-26.4683],[114.0768,-26.4666],[114.0726,-26.4523],[114.0751,-26.4593],[114.0744,-26.4512],[114.0812,-26.4588],[114.0784,-26.4519],[114.0826,-26.4545],[114.0677,-26.4436],[114.0597,-26.4337],[114.0539,-26.4192],[113.9808,-26.3542],[113.9699,-26.3345],[113.9673,-26.2939],[113.9505,-26.2676],[113.9545,-26.2486],[113.9595,-26.2442],[113.9499,-26.2302],[113.9424,-26.2253],[113.9343,-26.2039],[113.9352,-26.1818],[113.9476,-26.143],[113.9389,-26.1298],[113.9245,-26.1334],[113.9108,-26.1224],[113.9046,-26.0889],[113.9085,-26.0545],[113.8935,-26.0351],[113.9025,-25.9987],[113.9144,-25.9836],[113.9066,-25.9682],[113.9055,-25.9593],[113.8895,-25.9601],[113.8783,-25.953],[113.8806,-25.9491],[113.8748,-25.9447],[113.8656,-25.9534],[113.8661,-25.9699],[113.8738,-25.9846],[113.8796,-26.0214],[113.8852,-26.0293],[113.8863,-26.0436],[113.8781,-26.0643],[113.879,-26.0681],[113.8837,-26.0602],[113.8722,-26.0845],[113.8688,-26.0873],[113.8722,-26.0792],[113.8665,-26.0853],[113.8631,-26.0987],[113.8453,-26.1195],[113.8376,-26.1387],[113.8394,-26.126],[113.8372,-26.1265],[113.8363,-26.1167],[113.8456,-26.1137],[113.8352,-26.1156],[113.8364,-26.1402],[113.8312,-26.1516],[113.79,-26.2074],[113.774,-26.2149],[113.7631,-26.213],[113.7593,-26.1916],[113.7535,-26.185],[113.7528,-26.1979],[113.7423,-26.2068],[113.7282,-26.2067],[113.721,-26.1967],[113.7032,-26.1998],[113.7169,-26.1973],[113.7223,-26.1915],[113.7249,-26.1947],[113.7283,-26.1872],[113.728,-26.1801],[113.7191,-26.1698],[113.7094,-26.1432],[113.7097,-26.1504],[113.7077,-26.1498],[113.7011,-26.1319],[113.7032,-26.1259],[113.6992,-26.0946],[113.7046,-26.0853],[113.7057,-26.0768],[113.7027,-26.0689],[113.7053,-26.0684],[113.7061,-26.062],[113.6999,-26.056],[113.6999,-26.045],[113.7109,-26.0314],[113.719,-26.0287],[113.7343,-26.0137],[113.7323,-26.0091],[113.7389,-25.9997],[113.7328,-26.0043],[113.7299,-26.0019],[113.73,-25.987],[113.7355,-25.9751],[113.7316,-25.9495],[113.7376,-25.9314],[113.7477,-25.9256],[113.7585,-25.9051],[113.7619,-25.8786],[113.7508,-25.8724],[113.7297,-25.8696],[113.7245,-25.8648],[113.7217,-25.8681],[113.725,-25.8632],[113.7195,-25.8404],[113.7242,-25.8196],[113.7219,-25.7932],[113.7036,-25.7941],[113.692,-25.7894],[113.6728,-25.7723],[113.659,-25.7486],[113.6264,-25.7335],[113.6067,-25.7143],[113.5928,-25.6836],[113.594,-25.6796],[113.5897,-25.6699],[113.5909,-25.6581],[113.5872,-25.649],[113.5891,-25.6359],[113.5869,-25.6415],[113.5813,-25.6208],[113.5768,-25.6196],[113.5828,-25.6288],[113.5793,-25.6289],[113.5797,-25.6323],[113.5747,-25.6369],[113.5586,-25.6355],[113.5378,-25.6258],[113.5319,-25.6131],[113.5252,-25.6078],[113.516,-25.573],[113.5152,-25.5558],[113.5193,-25.5281],[113.5154,-25.5236],[113.5168,-25.5147],[113.5103,-25.5034],[113.5035,-25.5069],[113.4997,-25.5138],[113.4988,-25.5269],[113.489,-25.5478],[113.4728,-25.5583],[113.4491,-25.6109],[113.444,-25.6167],[113.4351,-25.6202],[113.432,-25.6257],[113.4184,-25.6802],[113.4152,-25.6838],[113.4153,-25.7067],[113.4196,-25.7122],[113.4145,-25.7247],[113.4315,-25.7385],[113.4374,-25.7533],[113.4475,-25.7596],[113.4582,-25.7726],[113.4578,-25.7799],[113.4693,-25.7855],[113.4712,-25.7833],[113.4671,-25.7738],[113.4542,-25.7649],[113.4647,-25.7586],[113.4643,-25.7511],[113.4609,-25.7488],[113.4611,-25.7534],[113.4558,-25.7578],[113.4496,-25.7564],[113.4514,-25.7519],[113.4595,-25.7526],[113.4603,-25.7397],[113.4508,-25.7322],[113.4465,-25.723],[113.4569,-25.7131],[113.4486,-25.714],[113.4447,-25.7095],[113.4532,-25.703],[113.4586,-25.7029],[113.4732,-25.711],[113.4699,-25.7157],[113.4641,-25.711],[113.4595,-25.7156],[113.4714,-25.7201],[113.4735,-25.7271],[113.4732,-25.7305],[113.4683,-25.7315],[113.4623,-25.7258],[113.4605,-25.7338],[113.4668,-25.7356],[113.4711,-25.7521],[113.4793,-25.764],[113.477,-25.7686],[113.4663,-25.7681],[113.4746,-25.7719],[113.4787,-25.7833],[113.474,-25.7965],[113.4666,-25.8007],[113.4657,-25.798],[113.4643,-25.8086],[113.4611,-25.8094],[113.4782,-25.8262],[113.494,-25.8336],[113.5129,-25.8521],[113.5113,-25.8598],[113.5158,-25.8628],[113.5166,-25.8733],[113.5253,-25.8842],[113.5228,-25.8892],[113.5249,-25.9049],[113.523,-25.904],[113.519,-25.9119],[113.5176,-25.9196],[113.5469,-25.9343],[113.5591,-25.9464],[113.5558,-25.9657],[113.5613,-25.9894],[113.5606,-25.9987],[113.5728,-26.007],[113.5753,-26.0145],[113.5672,-26.0443],[113.58,-26.0718],[113.5859,-26.071],[113.5831,-26.0743],[113.5805,-26.0731],[113.5795,-26.0803],[113.5735,-26.0863],[113.5789,-26.0894],[113.5803,-26.0972],[113.5887,-26.0944],[113.6208,-26.1009],[113.6211,-26.1059],[113.6148,-26.1087],[113.6395,-26.122],[113.6381,-26.1255],[113.6426,-26.1364],[113.665,-26.1597],[113.6631,-26.1654],[113.6826,-26.1785],[113.6875,-26.1862],[113.6834,-26.1984],[113.6907,-26.2105],[113.6881,-26.2175],[113.7043,-26.2244],[113.7535,-26.2333]]],[[[113.3395,-26.3235],[113.3369,-26.3097],[113.332,-26.3169],[113.3395,-26.3235]]],[[[113.8568,-25.8672],[113.8561,-25.8638],[113.8527,-25.8611],[113.8526,-25.8644],[113.8568,-25.8672]]],[[[113.9148,-25.845],[113.9182,-25.8443],[113.9169,-25.842],[113.9148,-25.845]]],[[[113.1563,-25.9096],[113.1576,-25.9095],[113.1561,-25.9089],[113.1563,-25.9096]]],[[[113.7626,-26.544],[113.7699,-26.5491],[113.7757,-26.5454],[113.7715,-26.5389],[113.7728,-26.5317],[113.7594,-26.5352],[113.7626,-26.544]]],[[[113.6478,-26.5561],[113.6489,-26.5528],[113.6485,-26.5525],[113.645,-26.554],[113.6478,-26.5561]]],[[[113.6927,-26.534],[113.6904,-26.5321],[113.6895,-26.5337],[113.6898,-26.5339],[113.6927,-26.534]]],[[[113.6907,-26.5455],[113.6919,-26.5448],[113.6908,-26.544],[113.6907,-26.5455]]],[[[113.6652,-26.6131],[113.6674,-26.6129],[113.6656,-26.6125],[113.6652,-26.6131]]],[[[113.6315,-26.575],[113.6339,-26.575],[113.6311,-26.5746],[113.6315,-26.575]]],[[[113.7248,-26.5838],[113.7255,-26.5831],[113.7249,-26.5829],[113.7248,-26.5838]]],[[[113.6519,-26.5929],[113.6532,-26.5911],[113.6514,-26.592],[113.6519,-26.5929]]],[[[113.6657,-26.6605],[113.667,-26.6607],[113.666,-26.6601],[113.6657,-26.6605]]],[[[113.7232,-26.5818],[113.7242,-26.5814],[113.7237,-26.5813],[113.7232,-26.5818]]],[[[113.3725,-26.3876],[113.3734,-26.387],[113.3728,-26.387],[113.3725,-26.3876]]],[[[113.3787,-26.3883],[113.3797,-26.3881],[113.379,-26.3876],[113.3787,-26.3883]]],[[[113.8674,-25.8031],[113.8698,-25.8038],[113.8705,-25.8031],[113.8674,-25.8031]]],[[[113.8584,-26.355],[113.8684,-26.3841],[113.8631,-26.3623],[113.8653,-26.3487],[113.8616,-26.3587],[113.8584,-26.355]]],[[[113.5081,-26.4],[113.5133,-26.3958],[113.5121,-26.3938],[113.5074,-26.3946],[113.5081,-26.4]]],[[[113.6476,-26.5185],[113.652,-26.5184],[113.652,-26.5134],[113.6483,-26.5128],[113.6476,-26.5185]]],[[[113.8813,-26.4529],[113.8833,-26.4519],[113.8807,-26.4507],[113.8805,-26.4445],[113.8795,-26.4498],[113.8813,-26.4529]]],[[[113.8805,-26.4564],[113.8781,-26.4529],[113.877,-26.4478],[113.8774,-26.4538],[113.8805,-26.4564]]],[[[113.5036,-26.4134],[113.5055,-26.4106],[113.503,-26.4099],[113.5036,-26.4134]]],[[[113.8657,-26.3468],[113.8697,-26.3409],[113.8694,-26.3397],[113.8659,-26.3443],[113.8657,-26.3468]]],[[[113.9572,-26.2499],[113.9595,-26.2499],[113.9627,-26.2459],[113.9572,-26.2499]]],[[[113.8767,-26.4438],[113.8778,-26.4462],[113.8795,-26.4419],[113.8767,-26.4438]]],[[[113.5039,-26.4031],[113.506,-26.402],[113.5056,-26.4017],[113.5039,-26.4031]]],[[[113.5891,-26.489],[113.591,-26.4892],[113.5903,-26.4885],[113.5891,-26.489]]],[[[113.5004,-26.3194],[113.5021,-26.3187],[113.5016,-26.3177],[113.5004,-26.3194]]],[[[113.8691,-26.3871],[113.8703,-26.3869],[113.8698,-26.3863],[113.8691,-26.3871]]],[[[113.5705,-26.4879],[113.5717,-26.4869],[113.5707,-26.4866],[113.5705,-26.4879]]],[[[113.5682,-26.3642],[113.5695,-26.3648],[113.569,-26.3638],[113.5682,-26.3642]]],[[[113.6183,-26.4154],[113.6198,-26.416],[113.6196,-26.4148],[113.6183,-26.4154]]],[[[113.7625,-26.4435],[113.7644,-26.4436],[113.7631,-26.4427],[113.7625,-26.4435]]],[[[113.5692,-26.3657],[113.5705,-26.3667],[113.5702,-26.3654],[113.5692,-26.3657]]],[[[113.6848,-26.4853],[113.6855,-26.4842],[113.6841,-26.4847],[113.6848,-26.4853]]],[[[113.6189,-26.4082],[113.6202,-26.4066],[113.6194,-26.4059],[113.6189,-26.4082]]],[[[113.5655,-26.4435],[113.5668,-26.4435],[113.5658,-26.4425],[113.5655,-26.4435]]],[[[113.5113,-26.3402],[113.5127,-26.3403],[113.5122,-26.3395],[113.5113,-26.3402]]],[[[113.504,-26.2997],[113.5052,-26.2988],[113.5043,-26.2984],[113.504,-26.2997]]],[[[113.6164,-26.452],[113.6169,-26.4507],[113.6159,-26.4498],[113.6164,-26.452]]],[[[113.6089,-26.487],[113.61,-26.4866],[113.6094,-26.4862],[113.6089,-26.487]]],[[[113.0056,-25.536],[113.0217,-25.4978],[113.0002,-25.5004],[112.9865,-25.4973],[112.9707,-25.4804],[112.9634,-25.4838],[112.9282,-25.5285],[112.9288,-25.5642],[112.9211,-25.5882],[112.9225,-25.6094],[112.9298,-25.6432],[112.937,-25.6469],[112.9425,-25.6579],[112.958,-25.7048],[112.969,-25.7191],[112.9723,-25.7385],[112.9796,-25.7495],[112.9769,-25.7732],[112.9664,-25.7803],[113.0001,-25.8316],[113.023,-25.8604],[113.031,-25.8939],[113.0486,-25.9311],[113.1001,-25.9815],[113.136,-26.0223],[113.1575,-26.0559],[113.1808,-26.1226],[113.1904,-26.122],[113.2086,-26.1349],[113.2128,-26.1586],[113.2163,-26.1625],[113.2206,-26.1508],[113.2291,-26.1436],[113.2237,-26.1358],[113.2231,-26.1255],[113.2295,-26.122],[113.2352,-26.1235],[113.2366,-26.1189],[113.2351,-26.1126],[113.2301,-26.1116],[113.2277,-26.1053],[113.2344,-26.1038],[113.2368,-26.1082],[113.2379,-26.1064],[113.2364,-26.0914],[113.2286,-26.084],[113.2308,-26.0762],[113.2197,-26.0584],[113.222,-26.0527],[113.2188,-26.0464],[113.2198,-26.0367],[113.2109,-26.0382],[113.2025,-26.0273],[113.2042,-26.0175],[113.2011,-26.0131],[113.204,-26.0033],[113.1939,-26.0013],[113.1905,-25.9949],[113.1839,-25.9946],[113.167,-25.9798],[113.1635,-25.9597],[113.1681,-25.9433],[113.1507,-25.9413],[113.1492,-25.9519],[113.1576,-25.969],[113.1513,-25.9769],[113.1367,-25.9774],[113.1317,-25.9578],[113.1324,-25.9396],[113.1283,-25.934],[113.1265,-25.9224],[113.1334,-25.9141],[113.1424,-25.9103],[113.1388,-25.9008],[113.1526,-25.8959],[113.156,-25.8878],[113.1532,-25.8854],[113.1405,-25.8863],[113.1316,-25.8798],[113.1283,-25.8828],[113.1211,-25.8804],[113.1097,-25.868],[113.1148,-25.8387],[113.1073,-25.826],[113.106,-25.817],[113.1,-25.8103],[113.0972,-25.7891],[113.0846,-25.7799],[113.0768,-25.7686],[113.0727,-25.7567],[113.075,-25.7478],[113.0696,-25.7453],[113.0637,-25.7283],[113.0711,-25.7204],[113.0614,-25.7109],[113.0549,-25.6981],[113.051,-25.672],[113.0438,-25.6532],[113.0432,-25.6381],[113.0384,-25.6333],[113.0389,-25.6183],[113.0297,-25.6087],[113.0232,-25.5847],[113.0188,-25.5841],[113.0174,-25.573],[113.0094,-25.5612],[113.0113,-25.5518],[113.0056,-25.536]]],[[[113.9172,-25.8592],[113.9133,-25.8488],[113.913,-25.8265],[113.9094,-25.8174],[113.9012,-25.8153],[113.8795,-25.8007],[113.8728,-25.802],[113.8646,-25.8106],[113.8578,-25.809],[113.8518,-25.8161],[113.8545,-25.8192],[113.8537,-25.8462],[113.8652,-25.8621],[113.8734,-25.8669],[113.8736,-25.871],[113.8696,-25.8674],[113.8674,-25.8699],[113.8615,-25.8642],[113.8583,-25.8682],[113.8746,-25.8786],[113.88,-25.8869],[113.9079,-25.8982],[113.9196,-25.8974],[113.9218,-25.8839],[113.9185,-25.8463],[113.9152,-25.8481],[113.9172,-25.8551],[113.9185,-25.8526],[113.9172,-25.8592]]],[[[113.8804,-26.0302],[113.8795,-26.043],[113.8828,-26.0322],[113.8688,-26.0168],[113.8587,-26.0148],[113.8527,-26.0091],[113.8564,-26.0064],[113.8468,-26.0076],[113.8447,-26.0006],[113.8373,-26.0021],[113.8804,-26.0302]]],[[[113.8777,-26.0557],[113.8778,-26.0484],[113.8764,-26.0576],[113.8708,-26.0633],[113.8657,-26.0829],[113.8776,-26.0681],[113.8764,-26.0646],[113.8726,-26.067],[113.8719,-26.0643],[113.8777,-26.0557]]],[[[113.7058,-26.0945],[113.707,-26.0851],[113.7172,-26.072],[113.7211,-26.0633],[113.7169,-26.0577],[113.7191,-26.0638],[113.7046,-26.0879],[113.7058,-26.0945]]],[[[113.7042,-26.1201],[113.705,-26.1236],[113.7062,-26.1124],[113.7045,-26.1147],[113.7054,-26.1001],[113.7034,-26.0949],[113.7042,-26.1201]]],[[[113.7045,-26.1255],[113.7071,-26.1422],[113.7093,-26.1402],[113.7045,-26.1255]]],[[[113.8872,-25.9519],[113.9016,-25.9574],[113.8941,-25.9523],[113.8919,-25.9515],[113.8872,-25.9519]]],[[[113.7144,-26.0392],[113.718,-26.0385],[113.7183,-26.0299],[113.7144,-26.0392]]],[[[113.706,-26.0813],[113.7091,-26.0766],[113.7072,-26.0737],[113.7074,-26.0782],[113.706,-26.0813]]],[[[114.2298,-26.1589],[114.2315,-26.1608],[114.2342,-26.1576],[114.2298,-26.1589]]],[[[113.8743,-26.0177],[113.8749,-26.0124],[113.8744,-26.0121],[113.8736,-26.0157],[113.8743,-26.0177]]],[[[113.3786,-26.2043],[113.3779,-26.2013],[113.376,-26.2018],[113.3757,-26.2028],[113.3786,-26.2043]]],[[[113.7234,-26.199],[113.7249,-26.1968],[113.7238,-26.1959],[113.7234,-26.199]]],[[[113.7153,-26.0566],[113.7143,-26.0541],[113.7123,-26.0539],[113.7127,-26.0544],[113.7153,-26.0566]]],[[[113.5068,-26.2284],[113.5098,-26.23],[113.5076,-26.2277],[113.5068,-26.2284]]],[[[113.8694,-25.9884],[113.8678,-25.9869],[113.8686,-25.989],[113.8694,-25.9884]]],[[[113.3113,-26.0849],[113.3126,-26.0834],[113.3115,-26.0823],[113.3113,-26.0849]]],[[[113.8758,-26.0197],[113.8781,-26.0203],[113.876,-26.0188],[113.8758,-26.0197]]],[[[113.875,-26.0722],[113.8774,-26.0709],[113.8773,-26.07],[113.8769,-26.07],[113.875,-26.0722]]],[[[113.4138,-26.0905],[113.4156,-26.0908],[113.4139,-26.0899],[113.4138,-26.0905]]],[[[113.5038,-26.2278],[113.5025,-26.2283],[113.5038,-26.2285],[113.5038,-26.2278]]],[[[113.9048,-25.9579],[113.9065,-25.9575],[113.9048,-25.9574],[113.9048,-25.9579]]],[[[113.5756,-26.0938],[113.5771,-26.0943],[113.5766,-26.0932],[113.5756,-26.0938]]],[[[113.2364,-26.1247],[113.2379,-26.1251],[113.2377,-26.1243],[113.2364,-26.1247]]],[[[113.4039,-26.1023],[113.4051,-26.1023],[113.4046,-26.1014],[113.4039,-26.1023]]],[[[113.2002,-26.0008],[113.2016,-26.0005],[113.2009,-26.0002],[113.2002,-26.0008]]],[[[113.3953,-26.0579],[113.3966,-26.057],[113.3951,-26.0569],[113.3953,-26.0579]]]]}},{"type":"Feature","properties":{"lga_name":"South Perth"},"geometry":{"type":"Polygon","coordinates":[[[115.848,-31.9801],[115.8546,-31.9934],[115.8527,-32.0043],[115.8603,-32.0288],[115.8574,-32.0313],[115.8617,-32.0334],[115.8653,-32.0265],[115.8737,-32.0311],[115.8778,-32.0211],[115.8996,-32.0167],[115.8964,-32.0111],[115.8867,-32.0124],[115.8888,-31.9913],[115.8836,-31.9869],[115.893,-31.9833],[115.8788,-31.971],[115.863,-31.9746],[115.8522,-31.9705],[115.8463,-31.9643],[115.848,-31.9801]]]}},{"type":"Feature","properties":{"lga_name":"Stirling"},"geometry":{"type":"Polygon","coordinates":[[[115.8471,-31.9128],[115.877,-31.9385],[115.8885,-31.9306],[115.8851,-31.9277],[115.8934,-31.9195],[115.8806,-31.9085],[115.8911,-31.8981],[115.8871,-31.8948],[115.8923,-31.8904],[115.8795,-31.8795],[115.8777,-31.8507],[115.8376,-31.8484],[115.8256,-31.8422],[115.8051,-31.8459],[115.751,-31.8462],[115.7509,-31.8761],[115.755,-31.9082],[115.7661,-31.9081],[115.7661,-31.9218],[115.7841,-31.9227],[115.7889,-31.9275],[115.7966,-31.9274],[115.804,-31.9328],[115.8141,-31.9297],[115.8176,-31.9228],[115.826,-31.9223],[115.823,-31.9143],[115.8471,-31.9128]]]}},{"type":"Feature","properties":{"lga_name":"Subiaco"},"geometry":{"type":"Polygon","coordinates":[[[115.8041,-31.9493],[115.8051,-31.956],[115.8075,-31.9563],[115.802,-31.964],[115.8183,-31.9646],[115.8416,-31.9435],[115.8122,-31.942],[115.8041,-31.9493]]]}},{"type":"Feature","properties":{"lga_name":"Swan"},"geometry":{"type":"Polygon","coordinates":[[[115.9932,-31.6242],[115.9852,-31.6242],[115.9852,-31.6276],[115.8835,-31.6275],[115.8833,-31.7249],[115.8802,-31.7249],[115.8802,-31.7322],[115.8831,-31.7322],[115.8828,-31.7956],[115.8739,-31.7956],[115.8783,-31.8679],[115.9139,-31.8654],[115.9174,-31.8719],[115.9334,-31.8718],[115.9346,-31.8881],[115.9643,-31.8877],[115.9596,-31.8946],[115.974,-31.8937],[115.9586,-31.8953],[115.9653,-31.9044],[115.9622,-31.9074],[115.9637,-31.9103],[115.9541,-31.9198],[115.9606,-31.9207],[115.9581,-31.924],[115.981,-31.9436],[115.9954,-31.9283],[115.9933,-31.9225],[116.0403,-31.9401],[116.0431,-31.9382],[116.042,-31.9296],[116.0359,-31.9297],[116.0296,-31.9203],[116.0148,-31.9107],[116.016,-31.9045],[116.0232,-31.9008],[116.0382,-31.904],[116.0382,-31.9099],[116.047,-31.9099],[116.0479,-31.9054],[116.0381,-31.9019],[116.0381,-31.8983],[116.0232,-31.8935],[116.0232,-31.8858],[116.0415,-31.8859],[116.0415,-31.8818],[116.0523,-31.8818],[116.0523,-31.8737],[116.0587,-31.8737],[116.0587,-31.8676],[116.0705,-31.8676],[116.0705,-31.8632],[116.0767,-31.8632],[116.0768,-31.8384],[116.1965,-31.8384],[116.1967,-31.822],[116.2116,-31.8221],[116.2115,-31.8272],[116.2628,-31.827],[116.2629,-31.8198],[116.2819,-31.8197],[116.2816,-31.7551],[116.28,-31.7616],[116.263,-31.7615],[116.263,-31.7533],[116.2683,-31.7426],[116.2747,-31.7385],[116.2772,-31.728],[116.2726,-31.7275],[116.2726,-31.7213],[116.279,-31.7214],[116.2832,-31.7142],[116.298,-31.7066],[116.2877,-31.7065],[116.288,-31.6711],[116.2383,-31.6707],[116.2383,-31.6],[116.1026,-31.5979],[116.0544,-31.6003],[116.0544,-31.5972],[116.0356,-31.5972],[116.0355,-31.6003],[116.0238,-31.5986],[116.0238,-31.6023],[116.0093,-31.6002],[116.0109,-31.6025],[115.9849,-31.6028],[115.9932,-31.6242]]]}},{"type":"Feature","properties":{"lga_name":"Tammin"},"geometry":{"type":"Polygon","coordinates":[[[117.3618,-31.6414],[117.3594,-31.6513],[117.3553,-31.6524],[117.3553,-31.6633],[117.3514,-31.6641],[117.3514,-31.6871],[117.3573,-31.6871],[117.3573,-31.7171],[117.3644,-31.7171],[117.3644,-31.7322],[117.3556,-31.7322],[117.3556,-31.736],[117.3733,-31.736],[117.3733,-31.7535],[117.3762,-31.7535],[117.3597,-31.7623],[117.3648,-31.7722],[117.3846,-31.7902],[117.3887,-31.8051],[117.428,-31.8079],[117.428,-31.8207],[117.4454,-31.8207],[117.4454,-31.8257],[117.4625,-31.8255],[117.4625,-31.8197],[117.4717,-31.8197],[117.4719,-31.8286],[117.4846,-31.8286],[117.4845,-31.8388],[117.4966,-31.8405],[117.5389,-31.841],[117.5389,-31.8377],[117.55,-31.8377],[117.55,-31.8296],[117.5699,-31.8295],[117.5701,-31.813],[117.5954,-31.8159],[117.5979,-31.7934],[117.6047,-31.7772],[117.6025,-31.7709],[117.6073,-31.7627],[117.6023,-31.7602],[117.6023,-31.7288],[117.5991,-31.7288],[117.5991,-31.7251],[117.6042,-31.7251],[117.6041,-31.6946],[117.6098,-31.6946],[117.6098,-31.6874],[117.6179,-31.6839],[117.6179,-31.6727],[117.6267,-31.6727],[117.6216,-31.6675],[117.621,-31.6104],[117.6171,-31.6104],[117.6159,-31.606],[117.6181,-31.5562],[117.6136,-31.5232],[117.6189,-31.5232],[117.6199,-31.5038],[117.6116,-31.5038],[117.6115,-31.4723],[117.6164,-31.4724],[117.6163,-31.4464],[117.61,-31.4444],[117.6099,-31.4263],[117.6044,-31.4263],[117.6044,-31.3907],[117.622,-31.3907],[117.622,-31.3692],[117.5236,-31.3693],[117.5209,-31.3738],[117.4675,-31.3729],[117.4675,-31.4078],[117.4357,-31.4079],[117.4357,-31.4391],[117.3978,-31.4392],[117.3978,-31.4338],[117.3768,-31.4338],[117.3768,-31.4445],[117.3661,-31.4445],[117.3661,-31.4481],[117.3563,-31.4518],[117.3563,-31.4592],[117.3839,-31.4593],[117.3839,-31.4777],[117.3731,-31.4777],[117.3759,-31.4804],[117.3758,-31.5317],[117.3779,-31.5318],[117.3778,-31.5456],[117.3802,-31.5456],[117.3793,-31.5858],[117.3758,-31.5857],[117.3758,-31.5957],[117.3594,-31.5958],[117.3594,-31.6011],[117.351,-31.6011],[117.351,-31.5974],[117.3493,-31.5974],[117.3492,-31.5974],[117.3491,-31.5974],[117.3394,-31.5974],[117.3394,-31.6182],[117.3557,-31.6182],[117.3558,-31.6417],[117.3618,-31.6414]]]}},{"type":"Feature","properties":{"lga_name":"Three Springs"},"geometry":{"type":"Polygon","coordinates":[[[115.5715,-29.3472],[115.3545,-29.346],[115.3064,-29.3611],[115.3064,-29.3657],[115.2982,-29.3657],[115.2982,-29.3625],[115.2533,-29.3647],[115.2536,-29.6342],[115.2451,-29.6342],[115.2451,-29.7395],[115.7345,-29.7395],[115.7345,-29.7336],[115.7715,-29.7337],[115.7637,-29.7105],[115.7622,-29.6788],[115.754,-29.6751],[115.7489,-29.6644],[115.7476,-29.6492],[115.7503,-29.6399],[115.7479,-29.6365],[115.7591,-29.62],[115.7562,-29.6111],[115.7602,-29.5818],[115.7557,-29.5723],[115.7704,-29.5678],[115.7891,-29.5693],[115.7943,-29.5669],[115.799,-29.5715],[115.8102,-29.5697],[115.8202,-29.5742],[115.8247,-29.5945],[115.8448,-29.5945],[115.8448,-29.5807],[115.8766,-29.5807],[115.8765,-29.5515],[115.917,-29.5514],[115.9184,-29.5344],[115.9923,-29.5343],[115.9923,-29.5157],[116.0182,-29.5158],[116.0178,-29.4642],[115.9679,-29.4644],[115.9678,-29.4056],[115.918,-29.4058],[115.9179,-29.3441],[115.8535,-29.3442],[115.8534,-29.2881],[115.7497,-29.2883],[115.7499,-29.3562],[115.6632,-29.3562],[115.6632,-29.3663],[115.6506,-29.3732],[115.6396,-29.3521],[115.6293,-29.3562],[115.5715,-29.3574],[115.5715,-29.3472]]]}},{"type":"Feature","properties":{"lga_name":"Toodyay"},"geometry":{"type":"Polygon","coordinates":[[[116.1652,-31.3543],[116.1658,-31.5277],[116.1507,-31.5276],[116.1507,-31.6002],[116.2383,-31.6],[116.2383,-31.6707],[116.288,-31.6711],[116.2877,-31.7065],[116.3764,-31.7092],[116.3764,-31.702],[116.4232,-31.702],[116.4232,-31.6849],[116.4179,-31.6758],[116.427,-31.6719],[116.4306,-31.6781],[116.4366,-31.6755],[116.4433,-31.6868],[116.4629,-31.6783],[116.471,-31.6949],[116.4759,-31.6963],[116.4954,-31.686],[116.5185,-31.686],[116.5024,-31.6611],[116.5001,-31.6622],[116.4883,-31.6502],[116.5117,-31.6402],[116.4913,-31.6142],[116.5868,-31.572],[116.5795,-31.5596],[116.5959,-31.5511],[116.5878,-31.5371],[116.5988,-31.5325],[116.5895,-31.5165],[116.6013,-31.5066],[116.5948,-31.4955],[116.5978,-31.4716],[116.6041,-31.4553],[116.5987,-31.4391],[116.5996,-31.427],[116.5921,-31.4182],[116.5978,-31.4156],[116.5917,-31.4051],[116.6012,-31.4011],[116.5978,-31.3952],[116.6052,-31.3635],[116.6036,-31.3602],[116.6064,-31.3588],[116.6253,-31.2736],[116.614,-31.2787],[116.569,-31.3117],[116.5479,-31.2767],[116.4989,-31.2981],[116.4921,-31.2867],[116.4493,-31.3055],[116.4402,-31.2912],[116.4025,-31.3076],[116.3607,-31.2365],[116.3082,-31.2367],[116.245,-31.2306],[116.2456,-31.3541],[116.1652,-31.3543]]]}},{"type":"Feature","properties":{"lga_name":"Trayning"},"geometry":{"type":"Polygon","coordinates":[[[117.6096,-31.1166],[117.6096,-31.22],[117.6024,-31.22],[117.6042,-31.2919],[117.6,-31.2919],[117.6,-31.3009],[117.6043,-31.3009],[117.6043,-31.3192],[117.6421,-31.3191],[117.6424,-31.3689],[117.654,-31.369],[117.654,-31.3783],[117.6696,-31.3782],[117.6696,-31.3846],[117.6811,-31.3846],[117.6811,-31.3921],[117.7529,-31.3902],[117.753,-31.3793],[117.7619,-31.3793],[117.7619,-31.3723],[117.791,-31.3523],[117.7922,-31.3399],[117.8128,-31.3399],[117.8128,-31.344],[117.839,-31.344],[117.839,-31.3338],[117.9344,-31.3339],[117.9444,-31.3164],[117.9381,-31.3134],[117.9493,-31.2962],[117.9545,-31.2987],[117.9568,-31.295],[117.9348,-31.2845],[117.9369,-31.283],[117.9288,-31.2766],[117.9339,-31.2688],[117.9556,-31.2818],[117.955,-31.2406],[117.9851,-31.2406],[117.9851,-31.2333],[117.9662,-31.2267],[117.985,-31.1895],[117.985,-31.1832],[117.9905,-31.1816],[117.9972,-31.1701],[117.9957,-31.1584],[118.0008,-31.1436],[117.9911,-31.1436],[117.9911,-31.1327],[117.9999,-31.1373],[117.9993,-31.1213],[118.0027,-31.1099],[118.0108,-31.0944],[118.0204,-31.0898],[118.0204,-31.0848],[118.033,-31.0848],[118.033,-31.0781],[118.0478,-31.0714],[118.0514,-31.0645],[118.0799,-31.0491],[118.0798,-31.0009],[118.0588,-31.001],[118.0588,-30.9606],[118.0141,-30.9606],[118.0141,-30.9663],[117.9951,-30.9663],[117.9951,-30.9606],[117.9228,-30.9621],[117.9228,-30.9416],[117.8618,-30.9416],[117.8626,-30.9487],[117.8568,-30.9542],[117.8495,-30.954],[117.8488,-30.9464],[117.832,-30.9464],[117.832,-30.9498],[117.7926,-30.9516],[117.7926,-30.9588],[117.7842,-30.9588],[117.7842,-30.9516],[117.7541,-30.9516],[117.7547,-30.9752],[117.7011,-30.9726],[117.7011,-30.9672],[117.6969,-30.9672],[117.6969,-30.9554],[117.6866,-30.9535],[117.621,-30.9537],[117.6211,-31.0057],[117.5965,-31.0179],[117.6142,-31.0373],[117.6165,-31.1166],[117.6096,-31.1166]]]}},{"type":"Feature","properties":{"lga_name":"Upper Gascoyne"},"geometry":{"type":"Polygon","coordinates":[[[117.721,-24.8549],[117.721,-24.7833],[117.871,-24.7833],[117.871,-24.7071],[117.7908,-24.7071],[117.7908,-24.6944],[117.6185,-24.6944],[117.6186,-24.5344],[117.6783,-24.5344],[117.6783,-24.5157],[117.6653,-24.5157],[117.6654,-24.3749],[117.819,-24.3749],[117.8301,-23.9723],[117.8083,-23.9723],[117.8083,-23.8906],[117.6262,-23.8906],[117.6262,-23.7927],[117.0529,-23.7883],[117.0414,-23.7987],[117.0447,-23.8047],[116.8584,-23.8049],[116.8585,-23.5729],[116.5979,-23.5745],[116.5984,-23.5098],[116.4954,-23.5098],[116.4942,-23.5989],[116.2972,-23.5995],[116.2972,-23.6552],[116.1906,-23.6552],[116.1906,-23.6315],[116.1369,-23.6315],[116.1369,-23.6026],[116.0761,-23.6026],[116.0761,-23.5779],[115.9797,-23.5779],[115.9798,-23.8878],[115.8718,-23.8879],[115.8718,-23.8672],[115.7771,-23.8665],[115.774,-23.8419],[115.7262,-23.8427],[115.7274,-23.743],[115.7034,-23.743],[115.7034,-23.6752],[115.569,-23.6754],[115.5691,-23.7787],[115.4705,-23.7787],[115.4705,-23.7995],[115.4252,-23.7993],[115.4175,-23.8041],[115.4287,-23.8475],[115.4196,-23.8878],[115.4059,-23.9105],[115.4024,-23.9219],[115.4056,-23.9295],[115.4051,-23.9474],[115.4085,-23.95],[115.4052,-23.9619],[115.4051,-24.006],[115.4769,-24.006],[115.4769,-24.0873],[115.4812,-24.0873],[115.4812,-24.1691],[115.4624,-24.1691],[115.4624,-24.2417],[115.4448,-24.2417],[115.4448,-24.2739],[115.3845,-24.2739],[115.3854,-24.2246],[115.2107,-24.2242],[115.2109,-24.1186],[115.1125,-24.1225],[115.1132,-24.2377],[114.995,-24.239],[114.995,-24.4555],[114.988,-24.4554],[114.988,-24.5795],[115.149,-24.5778],[115.149,-24.6484],[115.1836,-24.6484],[115.1836,-24.7935],[115.1677,-24.7935],[115.1677,-24.8661],[115.1283,-24.8661],[115.1283,-24.9126],[115.0384,-24.9127],[115.0384,-24.9168],[114.9699,-24.9169],[114.9699,-24.9105],[114.821,-24.9107],[114.821,-24.9514],[114.8172,-24.9516],[114.8151,-24.9613],[114.8104,-24.9611],[114.8104,-24.9656],[114.8067,-24.9655],[114.807,-25.207],[114.8966,-25.207],[114.8966,-25.288],[114.8065,-25.288],[114.8065,-25.349],[114.9446,-25.3489],[114.9446,-25.4028],[114.9394,-25.4158],[114.9394,-25.4341],[114.9446,-25.4418],[114.9446,-25.5751],[114.9914,-25.5751],[114.9914,-25.7853],[115.2682,-25.7853],[115.2682,-25.8888],[115.2846,-25.8888],[115.2846,-25.9289],[115.4715,-25.9289],[115.4715,-25.866],[115.4978,-25.8709],[115.5112,-25.8699],[115.5251,-25.8646],[115.532,-25.8547],[115.5646,-25.8356],[115.59,-25.829],[115.6149,-25.8277],[115.6149,-25.7334],[115.7046,-25.7334],[115.7046,-25.6844],[115.8589,-25.6844],[115.8589,-25.69],[116.001,-25.69],[116.001,-25.6844],[116.4658,-25.6844],[116.4657,-25.6253],[116.5018,-25.6253],[116.5018,-25.5838],[116.9151,-25.5835],[116.9151,-25.6369],[117.247,-25.6367],[117.247,-25.6074],[117.2944,-25.6074],[117.2944,-25.5837],[117.373,-25.5837],[117.371,-25.3668],[117.6772,-25.3671],[117.6772,-25.3921],[117.7572,-25.3921],[117.7571,-25.274],[117.7362,-25.274],[117.7362,-25.2146],[117.7939,-25.2146],[117.7939,-24.8549],[117.721,-24.8549]]]}},{"type":"Feature","properties":{"lga_name":"Victoria Park"},"geometry":{"type":"Polygon","coordinates":[[[115.8843,-31.9478],[115.8903,-31.9642],[115.8787,-31.971],[115.893,-31.9833],[115.8836,-31.9869],[115.8888,-31.9913],[115.8867,-32.0124],[115.894,-32.0132],[115.9145,-31.9962],[115.9129,-31.9938],[115.9227,-31.9941],[115.9185,-31.9908],[115.9331,-31.9839],[115.8971,-31.9529],[115.8939,-31.9421],[115.8882,-31.9398],[115.8852,-31.9413],[115.8843,-31.9478]]]}},{"type":"Feature","properties":{"lga_name":"Victoria Plains"},"geometry":{"type":"Polygon","coordinates":[[[116.1939,-30.8293],[116.1939,-30.8511],[116.198,-30.851],[116.1984,-30.8613],[116.1236,-30.8612],[116.1244,-30.8484],[116.1077,-30.8478],[116.0292,-30.8487],[116.0292,-30.855],[116.0141,-30.855],[116.0114,-30.8431],[116.0044,-30.8431],[116.0075,-30.8342],[115.9944,-30.8342],[115.9944,-30.8459],[115.9341,-30.8459],[115.934,-30.9314],[115.9399,-30.9322],[115.9398,-30.9799],[115.9522,-30.9799],[115.9522,-31.0606],[116.0457,-31.0605],[116.0487,-31.0694],[116.0484,-31.089],[116.2213,-31.089],[116.2213,-31.1023],[116.2255,-31.1024],[116.2254,-31.1091],[116.2321,-31.1091],[116.2319,-31.116],[116.2346,-31.1158],[116.2345,-31.178],[116.2475,-31.1807],[116.245,-31.2306],[116.3082,-31.2367],[116.3607,-31.2365],[116.4025,-31.3076],[116.4402,-31.2912],[116.4493,-31.3055],[116.4921,-31.2867],[116.4989,-31.2981],[116.5479,-31.2767],[116.569,-31.3117],[116.614,-31.2787],[116.6253,-31.2736],[116.6369,-31.221],[116.6017,-31.1607],[116.6165,-31.1607],[116.6165,-31.1041],[116.6087,-31.1041],[116.6088,-31.0894],[116.5971,-31.0893],[116.5971,-31.0715],[116.6128,-31.0715],[116.6129,-31.0374],[116.6005,-31.0374],[116.5983,-30.9901],[116.5838,-30.9891],[116.584,-30.971],[116.5727,-30.971],[116.5727,-30.96],[116.5409,-30.96],[116.5409,-30.8862],[116.467,-30.8863],[116.4669,-30.8735],[116.45,-30.87],[116.45,-30.8485],[116.4393,-30.8486],[116.4393,-30.8413],[116.4417,-30.8413],[116.4417,-30.8193],[116.4448,-30.8184],[116.4447,-30.7393],[116.4537,-30.7392],[116.4532,-30.7209],[116.4011,-30.7211],[116.4011,-30.744],[116.2076,-30.7444],[116.2076,-30.8293],[116.1939,-30.8293]]]}},{"type":"Feature","properties":{"lga_name":"Vincent"},"geometry":{"type":"Polygon","coordinates":[[[115.8232,-31.9153],[115.8392,-31.9374],[115.8504,-31.9457],[115.8519,-31.9421],[115.869,-31.9499],[115.8813,-31.9477],[115.8852,-31.938],[115.877,-31.9385],[115.8471,-31.9128],[115.8232,-31.9153]]]}},{"type":"Feature","properties":{"lga_name":"Wagin"},"geometry":{"type":"Polygon","coordinates":[[[117.0872,-33.3401],[117.0853,-33.3861],[117.0963,-33.3861],[117.0963,-33.4044],[117.088,-33.4044],[117.088,-33.4141],[117.0841,-33.4174],[117.093,-33.4174],[117.093,-33.4267],[117.0844,-33.4266],[117.0844,-33.4313],[117.0963,-33.4347],[117.0953,-33.4475],[117.1061,-33.4475],[117.1061,-33.4606],[117.0913,-33.4606],[117.0913,-33.4693],[117.0969,-33.4693],[117.0969,-33.4822],[117.1054,-33.4822],[117.1054,-33.4938],[117.0913,-33.4938],[117.0913,-33.5106],[117.1134,-33.5106],[117.1134,-33.5153],[117.121,-33.5179],[117.1334,-33.515],[117.1527,-33.5169],[117.1698,-33.5094],[117.2551,-33.507],[117.2552,-33.4827],[117.2711,-33.4809],[117.2711,-33.4736],[117.2923,-33.4736],[117.2924,-33.4659],[117.2863,-33.4641],[117.3019,-33.46],[117.3063,-33.4547],[117.3182,-33.4535],[117.3183,-33.4398],[117.3299,-33.4398],[117.3299,-33.4346],[117.3561,-33.4347],[117.3561,-33.4399],[117.3871,-33.4399],[117.3864,-33.435],[117.4033,-33.435],[117.4033,-33.4216],[117.4154,-33.4216],[117.4154,-33.4335],[117.428,-33.4335],[117.428,-33.4252],[117.4208,-33.4252],[117.4208,-33.4179],[117.4428,-33.4177],[117.4428,-33.4113],[117.4472,-33.4113],[117.4472,-33.4065],[117.4701,-33.4065],[117.4701,-33.4029],[117.4592,-33.4029],[117.4592,-33.3971],[117.4701,-33.3971],[117.4701,-33.3863],[117.4801,-33.3863],[117.4845,-33.3913],[117.4845,-33.3843],[117.4984,-33.3843],[117.4984,-33.3879],[117.5293,-33.3876],[117.5293,-33.3937],[117.5467,-33.3964],[117.5467,-33.4051],[117.6118,-33.4045],[117.6137,-33.3967],[117.6168,-33.4028],[117.6329,-33.4028],[117.6329,-33.395],[117.6393,-33.3856],[117.6391,-33.3724],[117.6447,-33.3724],[117.643,-33.3633],[117.6467,-33.3505],[117.6206,-33.3138],[117.6206,-33.303],[117.6319,-33.3029],[117.6352,-33.2964],[117.6394,-33.2952],[117.6394,-33.291],[117.6566,-33.291],[117.662,-33.2878],[117.662,-33.2725],[117.6572,-33.2725],[117.6487,-33.2653],[117.651,-33.2495],[117.6439,-33.2495],[117.6407,-33.2096],[117.6384,-33.2096],[117.6536,-33.1981],[117.6596,-33.1884],[117.6449,-33.1884],[117.6454,-33.1707],[117.6491,-33.1707],[117.6469,-33.1386],[117.6634,-33.1386],[117.6634,-33.1039],[117.6858,-33.1004],[117.6878,-33.0434],[117.6081,-33.0436],[117.5573,-33.0318],[117.5573,-33.0427],[117.5639,-33.0427],[117.5639,-33.0631],[117.5322,-33.0641],[117.5322,-33.0721],[117.5097,-33.0721],[117.5126,-33.0931],[117.5054,-33.0931],[117.5054,-33.1022],[117.5003,-33.1022],[117.5003,-33.0977],[117.4917,-33.0977],[117.4917,-33.1051],[117.461,-33.1045],[117.461,-33.1085],[117.455,-33.1085],[117.455,-33.1027],[117.4386,-33.1028],[117.4387,-33.1127],[117.4298,-33.1127],[117.431,-33.1232],[117.417,-33.1233],[117.4169,-33.1078],[117.4029,-33.1078],[117.4029,-33.1124],[117.3943,-33.1124],[117.3943,-33.1081],[117.3628,-33.1033],[117.3628,-33.1214],[117.3575,-33.1214],[117.3575,-33.1244],[117.2814,-33.124],[117.2784,-33.1418],[117.2695,-33.1418],[117.2695,-33.1307],[117.2641,-33.1311],[117.2642,-33.1414],[117.2353,-33.1459],[117.2353,-33.1518],[117.218,-33.1515],[117.218,-33.1477],[117.1942,-33.1479],[117.1899,-33.1601],[117.1868,-33.1601],[117.1821,-33.1509],[117.1765,-33.1509],[117.1765,-33.1563],[117.1532,-33.1563],[117.1526,-33.1685],[117.1466,-33.1685],[117.143,-33.1641],[117.1276,-33.1642],[117.1273,-33.172],[117.1077,-33.172],[117.1077,-33.1788],[117.0924,-33.176],[117.0924,-33.1802],[117.0831,-33.1802],[117.0831,-33.1957],[117.0852,-33.1957],[117.0852,-33.2029],[117.0884,-33.2029],[117.087,-33.2252],[117.0926,-33.231],[117.0899,-33.2404],[117.086,-33.2417],[117.0907,-33.2459],[117.0861,-33.2499],[117.0957,-33.2542],[117.0957,-33.2832],[117.0846,-33.2832],[117.0872,-33.3401]]]}},{"type":"Feature","properties":{"lga_name":"Wandering"},"geometry":{"type":"Polygon","coordinates":[[[116.9084,-32.6669],[116.907,-32.6556],[116.9043,-32.6555],[116.91,-32.6038],[116.917,-32.5812],[116.9121,-32.5738],[116.8895,-32.5599],[116.8787,-32.5395],[116.8603,-32.5303],[116.856,-32.5215],[116.8234,-32.4885],[116.7917,-32.487],[116.7761,-32.4925],[116.7704,-32.4831],[116.7613,-32.487],[116.7527,-32.4836],[116.7408,-32.4875],[116.7281,-32.4839],[116.7043,-32.4867],[116.5349,-32.4867],[116.5344,-32.3577],[116.3838,-32.3574],[116.384,-32.2364],[116.2249,-32.2359],[116.1896,-32.2874],[116.2139,-32.3233],[116.2312,-32.3565],[116.2597,-32.3899],[116.2597,-32.4981],[116.3596,-32.4981],[116.3652,-32.5022],[116.4408,-32.5749],[116.4766,-32.6282],[116.5102,-32.6637],[116.5212,-32.6826],[116.5224,-32.691],[116.5409,-32.7049],[116.5488,-32.7167],[116.5691,-32.7336],[116.5756,-32.7512],[116.5907,-32.7717],[116.5985,-32.7741],[116.6049,-32.7694],[116.6256,-32.7714],[116.6454,-32.782],[116.6543,-32.7818],[116.6529,-32.7927],[116.6583,-32.8159],[116.6697,-32.8159],[116.6699,-32.7999],[116.7284,-32.8012],[116.7286,-32.8115],[116.7625,-32.813],[116.7629,-32.7877],[116.7711,-32.7933],[116.7905,-32.7933],[116.7905,-32.8014],[116.7948,-32.8014],[116.7947,-32.7849],[116.8299,-32.766],[116.8779,-32.766],[116.8779,-32.7617],[116.9435,-32.761],[116.9435,-32.7564],[116.9401,-32.7564],[116.9402,-32.745],[116.934,-32.7394],[116.934,-32.7316],[116.9292,-32.7316],[116.9292,-32.7255],[116.9238,-32.7255],[116.9238,-32.7062],[116.916,-32.7062],[116.916,-32.6847],[116.9117,-32.6846],[116.9124,-32.667],[116.9084,-32.6669]]]}},{"type":"Feature","properties":{"lga_name":"Wanneroo"},"geometry":{"type":"Polygon","coordinates":[[[115.8386,-31.8484],[115.8777,-31.8507],[115.8739,-31.7956],[115.8828,-31.7956],[115.8831,-31.7322],[115.8802,-31.7322],[115.8802,-31.7249],[115.8833,-31.7249],[115.8835,-31.6275],[115.8596,-31.6272],[115.8598,-31.5736],[115.8552,-31.5737],[115.8558,-31.4743],[115.6784,-31.477],[115.6714,-31.4661],[115.6701,-31.4551],[115.5607,-31.4552],[115.5639,-31.4651],[115.5809,-31.4868],[115.5826,-31.4929],[115.5798,-31.4963],[115.6011,-31.5162],[115.6085,-31.532],[115.6352,-31.5656],[115.6532,-31.6029],[115.6629,-31.6143],[115.6687,-31.6315],[115.6852,-31.6526],[115.6905,-31.6747],[115.699,-31.6851],[115.6975,-31.6892],[115.7049,-31.7019],[115.7066,-31.712],[115.7481,-31.712],[115.7498,-31.7224],[115.7737,-31.7172],[115.7743,-31.723],[115.7923,-31.743],[115.7878,-31.7519],[115.7991,-31.7704],[115.7965,-31.7831],[115.8078,-31.7913],[115.8116,-31.8015],[115.8168,-31.7997],[115.8198,-31.8057],[115.8233,-31.8423],[115.8386,-31.8484]]]}},{"type":"Feature","properties":{"lga_name":"Waroona"},"geometry":{"type":"Polygon","coordinates":[[[115.665,-32.8019],[115.6503,-32.8019],[115.6503,-32.7934],[115.6286,-32.7934],[115.6326,-32.8339],[115.6528,-32.8952],[115.6585,-32.9331],[115.7004,-32.9317],[115.7083,-32.9293],[115.7085,-32.9252],[115.7204,-32.9252],[115.7198,-32.9219],[115.7638,-32.922],[115.7638,-32.93],[115.7808,-32.93],[115.7808,-32.9366],[115.8131,-32.9365],[115.8129,-32.9259],[115.8238,-32.9259],[115.8238,-32.9288],[115.8358,-32.9288],[115.8387,-32.9357],[115.8497,-32.9356],[115.853,-32.9314],[115.868,-32.9422],[115.8692,-32.935],[115.8745,-32.935],[115.8745,-32.938],[115.9244,-32.9381],[115.9244,-32.9411],[115.94,-32.941],[115.94,-32.937],[115.943,-32.9362],[115.9478,-32.9423],[115.9513,-32.9423],[115.9513,-32.9385],[115.9564,-32.9384],[115.9564,-32.9329],[115.9935,-32.9333],[115.9893,-32.9384],[115.9944,-32.9384],[115.9944,-32.9424],[116.0003,-32.9424],[116.0003,-32.9399],[116.0216,-32.9402],[116.0216,-32.9358],[116.1506,-32.9355],[116.1638,-32.9337],[116.1643,-32.9301],[116.1719,-32.9265],[116.1731,-32.9358],[116.1652,-32.9417],[116.18,-32.9431],[116.178,-32.7894],[116.1139,-32.7893],[116.1145,-32.7866],[116.1047,-32.7816],[116.11,-32.7739],[116.1029,-32.7743],[116.1004,-32.7689],[116.0918,-32.7725],[116.0816,-32.7721],[116.0796,-32.7626],[116.0723,-32.7622],[116.0746,-32.7581],[116.0726,-32.7559],[116.0617,-32.7598],[116.0515,-32.7578],[116.0444,-32.7623],[116.0155,-32.7552],[116.0093,-32.76],[115.9999,-32.76],[115.9979,-32.7639],[116.0003,-32.7661],[115.9982,-32.7713],[116.0005,-32.7795],[115.9805,-32.7738],[115.9703,-32.7612],[115.9677,-32.7667],[115.9698,-32.7721],[115.9579,-32.7831],[115.9489,-32.7838],[115.949,-32.7914],[115.869,-32.7906],[115.869,-32.7942],[115.8486,-32.7953],[115.8457,-32.7985],[115.8147,-32.7979],[115.8147,-32.794],[115.8039,-32.7865],[115.7955,-32.7927],[115.7526,-32.8017],[115.7526,-32.7973],[115.7595,-32.7907],[115.715,-32.7939],[115.716,-32.786],[115.7128,-32.7733],[115.7124,-32.7877],[115.7029,-32.7828],[115.6673,-32.7827],[115.6712,-32.7974],[115.6654,-32.7973],[115.665,-32.8019]]]}},{"type":"Feature","properties":{"lga_name":"West Arthur"},"geometry":{"type":"Polygon","coordinates":[[[116.67,-33.2811],[116.5839,-33.3111],[116.5571,-33.3111],[116.5571,-33.3038],[116.5272,-33.3038],[116.5272,-33.3198],[116.454,-33.3397],[116.454,-33.3434],[116.3827,-33.3434],[116.3823,-33.4562],[116.3332,-33.4729],[116.3332,-33.4952],[116.3246,-33.4952],[116.3246,-33.5024],[116.2657,-33.4994],[116.277,-33.5151],[116.2898,-33.5258],[116.2942,-33.5464],[116.3028,-33.5555],[116.3027,-33.5644],[116.3115,-33.5691],[116.3648,-33.5691],[116.3648,-33.5765],[116.3867,-33.5766],[116.3841,-33.5835],[116.4058,-33.5835],[116.4058,-33.5916],[116.4119,-33.5916],[116.4119,-33.6055],[116.4293,-33.6026],[116.429,-33.6127],[116.439,-33.6128],[116.4388,-33.6219],[116.4508,-33.6221],[116.4508,-33.6184],[116.4594,-33.6184],[116.4594,-33.6239],[116.4731,-33.6239],[116.4731,-33.6402],[116.4848,-33.6423],[116.4848,-33.6666],[116.4979,-33.6666],[116.4979,-33.6592],[116.5326,-33.6592],[116.5326,-33.6732],[116.5563,-33.673],[116.5563,-33.6677],[116.5742,-33.6677],[116.5793,-33.6641],[116.5871,-33.6717],[116.6019,-33.6784],[116.6094,-33.6695],[116.6143,-33.6685],[116.6166,-33.671],[116.6103,-33.6784],[116.6262,-33.6799],[116.6288,-33.6845],[116.6369,-33.684],[116.639,-33.6866],[116.6361,-33.6955],[116.6442,-33.6951],[116.6536,-33.7],[116.6565,-33.6972],[116.6583,-33.6967],[116.6885,-33.7005],[116.6879,-33.6957],[116.6932,-33.6927],[116.6931,-33.6876],[116.6971,-33.6845],[116.7157,-33.6828],[116.7285,-33.6857],[116.7392,-33.6766],[116.7531,-33.6766],[116.7531,-33.6715],[116.7568,-33.6715],[116.7568,-33.6773],[116.7698,-33.6773],[116.7698,-33.6854],[116.7663,-33.6854],[116.7663,-33.6907],[116.7685,-33.687],[116.7794,-33.687],[116.7794,-33.6972],[116.7853,-33.6979],[116.7916,-33.6972],[116.7923,-33.6926],[116.7992,-33.6927],[116.7992,-33.687],[116.8097,-33.687],[116.8097,-33.6735],[116.8249,-33.6785],[116.8298,-33.6785],[116.8298,-33.6733],[116.8714,-33.6751],[116.8743,-33.6785],[116.9048,-33.6785],[116.9048,-33.6673],[116.9868,-33.6695],[116.9803,-33.5443],[116.9822,-33.4981],[116.9865,-33.503],[116.9891,-33.5004],[116.9936,-33.5049],[116.9995,-33.5022],[117.0033,-33.5071],[117.0149,-33.5091],[117.0278,-33.5003],[117.0281,-33.4972],[117.0439,-33.4911],[117.0462,-33.4963],[117.0538,-33.4978],[117.0542,-33.5091],[117.0659,-33.509],[117.0659,-33.5043],[117.0716,-33.5037],[117.0733,-33.4992],[117.0913,-33.4968],[117.0913,-33.4938],[117.1054,-33.4938],[117.1054,-33.4822],[117.0969,-33.4822],[117.0969,-33.4693],[117.0913,-33.4693],[117.0913,-33.4606],[117.1061,-33.4606],[117.1061,-33.4475],[117.0953,-33.4475],[117.0963,-33.4347],[117.0844,-33.4313],[117.0844,-33.4266],[117.093,-33.4267],[117.093,-33.4174],[117.0841,-33.4174],[117.088,-33.4141],[117.088,-33.4044],[117.0963,-33.4044],[117.0963,-33.3861],[117.0853,-33.3861],[117.0872,-33.3263],[117.0846,-33.2832],[117.0957,-33.2832],[117.0957,-33.2542],[117.0861,-33.2499],[117.0907,-33.2459],[117.086,-33.2417],[117.0899,-33.2404],[117.0926,-33.231],[117.087,-33.2252],[117.0884,-33.2029],[117.0852,-33.2029],[117.0852,-33.1957],[117.0831,-33.1957],[117.0831,-33.1802],[117.0674,-33.1802],[117.0674,-33.1826],[117.0418,-33.1809],[117.0418,-33.1884],[117.0186,-33.1864],[117.0081,-33.1912],[117.0083,-33.1957],[116.9999,-33.1963],[116.9999,-33.1999],[116.9651,-33.1999],[116.9652,-33.2053],[116.9448,-33.2041],[116.9449,-33.2163],[116.9112,-33.217],[116.9112,-33.2223],[116.8941,-33.2223],[116.8941,-33.2289],[116.8592,-33.2284],[116.8592,-33.2245],[116.8512,-33.2341],[116.8512,-33.2419],[116.8411,-33.2419],[116.8354,-33.2529],[116.8096,-33.2529],[116.8096,-33.2469],[116.8053,-33.2507],[116.7893,-33.2505],[116.7893,-33.2555],[116.7787,-33.2555],[116.7798,-33.2537],[116.7718,-33.2512],[116.7718,-33.2621],[116.693,-33.2611],[116.6952,-33.2811],[116.67,-33.2811]]]}},{"type":"Feature","properties":{"lga_name":"Westonia"},"geometry":{"type":"Polygon","coordinates":[[[118.5199,-30.4925],[118.5047,-30.957],[118.5053,-31.1893],[118.5091,-31.1958],[118.5096,-31.2602],[118.5133,-31.2708],[118.5086,-31.2937],[118.5089,-31.3321],[118.5018,-31.3753],[118.5018,-31.4047],[118.6019,-31.5367],[118.6179,-31.5277],[118.6311,-31.545],[118.6433,-31.5382],[118.6521,-31.5497],[118.6755,-31.5497],[118.6755,-31.5554],[118.741,-31.5554],[118.7375,-31.4216],[118.7403,-31.3947],[118.7453,-31.3947],[118.7453,-31.3923],[118.74,-31.389],[118.7404,-31.353],[118.7628,-31.353],[118.7628,-31.3285],[118.7395,-31.3285],[118.7387,-31.2594],[118.759,-31.2436],[118.7721,-31.2436],[118.7721,-31.2179],[118.8101,-31.2179],[118.8111,-31.149],[118.8236,-31.1491],[118.8236,-31.121],[118.8485,-31.121],[118.8485,-31.1006],[118.8439,-31.1007],[118.8439,-31.0749],[118.8704,-31.0749],[118.8705,-31.05],[118.8743,-31.05],[118.8743,-31.0207],[118.8677,-31.0066],[118.8634,-31.0073],[118.8634,-30.9621],[118.891,-30.9621],[118.891,-30.9676],[118.9184,-30.9676],[118.9198,-30.9344],[118.9456,-30.9338],[118.9575,-30.9263],[118.9449,-30.9031],[118.9439,-30.8952],[118.9297,-30.8853],[118.9283,-30.8626],[118.9118,-30.8626],[118.9118,-30.8566],[118.9173,-30.8472],[118.8951,-30.8375],[118.8772,-30.8375],[118.8772,-30.8273],[118.8596,-30.8273],[118.8596,-30.8175],[118.825,-30.8179],[118.825,-30.8115],[118.7849,-30.8115],[118.7849,-30.7704],[118.7612,-30.7704],[118.7586,-30.7581],[118.7729,-30.7579],[118.7729,-30.721],[118.7552,-30.721],[118.7552,-30.691],[118.7515,-30.691],[118.7515,-30.6328],[118.5079,-30.2033],[118.5079,-30.2468],[118.515,-30.3045],[118.5197,-30.3152],[118.5199,-30.4925]]]}},{"type":"Feature","properties":{"lga_name":"Wickepin"},"geometry":{"type":"Polygon","coordinates":[[[117.4106,-32.804],[117.4106,-32.8169],[117.4222,-32.8168],[117.4221,-32.8359],[117.4516,-32.8336],[117.4516,-32.8391],[117.4783,-32.8391],[117.4783,-32.8576],[117.4811,-32.8576],[117.4811,-32.8627],[117.4854,-32.8627],[117.4865,-32.8734],[117.5067,-32.8735],[117.5067,-32.8782],[117.5135,-32.8782],[117.5134,-32.8687],[117.5176,-32.8687],[117.5176,-32.877],[117.5632,-32.8747],[117.5633,-32.8869],[117.5721,-32.8868],[117.5742,-32.924],[117.5683,-32.924],[117.5657,-32.9428],[117.5695,-32.9458],[117.5695,-32.9723],[117.5727,-32.9723],[117.5727,-32.9841],[117.5654,-32.9841],[117.5654,-32.9931],[117.5723,-32.9931],[117.572,-33.0003],[117.5611,-33.0003],[117.5611,-33.0154],[117.5756,-33.0154],[117.5757,-33.0218],[117.5695,-33.0218],[117.5676,-33.0343],[117.6081,-33.0436],[117.7025,-33.0434],[117.7072,-33.0456],[117.7072,-33.052],[117.7244,-33.052],[117.7244,-33.048],[117.7459,-33.0478],[117.7459,-33.044],[117.8138,-33.0462],[117.8116,-33.089],[117.8215,-33.089],[117.8215,-33.0932],[117.8383,-33.0932],[117.8383,-33.1032],[117.8565,-33.1032],[117.8565,-33.099],[117.8726,-33.0992],[117.8726,-33.0858],[117.8858,-33.0858],[117.8857,-33.0703],[117.8904,-33.0702],[117.8903,-33.0584],[117.9085,-33.0584],[117.9085,-33.0617],[117.9123,-33.0617],[117.9219,-32.9364],[117.8876,-32.845],[117.8462,-32.6017],[117.8245,-32.5925],[117.7697,-32.5925],[117.7776,-32.5805],[117.7501,-32.5781],[117.7501,-32.5855],[117.73,-32.5855],[117.73,-32.5781],[117.7262,-32.5765],[117.7262,-32.593],[117.7155,-32.593],[117.7155,-32.5853],[117.7059,-32.5853],[117.7059,-32.5759],[117.6934,-32.5777],[117.6934,-32.5847],[117.6765,-32.5847],[117.6765,-32.5892],[117.6498,-32.589],[117.6498,-32.5955],[117.638,-32.5955],[117.6403,-32.5881],[117.6338,-32.5553],[117.5993,-32.5553],[117.5993,-32.541],[117.5739,-32.541],[117.5737,-32.5924],[117.5806,-32.5924],[117.5806,-32.6033],[117.5521,-32.6033],[117.5521,-32.6178],[117.5144,-32.6178],[117.5144,-32.6146],[117.5026,-32.6132],[117.444,-32.6112],[117.444,-32.6178],[117.4349,-32.6179],[117.4349,-32.6119],[117.4177,-32.6119],[117.4175,-32.6076],[117.3877,-32.6076],[117.3849,-32.6046],[117.3681,-32.6162],[117.3732,-32.6162],[117.3732,-32.622],[117.363,-32.622],[117.363,-32.6252],[117.3805,-32.6428],[117.387,-32.6824],[117.4021,-32.7166],[117.3898,-32.7268],[117.3815,-32.7266],[117.3815,-32.7306],[117.3701,-32.7305],[117.3701,-32.7347],[117.3633,-32.7347],[117.3633,-32.7402],[117.3577,-32.7402],[117.361,-32.7628],[117.361,-32.804],[117.4106,-32.804]]]}},{"type":"Feature","properties":{"lga_name":"Williams"},"geometry":{"type":"Polygon","coordinates":[[[116.8779,-32.766],[116.8299,-32.766],[116.7947,-32.7849],[116.7948,-32.8014],[116.7905,-32.8014],[116.7905,-32.7933],[116.7711,-32.7933],[116.7629,-32.7877],[116.7625,-32.813],[116.7286,-32.8115],[116.7284,-32.8012],[116.6699,-32.7999],[116.6697,-32.8159],[116.6594,-32.8159],[116.6586,-32.8469],[116.6501,-32.8469],[116.65,-32.9078],[116.6175,-32.9078],[116.6174,-32.9817],[116.6034,-32.9817],[116.6035,-33.0085],[116.5784,-33.0086],[116.5788,-33.0219],[116.5732,-33.022],[116.5735,-33.0314],[116.5673,-33.0383],[116.5679,-33.0612],[116.5406,-33.058],[116.5399,-33.0781],[116.5316,-33.0783],[116.5232,-33.0772],[116.5232,-33.0728],[116.5121,-33.0725],[116.5121,-33.062],[116.469,-33.062],[116.469,-33.0858],[116.4124,-33.0858],[116.4124,-33.1949],[116.404,-33.1949],[116.404,-33.2315],[116.399,-33.2315],[116.3891,-33.3073],[116.3892,-33.3434],[116.454,-33.3434],[116.454,-33.3397],[116.5272,-33.3198],[116.5272,-33.3038],[116.5571,-33.3038],[116.5571,-33.3111],[116.5839,-33.3111],[116.67,-33.2811],[116.6952,-33.2811],[116.693,-33.2611],[116.7718,-33.2621],[116.7718,-33.2512],[116.7798,-33.2537],[116.7787,-33.2555],[116.7893,-33.2555],[116.7893,-33.2505],[116.8053,-33.2507],[116.8096,-33.2469],[116.8096,-33.2529],[116.8354,-33.2529],[116.8411,-33.2419],[116.8512,-33.2419],[116.8512,-33.2341],[116.8592,-33.2245],[116.8592,-33.2284],[116.8941,-33.2289],[116.8941,-33.2223],[116.9112,-33.2223],[116.9112,-33.217],[116.9449,-33.2163],[116.9448,-33.2041],[116.9652,-33.2053],[116.9651,-33.1999],[116.9999,-33.1999],[116.9999,-33.1963],[117.0083,-33.1957],[117.0081,-33.1912],[117.013,-33.1899],[117.0127,-33.1719],[117.0268,-33.1694],[117.0268,-33.1497],[117.0298,-33.1497],[117.0298,-33.145],[117.0231,-33.145],[117.0231,-33.1406],[117.0183,-33.1385],[117.0204,-33.1232],[117.0161,-33.1232],[117.017,-33.09],[116.9984,-33.0866],[116.9984,-33.0708],[117.0052,-33.0708],[117.0052,-33.0489],[117.0013,-33.0469],[117.0025,-33.0395],[117.0068,-33.0395],[117.0067,-33.0034],[116.9871,-33.0103],[116.9764,-33.0103],[116.9742,-32.9696],[116.9824,-32.9695],[116.9824,-32.9638],[116.9767,-32.9638],[116.9767,-32.957],[116.9824,-32.957],[116.9824,-32.9429],[116.9775,-32.9429],[116.9775,-32.9373],[116.9715,-32.9373],[116.9715,-32.9323],[116.9543,-32.9312],[116.9543,-32.9176],[116.9575,-32.9176],[116.9575,-32.8882],[116.9516,-32.8881],[116.9517,-32.8617],[116.9491,-32.8602],[116.9493,-32.8368],[116.9526,-32.8368],[116.9526,-32.829],[116.9394,-32.829],[116.9394,-32.8245],[116.9459,-32.8245],[116.9459,-32.8154],[116.9405,-32.8172],[116.9405,-32.808],[116.9435,-32.8081],[116.9435,-32.761],[116.8779,-32.7617],[116.8779,-32.766]]]}},{"type":"Feature","properties":{"lga_name":"Wiluna"},"geometry":{"type":"Polygon","coordinates":[[[119.7276,-26.4868],[119.6139,-26.5527],[119.6024,-26.5711],[119.5956,-26.5712],[119.5834,-26.5777],[119.5825,-26.5922],[119.5767,-26.6057],[119.5285,-26.6444],[119.5019,-26.6809],[119.4858,-26.722],[119.4475,-26.7688],[119.4114,-26.7851],[119.3395,-26.8638],[119.332,-26.8994],[119.2879,-27.0087],[119.2732,-27.0149],[119.2365,-27.0628],[119.2014,-27.1694],[119.2042,-27.1815],[119.1968,-27.2023],[119.2011,-27.2311],[119.3325,-27.2422],[119.585,-27.2422],[119.585,-27.2903],[120.8071,-27.2924],[121.7791,-27.2903],[121.7791,-26.8068],[122.0655,-26.8068],[122.0656,-26.8284],[122.461,-26.8284],[122.461,-26.7128],[122.6892,-26.7128],[122.6892,-26.6547],[122.9639,-26.6547],[122.9639,-26.6819],[123.0467,-26.6819],[123.0467,-26.7455],[124.0211,-26.7472],[124.668,-26.745],[124.668,-23.4403],[123.6858,-23.4441],[122.4838,-23.4402],[121.0048,-23.4403],[121.0048,-23.7279],[120.671,-23.728],[120.612,-23.8053],[120.61,-23.8123],[120.5373,-23.8527],[120.5244,-23.8529],[120.5127,-23.8481],[120.5079,-23.8505],[120.4931,-23.8662],[120.4364,-23.9536],[120.4101,-24.0172],[120.3649,-24.072],[120.3211,-24.1086],[120.3003,-24.1347],[120.2878,-24.1592],[120.2499,-24.2107],[120.2196,-24.2461],[120.2129,-24.2858],[120.1835,-24.3309],[120.1584,-24.3445],[120.1325,-24.3707],[120.1114,-24.4563],[120.0781,-24.4761],[120.0667,-24.493],[120.0771,-24.5024],[120.0823,-24.5256],[120.0925,-24.5401],[120.085,-24.5529],[120.0768,-24.5958],[120.07,-24.609],[120.0428,-24.7074],[120.053,-24.723],[120.056,-24.7335],[120.0553,-24.845],[120.0884,-24.9159],[120.0987,-24.927],[120.1054,-24.9402],[120.1154,-24.9976],[120.195,-25.1487],[120.1935,-25.1551],[120.1985,-25.1629],[120.2024,-25.1826],[120.2022,-25.1921],[120.1768,-25.2015],[120.1673,-25.2003],[120.1621,-25.2123],[120.137,-25.2324],[120.085,-25.3386],[120.0883,-25.5274],[120.0864,-25.5519],[120.0919,-25.5612],[120.0994,-25.6219],[120.1073,-25.6319],[120.1122,-25.726],[120.1188,-25.7544],[120.0079,-26.027],[119.977,-26.0605],[119.9611,-26.0857],[119.9413,-26.1408],[119.9336,-26.1492],[119.9218,-26.1876],[119.9129,-26.1996],[119.8945,-26.2136],[119.883,-26.2406],[119.8673,-26.2569],[119.8142,-26.3648],[119.808,-26.3708],[119.8046,-26.3822],[119.8046,-26.4403],[119.7923,-26.4496],[119.7765,-26.4529],[119.7497,-26.4686],[119.7276,-26.4868]]]}},{"type":"Feature","properties":{"lga_name":"Wongan-Ballidu"},"geometry":{"type":"Polygon","coordinates":[[[116.5428,-30.5994],[116.5436,-30.7205],[116.5039,-30.7207],[116.5039,-30.7181],[116.4997,-30.7181],[116.4997,-30.7207],[116.4532,-30.7209],[116.4537,-30.7392],[116.4447,-30.7393],[116.4448,-30.8184],[116.4417,-30.8193],[116.4393,-30.8486],[116.45,-30.8485],[116.45,-30.87],[116.4669,-30.8735],[116.467,-30.8863],[116.5409,-30.8862],[116.5409,-30.96],[116.5727,-30.96],[116.5727,-30.971],[116.584,-30.971],[116.5838,-30.9891],[116.5983,-30.9901],[116.6005,-31.0123],[116.6458,-31.0122],[116.6595,-31.005],[116.6825,-31.005],[116.6818,-30.9809],[116.6976,-30.9809],[116.6977,-30.9905],[116.7203,-30.9909],[116.7205,-31.0013],[116.7308,-31.0013],[116.7332,-30.996],[116.7346,-30.9978],[116.744,-30.994],[116.7461,-30.9974],[116.7922,-30.9771],[116.7923,-30.9739],[116.8612,-30.9735],[116.9116,-30.9672],[116.9115,-30.9598],[116.9502,-30.9604],[116.9502,-30.9495],[116.9544,-30.9495],[116.9544,-30.9379],[116.9671,-30.9379],[116.9671,-30.9249],[117.0081,-30.9249],[117.0082,-30.8653],[117.0356,-30.8653],[117.0358,-30.8012],[117.2111,-30.8017],[117.2117,-30.7956],[117.2418,-30.7572],[117.2416,-30.7027],[117.2578,-30.7028],[117.2578,-30.6897],[117.2483,-30.6897],[117.2475,-30.6651],[117.2437,-30.665],[117.2437,-30.6614],[117.2381,-30.6614],[117.238,-30.6232],[117.2454,-30.6232],[117.2452,-30.5281],[117.2338,-30.5281],[117.2338,-30.4999],[117.2417,-30.4979],[117.2443,-30.4658],[117.2036,-30.4656],[117.2036,-30.462],[117.1812,-30.462],[117.1811,-30.458],[117.1633,-30.4579],[117.1632,-30.4507],[117.1369,-30.4504],[117.1368,-30.4649],[117.1415,-30.465],[117.1414,-30.4756],[117.1394,-30.4825],[117.129,-30.4824],[117.1288,-30.4884],[117.0862,-30.4867],[117.0793,-30.4855],[117.0793,-30.48],[117.0336,-30.4803],[117.0293,-30.4921],[116.9863,-30.4922],[116.9863,-30.4835],[116.9397,-30.4836],[116.9386,-30.4969],[116.9111,-30.4969],[116.9111,-30.4919],[116.8742,-30.4933],[116.8742,-30.499],[116.8574,-30.5003],[116.8568,-30.5115],[116.7325,-30.5118],[116.7242,-30.5137],[116.7241,-30.5169],[116.7046,-30.517],[116.7046,-30.502],[116.6637,-30.5015],[116.6637,-30.5046],[116.5299,-30.5052],[116.53,-30.5114],[116.511,-30.5097],[116.5115,-30.5981],[116.5428,-30.5994]]]}},{"type":"Feature","properties":{"lga_name":"Woodanilling"},"geometry":{"type":"Polygon","coordinates":[[[117.2551,-33.507],[117.1698,-33.5094],[117.1527,-33.5169],[117.1334,-33.515],[117.121,-33.5179],[117.1134,-33.5153],[117.1134,-33.5106],[117.0913,-33.5106],[117.0913,-33.4968],[117.0733,-33.4992],[117.0716,-33.5037],[117.0659,-33.5043],[117.0659,-33.509],[117.063,-33.5091],[117.0542,-33.5091],[117.0538,-33.4978],[117.0462,-33.4963],[117.0439,-33.4911],[117.0281,-33.4972],[117.0278,-33.5003],[117.0149,-33.5091],[117.0033,-33.5071],[116.9995,-33.5022],[116.9936,-33.5049],[116.9891,-33.5004],[116.9865,-33.503],[116.9823,-33.498],[116.9803,-33.5443],[116.9846,-33.6333],[117.0911,-33.6331],[117.0933,-33.645],[117.1035,-33.636],[117.1339,-33.6382],[117.1338,-33.6416],[117.1425,-33.6416],[117.1425,-33.6393],[117.1689,-33.6429],[117.1931,-33.633],[117.2126,-33.6393],[117.213,-33.6489],[117.2393,-33.6549],[117.2413,-33.6529],[117.2358,-33.6507],[117.2374,-33.6494],[117.2458,-33.6488],[117.2495,-33.6529],[117.2527,-33.6494],[117.2587,-33.6516],[117.2624,-33.6486],[117.2679,-33.6499],[117.2717,-33.6451],[117.2777,-33.6482],[117.287,-33.6441],[117.2943,-33.6482],[117.4239,-33.6485],[117.4239,-33.6276],[117.4577,-33.6272],[117.4577,-33.6235],[117.4717,-33.6128],[117.4849,-33.613],[117.4854,-33.5948],[117.5074,-33.5953],[117.5083,-33.5635],[117.5655,-33.5634],[117.5655,-33.5529],[117.5763,-33.5529],[117.5763,-33.5433],[117.5817,-33.5433],[117.5817,-33.5368],[117.5923,-33.5368],[117.5923,-33.5309],[117.5995,-33.5309],[117.5994,-33.528],[117.6144,-33.5288],[117.614,-33.5221],[117.6396,-33.5231],[117.6396,-33.5053],[117.6482,-33.5053],[117.6444,-33.4832],[117.6598,-33.4832],[117.6598,-33.465],[117.6865,-33.4647],[117.6865,-33.4584],[117.6912,-33.4584],[117.6913,-33.4341],[117.6739,-33.4341],[117.6739,-33.4291],[117.6643,-33.4338],[117.6643,-33.4099],[117.6484,-33.4099],[117.6451,-33.402],[117.6168,-33.4028],[117.6137,-33.3967],[117.6118,-33.4045],[117.5467,-33.4051],[117.5467,-33.3964],[117.5293,-33.3937],[117.5293,-33.3876],[117.4984,-33.3879],[117.4984,-33.3843],[117.4845,-33.3843],[117.4845,-33.3913],[117.4801,-33.3863],[117.4701,-33.3863],[117.4701,-33.3971],[117.4592,-33.3971],[117.4592,-33.4029],[117.4701,-33.4029],[117.4701,-33.4065],[117.4472,-33.4065],[117.4472,-33.4113],[117.4428,-33.4113],[117.4428,-33.4177],[117.4208,-33.4179],[117.4208,-33.4252],[117.428,-33.4252],[117.428,-33.4335],[117.4154,-33.4335],[117.4154,-33.4216],[117.4033,-33.4216],[117.4033,-33.435],[117.3864,-33.435],[117.3871,-33.4399],[117.3561,-33.4399],[117.3561,-33.4347],[117.3299,-33.4346],[117.3299,-33.4398],[117.3183,-33.4398],[117.3182,-33.4535],[117.3063,-33.4547],[117.3019,-33.46],[117.2863,-33.4641],[117.2924,-33.4659],[117.2923,-33.4736],[117.2711,-33.4736],[117.2711,-33.4809],[117.2552,-33.4827],[117.2551,-33.507]]]}},{"type":"Feature","properties":{"lga_name":"Wyalkatchem"},"geometry":{"type":"Polygon","coordinates":[[[117.241,-31.1296],[117.2396,-31.1897],[117.2504,-31.1858],[117.2504,-31.1933],[117.2569,-31.1933],[117.2569,-31.1996],[117.2682,-31.1996],[117.2682,-31.2305],[117.2725,-31.2305],[117.2664,-31.2494],[117.2486,-31.2494],[117.2486,-31.2592],[117.2618,-31.2592],[117.2617,-31.2752],[117.2533,-31.2753],[117.2532,-31.2825],[117.2542,-31.2881],[117.2626,-31.2881],[117.259,-31.3115],[117.2646,-31.3115],[117.2646,-31.3276],[117.2802,-31.3276],[117.2802,-31.3533],[117.2748,-31.3533],[117.2749,-31.3697],[117.2782,-31.3697],[117.2737,-31.3747],[117.2737,-31.3916],[117.2703,-31.3916],[117.2702,-31.4026],[117.2904,-31.4038],[117.2904,-31.3945],[117.3186,-31.3965],[117.3259,-31.4021],[117.3318,-31.4021],[117.3317,-31.4112],[117.3382,-31.4112],[117.3351,-31.4367],[117.3978,-31.4338],[117.3978,-31.4392],[117.4357,-31.4391],[117.4357,-31.4079],[117.4675,-31.4078],[117.4675,-31.3729],[117.5209,-31.3738],[117.5236,-31.3693],[117.622,-31.3692],[117.622,-31.3783],[117.654,-31.3783],[117.654,-31.369],[117.6422,-31.3683],[117.6421,-31.3191],[117.6043,-31.3192],[117.6043,-31.3009],[117.6,-31.3009],[117.6,-31.2919],[117.6042,-31.2919],[117.6024,-31.22],[117.6096,-31.22],[117.6096,-31.1166],[117.6165,-31.1166],[117.6165,-31.0827],[117.6141,-31.0827],[117.6142,-31.0373],[117.5965,-31.0179],[117.6211,-31.0057],[117.621,-30.9513],[117.6171,-30.9513],[117.6171,-30.9562],[117.5923,-30.9601],[117.5894,-30.9552],[117.5879,-30.9588],[117.583,-30.9576],[117.5863,-30.9561],[117.5835,-30.9538],[117.5745,-30.9606],[117.5573,-30.9541],[117.5468,-30.9536],[117.5384,-30.9609],[117.5381,-30.9665],[117.5324,-30.9677],[117.5341,-30.9722],[117.5251,-30.9718],[117.5182,-30.9794],[117.5189,-30.9745],[117.5144,-30.9708],[117.4956,-30.9695],[117.4934,-30.9839],[117.4646,-30.9792],[117.4622,-30.9753],[117.4382,-30.9751],[117.4383,-30.9634],[117.4027,-30.9632],[117.3847,-30.9682],[117.3814,-30.9616],[117.3744,-30.9662],[117.3781,-30.9652],[117.3796,-30.9708],[117.3858,-30.9717],[117.3773,-30.978],[117.3685,-30.9754],[117.3673,-30.9793],[117.3635,-30.9775],[117.3661,-30.9816],[117.3602,-30.9823],[117.3655,-30.9848],[117.3601,-30.9856],[117.3643,-30.9891],[117.3576,-30.9883],[117.3591,-30.9906],[117.3561,-30.992],[117.3608,-30.9941],[117.3557,-30.997],[117.3549,-31.0019],[117.2478,-31.0019],[117.2466,-31.0705],[117.2485,-31.0792],[117.2574,-31.0792],[117.2574,-31.0872],[117.2485,-31.0873],[117.2486,-31.102],[117.2519,-31.1047],[117.2424,-31.1131],[117.2449,-31.1131],[117.2473,-31.1296],[117.241,-31.1296]]]}},{"type":"Feature","properties":{"lga_name":"Wyndham-East Kimberley"},"geometry":{"type":"MultiPolygon","coordinates":[[[[127.5642,-16.7694],[127.7153,-16.7693],[127.7153,-17.0762],[127.6214,-17.0762],[127.6214,-17.1494],[127.6307,-17.1494],[127.6307,-17.2319],[127.6519,-17.2319],[127.6519,-17.3363],[127.8146,-17.3363],[127.815,-17.2847],[127.7129,-17.2847],[127.7129,-17.2319],[127.8214,-17.2319],[127.8214,-17.1702],[127.8592,-17.1702],[127.8592,-17.0539],[128.1354,-17.0539],[128.1354,-17.0486],[128.2025,-17.0486],[128.2025,-16.9235],[128.2429,-16.9235],[128.2429,-16.9962],[128.479,-16.9962],[128.479,-16.9235],[128.6977,-16.9235],[128.7125,-16.9795],[129.0005,-16.9793],[129.0015,-14.8796],[128.9828,-14.8776],[128.9793,-14.8807],[128.9804,-14.8787],[128.9753,-14.8769],[128.9704,-14.8772],[128.97,-14.8797],[128.9696,-14.872],[128.9672,-14.8781],[128.9627,-14.8705],[128.9574,-14.8745],[128.9436,-14.8725],[128.9442,-14.8701],[128.9389,-14.8712],[128.9392,-14.872],[128.942,-14.8724],[128.9424,-14.8731],[128.9323,-14.8708],[128.93,-14.8642],[128.9242,-14.8629],[128.9213,-14.8654],[128.9159,-14.8618],[128.9181,-14.8607],[128.9062,-14.8558],[128.8449,-14.8611],[128.8318,-14.8595],[128.8265,-14.8543],[128.8242,-14.8563],[128.8028,-14.849],[128.7993,-14.8451],[128.7863,-14.8449],[128.7833,-14.8409],[128.7681,-14.8369],[128.7593,-14.8383],[128.7541,-14.8359],[128.7382,-14.8391],[128.7287,-14.8313],[128.7269,-14.8241],[128.7202,-14.8175],[128.7023,-14.8066],[128.6954,-14.8123],[128.6966,-14.8069],[128.7003,-14.8069],[128.6986,-14.8041],[128.6796,-14.7957],[128.6554,-14.7955],[128.6362,-14.7885],[128.6204,-14.7875],[128.6121,-14.7902],[128.6203,-14.792],[128.6279,-14.799],[128.6234,-14.8039],[128.6157,-14.7997],[128.6138,-14.8049],[128.6099,-14.8011],[128.6035,-14.8048],[128.6005,-14.8006],[128.5967,-14.8042],[128.596,-14.8007],[128.5929,-14.8018],[128.5893,-14.8072],[128.5871,-14.8077],[128.5895,-14.8053],[128.5859,-14.8018],[128.5885,-14.7974],[128.5779,-14.7932],[128.5755,-14.7958],[128.5784,-14.7906],[128.5741,-14.7858],[128.5698,-14.7869],[128.5703,-14.7911],[128.5658,-14.7824],[128.5541,-14.7808],[128.55,-14.7723],[128.5473,-14.7726],[128.5505,-14.7679],[128.5285,-14.78],[128.5366,-14.7843],[128.5359,-14.787],[128.5253,-14.7896],[128.5164,-14.7825],[128.5066,-14.781],[128.4851,-14.7914],[128.4753,-14.7862],[128.4732,-14.7899],[128.4671,-14.7914],[128.4659,-14.7997],[128.4492,-14.8041],[128.4364,-14.8122],[128.4314,-14.8101],[128.4305,-14.8036],[128.4261,-14.803],[128.4185,-14.7953],[128.4075,-14.8026],[128.3934,-14.8045],[128.3799,-14.8163],[128.3809,-14.8234],[128.3955,-14.8218],[128.4275,-14.8411],[128.4391,-14.8519],[128.467,-14.8891],[128.4771,-14.9116],[128.47,-14.9259],[128.4703,-14.9313],[128.487,-14.957],[128.5078,-14.9737],[128.5179,-14.9986],[128.5188,-15.0048],[128.5145,-15.0092],[128.519,-15.0148],[128.517,-15.0171],[128.5114,-15.0136],[128.5104,-14.9988],[128.5033,-14.9913],[128.5017,-14.9785],[128.4739,-14.9567],[128.4411,-14.9137],[128.4217,-14.8817],[128.4134,-14.8776],[128.4025,-14.8783],[128.4178,-14.9043],[128.4155,-14.9143],[128.4192,-14.9277],[128.438,-14.9745],[128.4559,-14.9956],[128.4486,-15.0021],[128.43,-14.9805],[128.4189,-14.9503],[128.401,-14.9385],[128.3687,-14.8899],[128.3582,-14.885],[128.3548,-14.8874],[128.3542,-14.8952],[128.3551,-14.9449],[128.3513,-14.9511],[128.3491,-14.968],[128.354,-14.9751],[128.3875,-14.9978],[128.4104,-15.0321],[128.4075,-15.034],[128.3786,-15.0006],[128.3581,-14.9913],[128.3641,-15.0409],[128.374,-15.0614],[128.3619,-15.0666],[128.3579,-15.0472],[128.3503,-15.035],[128.3426,-15.0072],[128.328,-14.9741],[128.3231,-14.9332],[128.3139,-14.9257],[128.2959,-14.9374],[128.2925,-14.9668],[128.3147,-14.9959],[128.3312,-15.0354],[128.3268,-15.039],[128.3247,-15.0361],[128.3073,-14.9946],[128.2892,-14.9741],[128.2733,-14.9831],[128.2655,-14.9826],[128.2517,-14.9936],[128.2508,-14.9915],[128.2319,-14.9994],[128.2266,-15.0056],[128.1991,-15.0708],[128.194,-15.0935],[128.2211,-15.1309],[128.224,-15.1654],[128.2202,-15.2038],[128.2377,-15.2435],[128.2432,-15.2519],[128.2781,-15.2786],[128.2902,-15.2959],[128.3008,-15.3197],[128.2985,-15.3476],[128.2923,-15.3637],[128.2953,-15.4013],[128.2996,-15.4012],[128.2963,-15.4047],[128.3073,-15.414],[128.3,-15.4395],[128.2991,-15.4602],[128.3111,-15.4708],[128.3157,-15.4793],[128.3243,-15.4839],[128.3296,-15.501],[128.3332,-15.5022],[128.3386,-15.498],[128.3421,-15.5005],[128.3345,-15.5072],[128.3274,-15.5051],[128.3207,-15.4958],[128.3215,-15.4878],[128.3045,-15.4735],[128.303,-15.475],[128.2923,-15.4599],[128.2904,-15.4487],[128.2963,-15.431],[128.2893,-15.4195],[128.2813,-15.3906],[128.2779,-15.3612],[128.2816,-15.3459],[128.256,-15.3164],[128.258,-15.3063],[128.2115,-15.2606],[128.1882,-15.2288],[128.1636,-15.2084],[128.1441,-15.1999],[128.1283,-15.1837],[128.1185,-15.193],[128.1169,-15.2066],[128.1101,-15.2096],[128.1124,-15.2208],[128.11,-15.2274],[128.1151,-15.2346],[128.1116,-15.2393],[128.1007,-15.2431],[128.1002,-15.2502],[128.1095,-15.2536],[128.1161,-15.2601],[128.1282,-15.2917],[128.1281,-15.33],[128.1231,-15.3515],[128.1247,-15.3754],[128.1168,-15.4216],[128.1014,-15.4488],[128.0974,-15.4654],[128.0869,-15.477],[128.0604,-15.4969],[128.0184,-15.5018],[128.008,-15.5141],[127.9988,-15.5181],[127.9955,-15.5141],[128.0071,-15.508],[128.0195,-15.4943],[128.0313,-15.4932],[128.0344,-15.4881],[128.0524,-15.4795],[128.0774,-15.4339],[128.0894,-15.3903],[128.0866,-15.3662],[128.0671,-15.3353],[128.066,-15.3123],[128.0554,-15.3073],[128.0472,-15.2963],[128.0404,-15.2928],[128.0424,-15.2876],[128.0448,-15.2883],[128.0594,-15.3012],[128.0659,-15.3012],[128.0728,-15.2986],[128.0824,-15.2857],[128.0928,-15.281],[128.0888,-15.2729],[128.0903,-15.2671],[128.0819,-15.2585],[128.0834,-15.2532],[128.0891,-15.2491],[128.0829,-15.2429],[128.0878,-15.2376],[128.0802,-15.233],[128.0833,-15.2344],[128.0808,-15.2279],[128.0917,-15.2142],[128.0916,-15.1896],[128.0975,-15.1784],[128.0989,-15.1673],[128.0835,-15.1524],[128.0809,-15.1402],[128.0827,-15.1276],[128.0749,-15.104],[128.0787,-15.0903],[128.0918,-15.0776],[128.0921,-15.0709],[128.1031,-15.0645],[128.0944,-15.0447],[128.1014,-15.0373],[128.0978,-15.0317],[128.1001,-15.0112],[128.1103,-14.9941],[128.1134,-14.9933],[128.1143,-14.965],[128.1079,-14.9469],[128.1237,-14.902],[128.1391,-14.8708],[128.1229,-14.871],[128.1185,-14.8613],[128.1512,-14.8419],[128.1924,-14.8387],[128.1949,-14.8345],[128.1937,-14.8271],[128.1814,-14.8117],[128.1752,-14.7918],[128.1839,-14.7443],[128.2006,-14.7375],[128.2158,-14.7547],[128.2215,-14.7525],[128.2251,-14.7403],[128.222,-14.7427],[128.2166,-14.7407],[128.2142,-14.7332],[128.2154,-14.7262],[128.2215,-14.7251],[128.2192,-14.7157],[128.2012,-14.7065],[128.1842,-14.7146],[128.1611,-14.708],[128.1551,-14.7028],[128.1529,-14.697],[128.1557,-14.6953],[128.1507,-14.6959],[128.154,-14.6906],[128.1502,-14.6856],[128.142,-14.6843],[128.1346,-14.6895],[128.1313,-14.6871],[128.1372,-14.6776],[128.1309,-14.6641],[128.1189,-14.657],[128.1162,-14.6589],[128.1078,-14.6552],[128.1019,-14.6563],[128.1034,-14.6509],[128.0974,-14.649],[128.0875,-14.6393],[128.085,-14.6408],[128.0859,-14.6469],[128.0731,-14.6518],[128.0694,-14.6502],[128.0666,-14.6417],[128.0684,-14.6347],[128.0733,-14.6342],[128.0734,-14.63],[128.0693,-14.6207],[128.0608,-14.6163],[128.0432,-14.5931],[128.0279,-14.5793],[128.0206,-14.577],[128.0141,-14.5698],[128.0128,-14.5739],[128.0056,-14.5692],[128.0005,-14.5706],[127.993,-14.5562],[127.9876,-14.5625],[127.9897,-14.5743],[127.9848,-14.5796],[127.9782,-14.5805],[127.9627,-14.5904],[127.9526,-14.586],[127.9505,-14.578],[127.9535,-14.5706],[127.9481,-14.5668],[127.9407,-14.5677],[127.9343,-14.559],[127.9274,-14.558],[127.9318,-14.5568],[127.9354,-14.5445],[127.9402,-14.5434],[127.9364,-14.5351],[127.9399,-14.534],[127.9389,-14.5301],[127.9442,-14.532],[127.9448,-14.5281],[127.9526,-14.5287],[127.9434,-14.5223],[127.9293,-14.5029],[127.9234,-14.5014],[127.9208,-14.5082],[127.9177,-14.5035],[127.9162,-14.5074],[127.9057,-14.5021],[127.9021,-14.5051],[127.8872,-14.49],[127.8859,-14.4851],[127.8823,-14.4848],[127.8842,-14.477],[127.8802,-14.4708],[127.8744,-14.4764],[127.8676,-14.477],[127.8627,-14.4832],[127.8546,-14.4865],[127.8501,-14.4845],[127.8409,-14.47],[127.8375,-14.4565],[127.8353,-14.4552],[127.8342,-14.4578],[127.8347,-14.452],[127.8299,-14.4536],[127.8245,-14.4503],[127.8198,-14.4406],[127.827,-14.4268],[127.8253,-14.4164],[127.8284,-14.4025],[127.8193,-14.3958],[127.8105,-14.4021],[127.8122,-14.3988],[127.8069,-14.391],[127.8065,-14.3825],[127.7971,-14.391],[127.7936,-14.3861],[127.7899,-14.3896],[127.7879,-14.388],[127.7865,-14.381],[127.7846,-14.3826],[127.7828,-14.3821],[127.7875,-14.3794],[127.783,-14.3583],[127.7865,-14.3544],[127.7821,-14.3505],[127.7701,-14.3552],[127.7607,-14.3671],[127.7588,-14.3645],[127.7659,-14.3521],[127.7801,-14.3444],[127.7797,-14.3332],[127.7649,-14.3149],[127.7627,-14.3032],[127.7376,-14.2878],[127.7382,-14.2813],[127.7321,-14.2819],[127.7274,-14.2765],[127.7228,-14.2793],[127.7193,-14.2766],[127.7201,-14.2685],[127.7106,-14.2527],[127.7018,-14.2529],[127.6992,-14.2472],[127.6944,-14.2482],[127.6832,-14.2434],[127.6846,-14.2366],[127.685,-14.2431],[127.6912,-14.2428],[127.6922,-14.2319],[127.6837,-14.2123],[127.6718,-14.2216],[127.6772,-14.2116],[127.6696,-14.2138],[127.6661,-14.2112],[127.6698,-14.1905],[127.6604,-14.1839],[127.6487,-14.1822],[127.6404,-14.1769],[127.6342,-14.1794],[127.6397,-14.176],[127.6436,-14.1781],[127.6484,-14.1696],[127.6246,-14.1605],[127.625,-14.1577],[127.6187,-14.1547],[127.6217,-14.1532],[127.6159,-14.1437],[127.5974,-14.146],[127.5966,-14.1421],[127.5891,-14.1443],[127.5897,-14.1394],[127.5801,-14.1344],[127.5825,-14.1318],[127.5793,-14.1284],[127.5673,-14.1253],[127.5668,-14.1134],[127.5568,-14.1046],[127.5556,-14.1084],[127.5496,-14.1105],[127.5435,-14.0998],[127.5412,-14.1075],[127.5239,-14.1198],[127.5222,-14.1132],[127.5356,-14.0991],[127.5366,-14.0951],[127.5337,-14.0927],[127.5372,-14.0911],[127.5376,-14.0863],[127.5278,-14.085],[127.5241,-14.0891],[127.521,-14.0854],[127.5148,-14.0942],[127.5158,-14.0913],[127.5121,-14.089],[127.5102,-14.0934],[127.5085,-14.0878],[127.5098,-14.084],[127.5168,-14.0817],[127.5172,-14.0773],[127.5254,-14.0727],[127.5237,-14.0693],[127.5198,-14.0699],[127.5144,-14.0663],[127.5152,-14.0731],[127.5046,-14.0747],[127.5038,-14.0702],[127.4995,-14.0695],[127.4934,-14.0607],[127.4888,-14.0682],[127.488,-14.0795],[127.4829,-14.0851],[127.4779,-14.0798],[127.4775,-14.0623],[127.4696,-14.0632],[127.4675,-14.0567],[127.4591,-14.0628],[127.4525,-14.0588],[127.4491,-14.0541],[127.455,-14.0408],[127.4593,-14.0351],[127.4485,-14.0248],[127.4653,-14.0093],[127.4672,-14.0009],[127.4597,-13.9885],[127.4543,-13.9901],[127.457,-13.9855],[127.4555,-13.9802],[127.4513,-13.9786],[127.4479,-13.9825],[127.4396,-13.9802],[127.4441,-13.9781],[127.4444,-13.9725],[127.425,-13.9667],[127.4291,-13.9574],[127.4268,-13.9547],[127.4301,-13.9429],[127.4232,-13.9429],[127.4221,-13.9498],[127.4175,-13.9503],[127.4133,-13.9614],[127.4108,-13.9614],[127.4077,-13.9521],[127.3956,-13.9395],[127.3849,-13.9364],[127.378,-13.9382],[127.3787,-13.936],[127.3741,-13.9391],[127.3775,-13.928],[127.3738,-13.9292],[127.3706,-13.9231],[127.3606,-13.9189],[127.3598,-13.9087],[127.3474,-13.9066],[127.3379,-13.914],[127.3219,-13.9147],[127.3262,-13.9191],[127.3259,-13.9289],[127.3296,-13.9337],[127.3453,-13.9395],[127.3481,-13.9483],[127.3458,-13.9549],[127.3344,-13.9632],[127.3271,-13.9599],[127.3181,-13.9612],[127.3056,-13.9539],[127.3029,-13.9409],[127.2966,-13.9444],[127.2907,-13.9338],[127.2827,-13.9331],[127.2758,-13.938],[127.2746,-13.9353],[127.2813,-13.9284],[127.2828,-13.9193],[127.2729,-13.9133],[127.2656,-13.9019],[127.249,-13.9069],[127.2451,-13.9031],[127.2467,-13.9004],[127.2352,-13.9078],[127.2266,-13.9425],[127.2177,-13.9455],[127.2147,-13.9405],[127.2104,-13.9446],[127.207,-13.9566],[127.209,-13.9645],[127.2143,-13.9665],[127.2077,-13.9736],[127.2046,-13.972],[127.2084,-13.9672],[127.2025,-13.9591],[127.1987,-13.9448],[127.1952,-13.9595],[127.1899,-13.9572],[127.1862,-13.9388],[127.1904,-13.9358],[127.1955,-13.9223],[127.193,-13.9126],[127.1897,-13.9114],[127.1907,-13.904],[127.1698,-13.9106],[127.1662,-13.9179],[127.1773,-13.9208],[127.1788,-13.9259],[127.1576,-13.9337],[127.1551,-13.9497],[127.1482,-13.9561],[127.1531,-13.9671],[127.1506,-13.9692],[127.145,-13.9669],[127.1472,-13.9809],[127.1436,-13.9795],[127.1424,-13.9821],[127.1373,-13.9742],[127.1278,-13.9699],[127.1272,-13.9657],[127.1231,-13.9723],[127.1175,-13.9706],[127.1138,-13.9628],[127.1227,-13.9482],[127.1077,-13.9446],[127.1115,-13.9344],[127.1046,-13.9253],[127.0988,-13.9308],[127.0939,-13.9274],[127.0933,-13.9248],[127.101,-13.9181],[127.1008,-13.914],[127.1093,-13.9139],[127.0986,-13.9033],[127.1053,-13.8933],[127.1028,-13.8843],[127.0694,-13.8962],[127.0661,-13.9042],[127.0606,-13.9079],[127.0662,-13.8979],[127.0649,-13.8911],[127.0729,-13.886],[127.0723,-13.8738],[127.0767,-13.8698],[127.0679,-13.8705],[127.0651,-13.8642],[127.0675,-13.8608],[127.0756,-13.8613],[127.0811,-13.8545],[127.0814,-13.84],[127.0686,-13.8359],[127.0597,-13.8405],[127.0575,-13.8478],[127.0472,-13.8513],[127.0443,-13.8489],[127.0424,-13.8418],[127.0458,-13.8334],[127.0558,-13.8282],[127.0522,-13.8239],[127.0525,-13.8167],[127.0488,-13.8166],[127.0509,-13.8081],[127.0471,-13.8057],[127.0444,-13.813],[127.0395,-13.8139],[127.0395,-13.827],[127.0366,-13.8321],[127.0318,-13.8272],[127.026,-13.827],[127.0305,-13.817],[127.0165,-13.8246],[127.0061,-13.8238],[127.0108,-13.8153],[127.0178,-13.8127],[127.0173,-13.8039],[127.0312,-13.8072],[127.0308,-13.804],[127.0273,-13.7992],[127.0184,-13.7975],[127.0194,-13.7913],[127.0135,-13.7854],[127.0123,-13.7958],[127.0073,-13.7957],[127.0075,-13.7927],[127.0021,-13.794],[127.006,-13.788],[127.0017,-13.7871],[127.0024,-13.7831],[126.9983,-13.7778],[127.0022,-13.7724],[126.9983,-13.7687],[126.9943,-13.7824],[126.9963,-13.7908],[126.9857,-13.7875],[126.9891,-13.7865],[126.9862,-13.7834],[126.9845,-13.7665],[126.9779,-13.7614],[126.984,-13.7542],[126.975,-13.7557],[126.9642,-13.7472],[126.9611,-13.7408],[126.9543,-13.7476],[126.9446,-13.743],[126.932,-13.7414],[126.9198,-13.7451],[126.9144,-13.7412],[126.9161,-13.7476],[126.9211,-13.749],[126.9251,-13.7573],[126.9317,-13.7572],[126.9334,-13.7602],[126.9373,-13.7579],[126.9444,-13.7676],[126.9335,-13.7695],[126.9267,-13.775],[126.9227,-13.7726],[126.9218,-13.7761],[126.9205,-13.7683],[126.8976,-13.7664],[126.8978,-13.7587],[126.8862,-13.7544],[126.881,-13.7487],[126.8705,-13.7514],[126.8684,-13.7613],[126.8647,-13.7619],[126.8589,-13.7567],[126.8513,-13.7582],[126.8491,-13.7608],[126.8516,-13.7745],[126.8601,-13.7857],[126.8727,-13.7952],[126.8729,-13.799],[126.8658,-13.8025],[126.8567,-13.7965],[126.8474,-13.7978],[126.843,-13.804],[126.8423,-13.817],[126.832,-13.8093],[126.8262,-13.8085],[126.8326,-13.7955],[126.8318,-13.7865],[126.8211,-13.7795],[126.8182,-13.7682],[126.8017,-13.7773],[126.7937,-13.7757],[126.7912,-13.7802],[126.7927,-13.785],[126.7885,-13.7909],[126.7776,-13.781],[126.7749,-13.7848],[126.7687,-13.7862],[126.7684,-13.7883],[126.7646,-13.7909],[126.7633,-13.7911],[126.7675,-13.7862],[126.7661,-13.787],[126.7645,-13.7858],[126.7587,-13.7864],[126.758,-13.7864],[126.7577,-13.7861],[126.7577,-13.7861],[126.7577,-13.786],[126.7577,-13.786],[126.7577,-13.786],[126.7577,-13.7859],[126.7674,-13.7807],[126.7669,-13.7748],[126.7601,-13.7834],[126.7434,-13.7894],[126.7492,-13.8015],[126.7605,-13.8082],[126.7584,-13.8261],[126.7673,-13.8406],[126.7728,-13.8607],[126.7905,-13.8766],[126.7945,-13.873],[126.7914,-13.878],[126.7996,-13.883],[126.7978,-13.8861],[126.8053,-13.9029],[126.805,-13.911],[126.8095,-13.9168],[126.8056,-13.9305],[126.8208,-13.9248],[126.8245,-13.9295],[126.8395,-13.9277],[126.8401,-13.9375],[126.8456,-13.9362],[126.8574,-13.9416],[126.8528,-13.943],[126.8628,-13.9476],[126.8651,-13.9456],[126.8645,-13.949],[126.8769,-13.9565],[126.9052,-13.982],[126.9054,-13.9852],[126.8821,-13.9986],[126.8787,-13.9821],[126.8712,-13.9821],[126.8698,-13.9805],[126.8678,-13.9764],[126.8558,-13.9716],[126.8383,-13.9711],[126.8278,-13.9789],[126.8174,-13.9821],[126.8118,-13.9881],[126.8139,-13.9909],[126.813,-13.9938],[126.8087,-13.9933],[126.8114,-13.9954],[126.81,-13.9979],[126.8074,-13.9928],[126.8129,-13.9911],[126.81,-13.99],[126.8103,-13.9841],[126.8039,-13.9914],[126.7997,-13.9931],[126.7934,-13.9893],[126.7961,-13.9878],[126.8014,-13.9913],[126.7997,-13.9855],[126.8038,-13.9842],[126.8072,-13.9864],[126.8063,-13.9807],[126.798,-13.976],[126.7916,-13.9779],[126.7942,-13.9803],[126.7918,-13.9838],[126.7933,-13.9802],[126.788,-13.9788],[126.7938,-13.9756],[126.7891,-13.9731],[126.7814,-13.9819],[126.7735,-13.9828],[126.7818,-13.9806],[126.7876,-13.9728],[126.7898,-13.9723],[126.7963,-13.975],[126.797,-13.9725],[126.7868,-13.9703],[126.7814,-13.9766],[126.7706,-13.9813],[126.7721,-13.9832],[126.7697,-13.9816],[126.7681,-13.9754],[126.756,-13.9753],[126.7507,-13.9721],[126.7476,-13.9758],[126.7535,-13.9889],[126.7516,-13.9918],[126.7407,-13.997],[126.7354,-13.9935],[126.7271,-13.9984],[126.722,-13.9968],[126.7105,-13.9747],[126.7053,-13.9739],[126.7028,-13.9771],[126.7048,-13.9853],[126.6938,-14.0006],[126.7017,-14.0093],[126.6953,-14.0093],[126.7008,-14.0216],[126.7205,-14.0276],[126.7217,-14.0305],[126.7357,-14.0157],[126.748,-14.0113],[126.7533,-14.0119],[126.758,-14.0174],[126.7479,-14.0129],[126.7414,-14.0172],[126.7488,-14.0169],[126.7483,-14.0341],[126.7552,-14.0419],[126.7548,-14.0479],[126.7627,-14.0501],[126.7494,-14.0503],[126.7451,-14.0592],[126.7408,-14.058],[126.7377,-14.0615],[126.7231,-14.0652],[126.7331,-14.0646],[126.7372,-14.0704],[126.7297,-14.0922],[126.7247,-14.0941],[126.7182,-14.0902],[126.7102,-14.1003],[126.7153,-14.0999],[126.7179,-14.1041],[126.7197,-14.1206],[126.7095,-14.1218],[126.7049,-14.1305],[126.6961,-14.1342],[126.6938,-14.1347],[126.6934,-14.1298],[126.6891,-14.1326],[126.6892,-14.1276],[126.6877,-14.1308],[126.6863,-14.131],[126.6867,-14.1194],[126.6929,-14.1055],[126.6894,-14.0912],[126.6855,-14.0899],[126.6886,-14.0993],[126.6856,-14.1037],[126.6691,-14.0903],[126.6633,-14.0781],[126.6589,-14.0784],[126.6515,-14.073],[126.6448,-14.0771],[126.6445,-14.08],[126.6504,-14.0844],[126.6499,-14.093],[126.6548,-14.0966],[126.6543,-14.1028],[126.6592,-14.1052],[126.6551,-14.1088],[126.661,-14.1148],[126.6572,-14.125],[126.6473,-14.1375],[126.6511,-14.1492],[126.6473,-14.1518],[126.6522,-14.1582],[126.6514,-14.1735],[126.6455,-14.1759],[126.6453,-14.1851],[126.6336,-14.1912],[126.6239,-14.1867],[126.619,-14.1799],[126.607,-14.1801],[126.6104,-14.1984],[126.6031,-14.2095],[126.6054,-14.2329],[126.6017,-14.2358],[126.5935,-14.2287],[126.5755,-14.2287],[126.565,-14.2168],[126.5705,-14.1946],[126.5634,-14.1826],[126.5681,-14.1746],[126.5626,-14.17],[126.5683,-14.1588],[126.5749,-14.1546],[126.5698,-14.1398],[126.5617,-14.1399],[126.5558,-14.151],[126.5482,-14.1494],[126.5501,-14.1465],[126.5379,-14.1472],[126.5283,-14.1556],[126.5233,-14.157],[126.5217,-14.1539],[126.5154,-14.1574],[126.5173,-14.1472],[126.5098,-14.1413],[126.5102,-14.1369],[126.5023,-14.1351],[126.4992,-14.1303],[126.4969,-14.111],[126.4995,-14.1002],[126.5068,-14.0988],[126.512,-14.092],[126.5251,-14.0924],[126.5262,-14.0848],[126.5221,-14.0784],[126.5171,-14.0745],[126.5137,-14.0755],[126.5119,-14.086],[126.5118,-14.0815],[126.5092,-14.0869],[126.4999,-14.0907],[126.4922,-14.0987],[126.4813,-14.0974],[126.4765,-14.1043],[126.4797,-14.1042],[126.4788,-14.1085],[126.4805,-14.1061],[126.4821,-14.1069],[126.4788,-14.1096],[126.4569,-14.0993],[126.4547,-14.1035],[126.4542,-14.0839],[126.4495,-14.0837],[126.455,-14.0796],[126.4525,-14.0735],[126.4547,-14.0757],[126.4595,-14.0737],[126.4835,-14.0474],[126.4972,-14.0458],[126.4874,-14.0285],[126.492,-14.0234],[126.4869,-14.0189],[126.4888,-14.0108],[126.495,-14.0068],[126.509,-14.0088],[126.5155,-13.9952],[126.5277,-13.9835],[126.5392,-13.9644],[126.554,-13.9566],[126.5599,-13.9566],[126.5614,-13.9533],[126.5629,-13.956],[126.5659,-13.9548],[126.5652,-13.9441],[126.5772,-13.9542],[126.5712,-13.9405],[126.5621,-13.9432],[126.5544,-13.9518],[126.5391,-13.9417],[126.5393,-13.9343],[126.537,-13.9344],[126.5264,-13.9511],[126.5115,-13.9647],[126.5039,-13.9659],[126.4955,-13.9574],[126.4959,-13.9772],[126.4878,-13.9933],[126.4787,-13.9984],[126.4757,-13.9947],[126.4703,-13.9951],[126.4673,-14.004],[126.4625,-14.0064],[126.446,-14.0023],[126.4431,-13.9963],[126.4439,-13.9842],[126.4384,-13.9827],[126.427,-13.9971],[126.4272,-14.0049],[126.4228,-14.0097],[126.4253,-14.0121],[126.4125,-14.011],[126.3939,-14.0177],[126.3945,-14.0269],[126.3876,-14.0379],[126.3964,-14.0476],[126.3939,-14.052],[126.3849,-14.047],[126.3775,-14.0494],[126.3719,-14.0452],[126.3572,-14.0468],[126.3548,-14.05],[126.3524,-14.0473],[126.352,-14.0507],[126.3416,-14.0454],[126.3343,-14.05],[126.3386,-14.0577],[126.3409,-14.0591],[126.3423,-14.0564],[126.3438,-14.0588],[126.3463,-14.075],[126.3414,-14.0798],[126.3457,-14.0795],[126.3488,-14.0834],[126.3454,-14.0864],[126.3449,-14.0959],[126.3419,-14.096],[126.3442,-14.0966],[126.345,-14.098],[126.3399,-14.0954],[126.3339,-14.0982],[126.3145,-14.0973],[126.3117,-14.1015],[126.3152,-14.119],[126.3138,-14.1154],[126.3062,-14.1223],[126.3062,-14.1307],[126.2976,-14.1388],[126.304,-14.1388],[126.301,-14.1413],[126.3055,-14.1547],[126.3122,-14.1518],[126.3131,-14.1428],[126.3209,-14.141],[126.3214,-14.1539],[126.3267,-14.1626],[126.3303,-14.1614],[126.3325,-14.1632],[126.3306,-14.1664],[126.3363,-14.1647],[126.342,-14.1723],[126.3537,-14.1773],[126.3505,-14.1799],[126.3571,-14.1893],[126.3617,-14.1878],[126.3547,-14.1935],[126.3394,-14.1927],[126.3303,-14.1984],[126.3238,-14.2075],[126.3196,-14.2049],[126.3187,-14.1979],[126.3127,-14.2013],[126.3065,-14.21],[126.3069,-14.2209],[126.3019,-14.2269],[126.3045,-14.2324],[126.3008,-14.2336],[126.2956,-14.2249],[126.2928,-14.2282],[126.2822,-14.2167],[126.2782,-14.2323],[126.273,-14.2384],[126.2697,-14.2365],[126.2764,-14.2145],[126.2765,-14.2078],[126.2725,-14.2071],[126.2739,-14.2139],[126.2706,-14.2211],[126.2575,-14.2379],[126.2528,-14.2371],[126.2536,-14.2392],[126.2517,-14.2378],[126.2527,-14.2319],[126.2492,-14.2306],[126.2498,-14.227],[126.241,-14.2234],[126.2358,-14.2245],[126.2307,-14.2371],[126.2243,-14.2324],[126.216,-14.2366],[126.2155,-14.2319],[126.225,-14.2256],[126.2261,-14.2134],[126.2304,-14.2128],[126.2334,-14.2036],[126.244,-14.2121],[126.2481,-14.2107],[126.2401,-14.1982],[126.248,-14.1856],[126.2352,-14.1884],[126.2331,-14.1868],[126.2381,-14.1862],[126.2369,-14.1831],[126.2433,-14.1757],[126.2384,-14.1734],[126.2321,-14.1783],[126.2112,-14.1794],[126.2046,-14.1852],[126.2088,-14.1803],[126.2059,-14.1792],[126.2079,-14.177],[126.1964,-14.1827],[126.199,-14.1791],[126.1973,-14.1756],[126.1935,-14.1739],[126.1913,-14.1667],[126.186,-14.1669],[126.1995,-14.1463],[126.209,-14.1398],[126.2068,-14.1365],[126.2089,-14.1365],[126.2076,-14.1352],[126.193,-14.1372],[126.1857,-14.1404],[126.1865,-14.1363],[126.1794,-14.1304],[126.1862,-14.1266],[126.1942,-14.1293],[126.2041,-14.1203],[126.2165,-14.1209],[126.2181,-14.1177],[126.212,-14.1159],[126.2217,-14.1105],[126.2177,-14.1037],[126.2098,-14.1018],[126.2058,-14.0915],[126.2064,-14.0861],[126.214,-14.0842],[126.2107,-14.0803],[126.2142,-14.0765],[126.2107,-14.0743],[126.1972,-14.0792],[126.1781,-14.0914],[126.1657,-14.1142],[126.1625,-14.099],[126.1667,-14.0965],[126.1704,-14.0821],[126.1919,-14.0663],[126.1795,-14.0695],[126.1591,-14.0687],[126.1508,-14.0802],[126.1495,-14.0675],[126.1603,-14.0575],[126.1733,-14.0584],[126.1887,-14.0461],[126.1982,-14.0481],[126.2175,-14.0429],[126.2247,-14.0264],[126.2204,-14.0175],[126.2082,-14.017],[126.2022,-14.0126],[126.2004,-14.006],[126.2034,-14.0034],[126.2007,-14.0009],[126.1985,-14.0061],[126.1852,-14.009],[126.185,-14.0158],[126.1733,-14.0097],[126.1614,-14.0129],[126.1541,-14.0191],[126.1443,-14.015],[126.1514,-14.0097],[126.1578,-13.9978],[126.1642,-13.9981],[126.182,-13.9863],[126.1884,-13.9874],[126.1947,-13.9824],[126.1934,-13.9801],[126.2085,-13.9808],[126.221,-13.9879],[126.2239,-13.9851],[126.2187,-13.9799],[126.2158,-13.9676],[126.187,-13.9681],[126.1764,-13.976],[126.1748,-13.9822],[126.1641,-13.9841],[126.1594,-13.9898],[126.1531,-13.9905],[126.1471,-13.9995],[126.1173,-14.0187],[126.1268,-14.027],[126.1162,-14.0238],[126.1098,-14.0283],[126.1101,-14.0138],[126.1201,-14.0097],[126.1227,-14.004],[126.1287,-14.0009],[126.1358,-13.9894],[126.1309,-13.9869],[126.1415,-13.9836],[126.1592,-13.969],[126.156,-13.9644],[126.1485,-13.9658],[126.1414,-13.9598],[126.1262,-13.964],[126.1369,-13.9496],[126.1484,-13.9497],[126.1616,-13.9243],[126.16,-13.9226],[126.1528,-13.9265],[126.1521,-13.9205],[126.1579,-13.9181],[126.1584,-13.915],[126.1532,-13.9133],[126.1442,-13.9197],[126.1342,-13.919],[126.1331,-13.9286],[126.1358,-13.9317],[126.1324,-13.9445],[126.1121,-13.9351],[126.1158,-13.9273],[126.105,-13.9256],[126.1008,-13.9346],[126.0856,-13.9457],[126.086,-13.9383],[126.1079,-13.9191],[126.0971,-13.9224],[126.0853,-13.9209],[126.0906,-13.915],[126.0918,-13.9072],[126.1007,-13.9001],[126.0948,-13.8953],[126.0905,-13.8959],[126.0837,-13.91],[126.0749,-13.9157],[126.0724,-13.924],[126.0651,-13.9273],[126.0688,-13.9339],[126.0625,-13.9384],[126.0627,-13.943],[126.0503,-13.9417],[126.037,-13.9267],[126.0387,-13.921],[126.0281,-13.9208],[126.0228,-13.9265],[126.0099,-13.9267],[126.0211,-13.9393],[126.0239,-13.9318],[126.0313,-13.9322],[126.036,-13.9435],[126.0407,-13.9424],[126.0514,-13.948],[126.0465,-13.9543],[126.0533,-13.9559],[126.0551,-13.96],[126.0655,-13.9596],[126.0689,-13.9643],[126.0728,-13.9625],[126.0762,-13.9683],[126.0823,-13.9696],[126.0797,-13.9722],[126.0829,-13.9815],[126.1004,-13.9728],[126.1072,-13.9767],[126.1027,-13.9819],[126.0998,-13.9804],[126.0864,-13.9877],[126.0966,-13.9986],[126.0915,-14.0012],[126.0899,-14.0075],[126.0935,-14.0087],[126.0956,-14.0148],[126.0864,-14.0191],[126.0906,-14.0264],[126.1006,-14.0322],[126.1026,-14.0408],[126.1008,-14.0455],[126.0831,-14.0347],[126.0797,-14.0366],[126.0785,-14.0427],[126.0747,-14.0415],[126.071,-14.0367],[126.0741,-14.0289],[126.0683,-14.0196],[126.0698,-14.0066],[126.065,-14.0032],[126.0675,-14.0013],[126.0654,-13.9882],[126.0546,-13.9847],[126.0496,-13.9881],[126.0382,-13.9815],[126.0385,-13.9916],[126.0317,-13.9884],[126.0237,-13.9914],[126.0219,-13.9969],[126.0266,-14.0006],[126.0381,-13.9994],[126.0433,-14.0032],[126.0468,-14.0073],[126.0453,-14.0131],[126.0555,-14.0186],[126.056,-14.0266],[126.0518,-14.0306],[126.0454,-14.03],[126.0405,-14.0379],[126.0348,-14.0383],[126.0347,-14.0311],[126.04,-14.0252],[126.0299,-14.0157],[126.0267,-14.0167],[126.0297,-14.0273],[126.0262,-14.0311],[126.0293,-14.0347],[126.0243,-14.0438],[126.0192,-14.0432],[126.0132,-14.053],[126.0153,-14.0661],[126.0101,-14.0654],[126.0098,-14.057],[126.0057,-14.0535],[126.0079,-14.0412],[126.0054,-14.04],[126.0145,-14.0311],[126.0144,-14.0254],[126.0013,-14.0218],[125.993,-14.0077],[125.9886,-14.0047],[125.9841,-14.0061],[125.9863,-13.9966],[125.9838,-13.9898],[125.9729,-13.9986],[125.9745,-14.0039],[125.9808,-14.0066],[125.983,-14.0164],[125.9812,-14.0322],[125.9762,-14.0396],[125.9822,-14.0467],[125.9921,-14.0502],[125.9931,-14.0682],[126.0041,-14.0695],[126.0098,-14.0814],[126.0325,-14.0951],[126.0641,-14.0734],[126.0682,-14.0726],[126.0701,-14.0775],[126.0763,-14.0758],[126.0878,-14.0862],[126.1005,-14.075],[126.1044,-14.0757],[126.1262,-14.0969],[126.1333,-14.118],[126.1392,-14.123],[126.1419,-14.1213],[126.1522,-14.1257],[126.1533,-14.1401],[126.159,-14.1459],[126.1697,-14.1462],[126.1639,-14.1517],[126.1571,-14.152],[126.1522,-14.1578],[126.1413,-14.1578],[126.1497,-14.1679],[126.1499,-14.1723],[126.1602,-14.1765],[126.153,-14.1835],[126.155,-14.1884],[126.1478,-14.2092],[126.1441,-14.2123],[126.1366,-14.2043],[126.1346,-14.2118],[126.1398,-14.2198],[126.1348,-14.2218],[126.1311,-14.2293],[126.1332,-14.2314],[126.1222,-14.2351],[126.1214,-14.2387],[126.1169,-14.2372],[126.1171,-14.2339],[126.109,-14.2349],[126.0939,-14.244],[126.0965,-14.2392],[126.0843,-14.2375],[126.0841,-14.2403],[126.0813,-14.2342],[126.0712,-14.2417],[126.0701,-14.2475],[126.0577,-14.2469],[126.0534,-14.2542],[126.0585,-14.2569],[126.0625,-14.2703],[126.0654,-14.27],[126.0656,-14.2799],[126.0736,-14.2912],[126.073,-14.2978],[126.0829,-14.3035],[126.0848,-14.3149],[126.0805,-14.3209],[126.0877,-14.319],[126.0902,-14.3231],[126.0864,-14.3306],[126.0804,-14.3294],[126.078,-14.3251],[126.0739,-14.3257],[126.0697,-14.3338],[126.074,-14.3358],[126.0729,-14.3437],[126.0783,-14.3453],[126.0842,-14.3428],[126.0884,-14.3512],[126.0834,-14.3521],[126.0819,-14.3589],[126.0792,-14.3523],[126.0755,-14.3522],[126.0759,-14.357],[126.0693,-14.3623],[126.0633,-14.3597],[126.0584,-14.3617],[126.0525,-14.358],[126.0458,-14.3592],[126.0279,-14.382],[126.0218,-14.3776],[126.0169,-14.3813],[126.0164,-14.3869],[126.0098,-14.3878],[126.0122,-14.3955],[126.0062,-14.3998],[125.9961,-14.3964],[125.9924,-14.4026],[125.9767,-14.3933],[125.9858,-14.4097],[125.9845,-14.4178],[125.9871,-14.4202],[125.9986,-14.4143],[126.0041,-14.4172],[126.0196,-14.4114],[126.016,-14.419],[126.0261,-14.4349],[126.0221,-14.4328],[126.025,-14.4436],[126.0222,-14.4484],[126.0274,-14.4518],[126.0245,-14.4572],[126.0302,-14.4628],[126.0315,-14.4706],[126.0352,-14.4694],[126.0416,-14.4752],[126.0463,-14.4722],[126.0478,-14.4805],[126.0429,-14.4944],[126.047,-14.4939],[126.0535,-14.504],[126.0434,-14.5034],[126.0422,-14.5087],[126.0513,-14.5288],[126.0474,-14.5332],[126.0439,-14.5325],[126.0478,-14.5345],[126.0419,-14.5367],[126.0242,-14.5265],[126.0206,-14.5195],[126.0155,-14.5195],[126.0057,-14.525],[126.0139,-14.5342],[126.0043,-14.5421],[126.0074,-14.5473],[126.0003,-14.555],[125.9884,-14.5516],[125.9823,-14.5462],[125.9819,-14.5405],[125.9792,-14.5407],[125.9806,-14.5449],[125.9725,-14.5457],[125.9701,-14.5394],[125.9729,-14.5293],[125.9704,-14.5224],[125.9688,-14.5253],[125.9648,-14.5192],[125.9604,-14.5189],[125.9556,-14.5313],[125.9492,-14.5235],[125.9448,-14.5322],[125.9481,-14.5345],[125.9457,-14.5387],[125.937,-14.5342],[125.9355,-14.5377],[125.9325,-14.5306],[125.9275,-14.5366],[125.9206,-14.5372],[125.9165,-14.5425],[125.9205,-14.5459],[125.9207,-14.5521],[125.9109,-14.5548],[125.914,-14.5564],[125.9019,-14.5683],[125.9025,-14.5722],[125.9076,-14.5703],[125.9027,-14.5765],[125.9191,-14.5828],[125.921,-14.5924],[125.933,-14.6093],[125.9343,-14.6216],[125.9305,-14.6332],[125.9367,-14.643],[125.9311,-14.6499],[125.921,-14.6509],[125.9221,-14.6485],[125.9285,-14.6464],[125.9213,-14.6398],[125.9154,-14.6486],[125.9137,-14.6605],[125.9078,-14.6606],[125.9088,-14.6543],[125.9043,-14.6399],[125.8952,-14.6235],[125.8856,-14.6267],[125.8813,-14.6233],[125.8822,-14.6135],[125.8776,-14.6073],[125.8651,-14.6061],[125.8575,-14.6134],[125.8514,-14.6121],[125.8467,-14.606],[125.8493,-14.5917],[125.8391,-14.59],[125.8421,-14.5861],[125.8403,-14.5843],[125.8336,-14.5885],[125.8306,-14.5851],[125.8309,-14.5761],[125.8356,-14.5681],[125.846,-14.5684],[125.8502,-14.564],[125.8462,-14.5561],[125.8313,-14.5492],[125.8287,-14.5428],[125.8325,-14.5394],[125.8432,-14.5419],[125.8499,-14.5359],[125.8365,-14.5248],[125.8314,-14.5082],[125.8223,-14.5034],[125.8244,-14.4984],[125.8172,-14.4976],[125.8281,-14.4809],[125.8568,-14.478],[125.8591,-14.475],[125.8531,-14.4655],[125.8521,-14.4567],[125.8298,-14.466],[125.8106,-14.4791],[125.8026,-14.4791],[125.8021,-14.4723],[125.807,-14.4621],[125.8162,-14.4517],[125.8061,-14.4443],[125.798,-14.4453],[125.8003,-14.4505],[125.7927,-14.4619],[125.7946,-14.4664],[125.7873,-14.47],[125.7803,-14.4683],[125.7744,-14.4797],[125.7654,-14.4722],[125.7585,-14.4756],[125.7595,-14.4793],[125.7574,-14.4777],[125.757,-14.4805],[125.7407,-14.4856],[125.7361,-14.4783],[125.73,-14.4771],[125.7143,-14.482],[125.7067,-14.4894],[125.7072,-14.5],[125.7013,-14.5063],[125.7021,-14.521],[125.6913,-14.5379],[125.6911,-14.5504],[125.6813,-14.5663],[125.6807,-14.5768],[125.6716,-14.5951],[125.6692,-14.6096],[125.6628,-14.6261],[125.6561,-14.6335],[125.6511,-14.6501],[125.6469,-14.6482],[125.6469,-14.6414],[125.6523,-14.633],[125.6507,-14.6186],[125.6543,-14.6102],[125.652,-14.6021],[125.659,-14.5961],[125.6753,-14.5567],[125.6807,-14.5294],[125.6763,-14.5235],[125.6807,-14.5251],[125.6838,-14.5147],[125.6813,-14.5126],[125.6874,-14.5078],[125.6887,-14.4994],[125.6874,-14.4911],[125.683,-14.4891],[125.6824,-14.4694],[125.675,-14.47],[125.6776,-14.452],[125.6616,-14.4456],[125.6593,-14.4417],[125.6643,-14.4364],[125.6587,-14.4339],[125.6623,-14.4279],[125.6608,-14.4247],[125.6695,-14.4242],[125.6707,-14.4204],[125.6611,-14.4128],[125.6638,-14.4039],[125.66,-14.3979],[125.6515,-14.3935],[125.6515,-14.386],[125.6538,-14.3801],[125.6573,-14.3792],[125.6583,-14.3838],[125.6661,-14.3838],[125.6687,-14.3732],[125.6663,-14.367],[125.6697,-14.3629],[125.6737,-14.3645],[125.6728,-14.3616],[125.678,-14.3567],[125.6739,-14.351],[125.67,-14.3566],[125.6683,-14.3573],[125.6681,-14.3501],[125.673,-14.3452],[125.6673,-14.3426],[125.6634,-14.3355],[125.6695,-14.3318],[125.6827,-14.3343],[125.6907,-14.3395],[125.6931,-14.3457],[125.6955,-14.3388],[125.6996,-14.3476],[125.7046,-14.3463],[125.7049,-14.3428],[125.7072,-14.3461],[125.7059,-14.341],[125.7111,-14.3436],[125.7264,-14.3418],[125.7194,-14.3362],[125.7207,-14.3339],[125.7176,-14.3341],[125.7257,-14.3245],[125.7174,-14.3273],[125.7155,-14.3331],[125.7155,-14.3299],[125.7046,-14.3336],[125.6972,-14.3254],[125.7025,-14.326],[125.703,-14.3226],[125.7061,-14.3287],[125.7109,-14.3277],[125.7123,-14.3247],[125.7083,-14.3243],[125.712,-14.3233],[125.7112,-14.3169],[125.7156,-14.316],[125.7163,-14.3118],[125.7196,-14.3111],[125.7197,-14.3147],[125.7238,-14.3122],[125.7216,-14.2985],[125.7145,-14.2966],[125.7164,-14.2926],[125.7225,-14.2943],[125.7215,-14.2888],[125.7302,-14.2822],[125.7281,-14.2794],[125.7244,-14.2832],[125.7254,-14.2796],[125.7186,-14.2803],[125.7179,-14.2775],[125.7181,-14.2886],[125.7106,-14.3009],[125.7033,-14.3041],[125.6953,-14.2924],[125.6903,-14.2935],[125.685,-14.2883],[125.6678,-14.2889],[125.665,-14.2631],[125.6551,-14.2668],[125.6582,-14.2596],[125.6522,-14.2544],[125.6517,-14.2458],[125.6486,-14.2434],[125.6491,-14.2596],[125.6412,-14.2657],[125.644,-14.26],[125.6407,-14.2594],[125.641,-14.2475],[125.636,-14.247],[125.6351,-14.2431],[125.6318,-14.2466],[125.6263,-14.2449],[125.6334,-14.2402],[125.6335,-14.2365],[125.6292,-14.2336],[125.6155,-14.2363],[125.609,-14.2437],[125.6037,-14.2381],[125.5962,-14.2373],[125.6059,-14.243],[125.6069,-14.2539],[125.6034,-14.2538],[125.6083,-14.2624],[125.597,-14.2539],[125.5921,-14.2437],[125.585,-14.2568],[125.5813,-14.2528],[125.5737,-14.2616],[125.5839,-14.2601],[125.5988,-14.2738],[125.596,-14.2833],[125.5911,-14.2856],[125.5931,-14.2897],[125.5878,-14.3023],[125.5823,-14.3054],[125.5828,-14.3218],[125.589,-14.3254],[125.5914,-14.3325],[125.5957,-14.3309],[125.5972,-14.3354],[125.5998,-14.3333],[125.5976,-14.3367],[125.6037,-14.3436],[125.5996,-14.3422],[125.5995,-14.3454],[125.5936,-14.3487],[125.5945,-14.354],[125.5879,-14.3579],[125.5886,-14.3699],[125.5972,-14.3765],[125.608,-14.375],[125.6053,-14.3795],[125.6104,-14.3904],[125.6227,-14.3857],[125.6172,-14.3939],[125.6206,-14.3956],[125.6169,-14.3959],[125.6171,-14.4014],[125.6214,-14.4038],[125.6212,-14.4152],[125.6161,-14.4161],[125.6142,-14.421],[125.6105,-14.4192],[125.6096,-14.4217],[125.6144,-14.4251],[125.6088,-14.4313],[125.6013,-14.4335],[125.6047,-14.434],[125.5986,-14.4428],[125.6016,-14.4544],[125.5976,-14.4538],[125.5962,-14.4572],[125.5995,-14.4616],[125.5945,-14.4588],[125.6015,-14.4809],[125.6007,-14.494],[125.5981,-14.491],[125.591,-14.4937],[125.598,-14.4967],[125.5882,-14.5057],[125.5946,-14.5075],[125.6024,-14.4983],[125.6063,-14.5093],[125.6094,-14.5102],[125.6102,-14.5076],[125.6137,-14.5106],[125.6001,-14.5175],[125.6037,-14.5221],[125.601,-14.5297],[125.5976,-14.5282],[125.5965,-14.5366],[125.5915,-14.5378],[125.5898,-14.5284],[125.5842,-14.5257],[125.5726,-14.543],[125.5755,-14.5523],[125.5989,-14.5588],[125.5993,-14.5626],[125.5694,-14.5583],[125.5573,-14.5659],[125.5576,-14.5604],[125.5504,-14.5565],[125.5373,-14.5585],[125.5348,-14.5639],[125.5315,-14.5604],[125.5332,-14.5573],[125.5275,-14.5542],[125.5334,-14.5502],[125.5299,-14.5461],[125.5378,-14.5501],[125.548,-14.5484],[125.5499,-14.5432],[125.544,-14.5386],[125.5447,-14.535],[125.5491,-14.5301],[125.5578,-14.5307],[125.5606,-14.5148],[125.5414,-14.5099],[125.5345,-14.5213],[125.5291,-14.5223],[125.5315,-14.5175],[125.5295,-14.5119],[125.5235,-14.5094],[125.5206,-14.5119],[125.5199,-14.5092],[125.5267,-14.5048],[125.5293,-14.5065],[125.5288,-14.5028],[125.5203,-14.5002],[125.5153,-14.513],[125.5117,-14.5116],[125.5061,-14.5176],[125.5028,-14.5163],[125.5058,-14.5157],[125.5035,-14.5132],[125.4963,-14.5124],[125.4926,-14.5143],[125.4967,-14.5165],[125.4935,-14.5198],[125.4886,-14.5192],[125.4904,-14.5302],[125.4956,-14.5304],[125.4949,-14.5339],[125.4909,-14.5349],[125.4943,-14.5401],[125.4929,-14.544],[125.4962,-14.5447],[125.4907,-14.5489],[125.4956,-14.5546],[125.4914,-14.5603],[125.4799,-14.5378],[125.4805,-14.5322],[125.4728,-14.5317],[125.4665,-14.5355],[125.4691,-14.5412],[125.4652,-14.5455],[125.4674,-14.5592],[125.4834,-14.568],[125.4712,-14.5645],[125.4666,-14.5761],[125.4618,-14.5755],[125.4654,-14.5733],[125.4632,-14.5731],[125.4524,-14.5792],[125.4519,-14.5844],[125.4634,-14.6053],[125.4405,-14.5937],[125.4372,-14.5946],[125.4373,-14.6002],[125.4432,-14.6095],[125.4466,-14.609],[125.4452,-14.6138],[125.4503,-14.622],[125.4491,-14.6264],[125.4383,-14.6302],[125.4299,-14.6415],[125.4296,-14.6359],[125.4261,-14.6344],[125.432,-14.6236],[125.438,-14.6211],[125.4378,-14.6117],[125.4268,-14.6073],[125.4272,-14.6008],[125.4134,-14.6005],[125.4122,-14.5971],[125.418,-14.5973],[125.425,-14.5864],[125.42,-14.5819],[125.4208,-14.5786],[125.4155,-14.5792],[125.4204,-14.5764],[125.4161,-14.5729],[125.4188,-14.5726],[125.4152,-14.5639],[125.4107,-14.5666],[125.4124,-14.5598],[125.4086,-14.5578],[125.4124,-14.5579],[125.4107,-14.5564],[125.4144,-14.5555],[125.4153,-14.5504],[125.4103,-14.5456],[125.3996,-14.5472],[125.3982,-14.5598],[125.4,-14.5666],[125.4037,-14.5684],[125.4001,-14.5728],[125.3944,-14.5651],[125.3908,-14.57],[125.3916,-14.5762],[125.3858,-14.5682],[125.3832,-14.5751],[125.3795,-14.5725],[125.3772,-14.5768],[125.3744,-14.5758],[125.3708,-14.5817],[125.3747,-14.5855],[125.3701,-14.5833],[125.3571,-14.5871],[125.3577,-14.5838],[125.3546,-14.5841],[125.3615,-14.5734],[125.368,-14.5697],[125.369,-14.5609],[125.361,-14.56],[125.361,-14.555],[125.3575,-14.5543],[125.355,-14.5518],[125.3579,-14.5535],[125.3604,-14.5476],[125.3572,-14.5423],[125.3593,-14.5369],[125.3551,-14.5301],[125.3637,-14.5263],[125.362,-14.516],[125.3667,-14.5051],[125.3613,-14.5115],[125.3457,-14.5163],[125.3421,-14.5216],[125.3454,-14.5276],[125.3417,-14.5306],[125.3426,-14.539],[125.3501,-14.5439],[125.3445,-14.5499],[125.3465,-14.5563],[125.3497,-14.5551],[125.3478,-14.5645],[125.3357,-14.5558],[125.3282,-14.5592],[125.3232,-14.5701],[125.3263,-14.5724],[125.3257,-14.5844],[125.323,-14.5774],[125.3185,-14.5774],[125.3183,-14.5731],[125.3114,-14.5734],[125.3018,-14.5579],[125.2969,-14.5661],[125.3036,-14.5796],[125.3002,-14.5754],[125.2981,-14.5778],[125.2937,-14.5748],[125.2875,-14.5785],[125.2905,-14.5834],[125.2825,-14.5786],[125.2767,-14.5889],[125.278,-14.5923],[125.2729,-14.5888],[125.2745,-14.5951],[125.2707,-14.5892],[125.2708,-14.5945],[125.2655,-14.5895],[125.2579,-14.5939],[125.2549,-14.5986],[125.2563,-14.6066],[125.2536,-14.6068],[125.2631,-14.6118],[125.2585,-14.6158],[125.2492,-14.6109],[125.2529,-14.6154],[125.2486,-14.6153],[125.2484,-14.6198],[125.2569,-14.6237],[125.2569,-14.6305],[125.2697,-14.6383],[125.2803,-14.6402],[125.2828,-14.6254],[125.2878,-14.629],[125.2884,-14.6232],[125.2906,-14.6311],[125.2981,-14.6374],[125.3005,-14.6352],[125.3003,-14.6417],[125.3075,-14.6469],[125.3084,-14.6499],[125.3024,-14.655],[125.2793,-14.6537],[125.2737,-14.6613],[125.2714,-14.6552],[125.2698,-14.6582],[125.2608,-14.6578],[125.2576,-14.6688],[125.261,-14.6707],[125.2588,-14.6728],[125.2543,-14.6685],[125.2573,-14.6781],[125.2682,-14.691],[125.2621,-14.6931],[125.2566,-14.692],[125.2488,-14.6847],[125.2456,-14.6756],[125.2456,-14.6822],[125.2436,-14.6742],[125.2399,-14.6737],[125.2405,-14.6664],[125.2344,-14.6612],[125.224,-14.668],[125.2228,-14.6706],[125.226,-14.6727],[125.2187,-14.6752],[125.2189,-14.6674],[125.2129,-14.6687],[125.2106,-14.6923],[125.2137,-14.6979],[125.217,-14.6975],[125.2175,-14.7057],[125.215,-14.706],[125.2161,-14.711],[125.2115,-14.7217],[125.2011,-14.698],[125.1976,-14.6994],[125.1992,-14.7065],[125.1872,-14.705],[125.1882,-14.7088],[125.1822,-14.7059],[125.1798,-14.7099],[125.1831,-14.7087],[125.1803,-14.7191],[125.1825,-14.7213],[125.1819,-14.7187],[125.1843,-14.7189],[125.1829,-14.7269],[125.1874,-14.7277],[125.1871,-14.7337],[125.1953,-14.7384],[125.1882,-14.7382],[125.189,-14.747],[125.1857,-14.748],[125.1788,-14.7363],[125.1731,-14.7376],[125.1693,-14.7334],[125.1685,-14.7372],[125.1622,-14.7364],[125.1612,-14.7322],[125.1585,-14.7328],[125.16,-14.7379],[125.1555,-14.7374],[125.1568,-14.7431],[125.1517,-14.7425],[125.15,-14.7482],[125.1463,-14.7481],[125.1467,-14.7522],[125.1434,-14.7473],[125.1414,-14.7477],[125.1468,-14.7626],[125.1456,-14.7668],[125.1505,-14.7691],[125.1491,-14.7724],[125.1528,-14.7766],[125.1547,-14.7665],[125.1603,-14.7689],[125.1642,-14.7783],[125.1649,-14.7745],[125.1664,-14.7787],[125.1697,-14.7788],[125.1662,-14.7843],[125.1668,-14.7905],[125.1799,-14.7783],[125.1824,-14.7819],[125.19,-14.7754],[125.1879,-14.7818],[125.1816,-14.7843],[125.1816,-14.7923],[125.1947,-14.7762],[125.1912,-14.7881],[125.193,-14.7912],[125.1977,-14.7912],[125.2017,-14.7851],[125.2051,-14.7971],[125.1949,-14.7989],[125.1915,-14.807],[125.1905,-14.8037],[125.1895,-14.8038],[125.1946,-14.8208],[125.1974,-14.8215],[125.1947,-14.8229],[125.1953,-14.8276],[125.1925,-14.8234],[125.1891,-14.8268],[125.1865,-14.8232],[125.1877,-14.827],[125.1847,-14.8265],[125.1843,-14.8291],[125.1896,-14.8297],[125.1862,-14.8374],[125.1917,-14.8386],[125.1969,-14.8333],[125.2005,-14.8441],[125.2089,-14.8429],[125.2086,-14.85],[125.2122,-14.8515],[125.2088,-14.858],[125.2101,-14.8649],[125.213,-14.8616],[125.2166,-14.8647],[125.2209,-14.8628],[125.2201,-14.8688],[125.2236,-14.8666],[125.2252,-14.8632],[125.2218,-14.8582],[125.2246,-14.848],[125.2317,-14.8545],[125.2441,-14.8317],[125.2491,-14.8345],[125.2436,-14.8381],[125.2423,-14.8525],[125.2393,-14.8592],[125.2355,-14.8605],[125.2355,-14.8676],[125.2509,-14.8723],[125.2538,-14.8608],[125.2513,-14.8558],[125.2543,-14.8525],[125.2588,-14.855],[125.2641,-14.8654],[125.2717,-14.8537],[125.2739,-14.8701],[125.2751,-14.8619],[125.279,-14.8662],[125.2867,-14.853],[125.2893,-14.8618],[125.2929,-14.8618],[125.2894,-14.8669],[125.2959,-14.8753],[125.3005,-14.8701],[125.3057,-14.8696],[125.305,-14.8815],[125.3203,-14.8792],[125.3339,-14.8822],[125.3296,-14.8825],[125.3301,-14.885],[125.3222,-14.8836],[125.3214,-14.8873],[125.3167,-14.8876],[125.3189,-14.897],[125.3114,-14.9001],[125.3071,-14.8912],[125.306,-14.8976],[125.312,-14.9041],[125.3081,-14.9087],[125.3033,-14.8982],[125.2982,-14.9054],[125.2946,-14.9036],[125.3,-14.9159],[125.306,-14.9166],[125.3077,-14.9202],[125.3063,-14.9248],[125.2957,-14.9287],[125.298,-14.9358],[125.2947,-14.938],[125.2914,-14.9378],[125.2872,-14.9287],[125.2838,-14.9287],[125.2835,-14.9321],[125.2815,-14.9292],[125.2699,-14.9333],[125.2715,-14.9275],[125.2677,-14.9296],[125.2668,-14.9248],[125.2613,-14.9231],[125.2658,-14.9113],[125.2636,-14.9046],[125.2603,-14.8991],[125.2563,-14.8998],[125.2571,-14.9052],[125.2522,-14.9059],[125.2542,-14.9108],[125.2556,-14.9107],[125.2563,-14.9077],[125.2578,-14.907],[125.2518,-14.9207],[125.255,-14.9266],[125.2472,-14.9233],[125.2479,-14.9184],[125.2439,-14.9139],[125.2396,-14.9175],[125.2417,-14.9204],[125.2393,-14.9233],[125.2307,-14.9191],[125.233,-14.9316],[125.2301,-14.9271],[125.2291,-14.9302],[125.2253,-14.9279],[125.2258,-14.924],[125.2229,-14.9261],[125.2242,-14.9302],[125.2215,-14.9274],[125.2188,-14.9293],[125.2188,-14.9328],[125.223,-14.9331],[125.2213,-14.9384],[125.2236,-14.943],[125.2212,-14.9431],[125.2206,-14.9486],[125.2149,-14.9428],[125.2133,-14.9454],[125.2171,-14.9486],[125.2132,-14.9488],[125.2136,-14.9518],[125.2078,-14.9472],[125.2129,-14.9566],[125.2129,-14.9598],[125.2098,-14.9592],[125.214,-14.963],[125.2117,-14.9648],[125.2133,-14.9693],[125.2225,-14.9705],[125.2198,-14.9648],[125.2221,-14.9637],[125.2277,-14.9689],[125.2316,-14.9606],[125.2342,-14.9653],[125.234,-14.9605],[125.2361,-14.9628],[125.2397,-14.9559],[125.2396,-14.9423],[125.2485,-14.9454],[125.2576,-14.9438],[125.2624,-14.9459],[125.2566,-14.9471],[125.2554,-14.9574],[125.2504,-14.9655],[125.2544,-14.9784],[125.2651,-14.9761],[125.2626,-14.9743],[125.2637,-14.9672],[125.2712,-14.9596],[125.2787,-14.9593],[125.2886,-14.966],[125.293,-14.9617],[125.3046,-14.9616],[125.2978,-14.9684],[125.2985,-14.9738],[125.2954,-14.977],[125.284,-14.9747],[125.2781,-14.9788],[125.2791,-14.9831],[125.2855,-14.9847],[125.2831,-14.9947],[125.2856,-14.9992],[125.2955,-14.9959],[125.3017,-15.0034],[125.3036,-14.9963],[125.3099,-15.0038],[125.3187,-15.0059],[125.3217,-15.0003],[125.3276,-15.0004],[125.328,-14.9924],[125.3395,-14.9868],[125.3373,-15.0026],[125.3472,-15.0009],[125.3529,-15.0089],[125.3635,-15.0058],[125.3654,-14.9914],[125.3711,-14.9967],[125.3746,-15.0102],[125.3791,-15.0139],[125.3815,-15.0294],[125.3859,-15.0326],[125.4042,-15.0289],[125.4094,-15.0251],[125.412,-15.0186],[125.4082,-15.0114],[125.409,-14.9986],[125.4133,-14.9986],[125.4141,-15.012],[125.4176,-15.0133],[125.4154,-15.0145],[125.4186,-15.0151],[125.421,-15.0217],[125.4439,-15.0139],[125.4468,-15.0072],[125.4414,-14.9994],[125.4484,-15.0071],[125.4499,-14.9999],[125.4587,-14.9993],[125.4715,-14.9925],[125.4705,-14.9967],[125.4743,-15.0012],[125.4816,-14.9986],[125.4748,-15.0048],[125.4694,-15.0039],[125.467,-14.9992],[125.4624,-15.0002],[125.4559,-15.0102],[125.462,-15.0088],[125.4586,-15.0115],[125.4626,-15.0115],[125.4581,-15.0131],[125.4593,-15.0149],[125.4554,-15.0138],[125.4568,-15.0171],[125.4284,-15.0268],[125.4195,-15.0337],[125.4178,-15.0416],[125.4141,-15.0419],[125.4115,-15.0475],[125.4061,-15.0482],[125.4012,-15.0426],[125.3978,-15.0488],[125.3942,-15.0473],[125.3843,-15.0522],[125.3878,-15.0562],[125.3828,-15.0578],[125.3755,-15.0527],[125.3674,-15.0625],[125.3701,-15.0737],[125.3845,-15.0694],[125.3963,-15.0706],[125.4021,-15.0638],[125.3978,-15.077],[125.4007,-15.0765],[125.3977,-15.0797],[125.4019,-15.0847],[125.4002,-15.089],[125.3823,-15.1023],[125.3731,-15.1033],[125.3775,-15.1088],[125.3736,-15.1097],[125.368,-15.1038],[125.3576,-15.1084],[125.3687,-15.1091],[125.3764,-15.1142],[125.3805,-15.1123],[125.3759,-15.117],[125.3932,-15.1234],[125.3937,-15.1293],[125.3971,-15.1317],[125.4516,-15.1289],[125.4648,-15.1362],[125.4796,-15.1362],[125.4793,-15.134],[125.4842,-15.1394],[125.4813,-15.1548],[125.4609,-15.1494],[125.4479,-15.1501],[125.4462,-15.1536],[125.4431,-15.1487],[125.4119,-15.1576],[125.3783,-15.1426],[125.372,-15.1446],[125.3682,-15.1559],[125.3507,-15.1505],[125.346,-15.1431],[125.3415,-15.1465],[125.3359,-15.1456],[125.3356,-15.1491],[125.3316,-15.1465],[125.3389,-15.1606],[125.3349,-15.1629],[125.3253,-15.1525],[125.3151,-15.1547],[125.3068,-15.1516],[125.3059,-15.1422],[125.303,-15.1466],[125.2998,-15.1426],[125.2954,-15.1458],[125.2909,-15.1429],[125.2823,-15.1436],[125.2792,-15.1321],[125.2897,-15.0997],[125.2837,-15.1006],[125.2811,-15.0975],[125.2747,-15.1024],[125.271,-15.1137],[125.265,-15.1127],[125.266,-15.1],[125.2624,-15.0995],[125.2578,-15.1044],[125.2542,-15.1022],[125.2425,-15.1039],[125.2406,-15.1061],[125.2444,-15.113],[125.2376,-15.1086],[125.2405,-15.1025],[125.2336,-15.104],[125.2323,-15.1018],[125.2278,-15.1061],[125.2281,-15.103],[125.2254,-15.1034],[125.2238,-15.108],[125.227,-15.1138],[125.222,-15.1063],[125.2181,-15.1091],[125.2231,-15.1134],[125.2165,-15.1099],[125.215,-15.1124],[125.2195,-15.115],[125.2147,-15.1134],[125.2125,-15.1164],[125.2243,-15.1212],[125.2203,-15.1239],[125.2103,-15.1186],[125.2105,-15.121],[125.2055,-15.1207],[125.2088,-15.1251],[125.2046,-15.1216],[125.2043,-15.1249],[125.1972,-15.1232],[125.1877,-15.1323],[125.1743,-15.1301],[125.1729,-15.1362],[125.1754,-15.138],[125.1632,-15.1514],[125.1578,-15.1486],[125.1583,-15.1432],[125.1485,-15.1344],[125.145,-15.1347],[125.1388,-15.118],[125.1408,-15.1094],[125.1385,-15.1029],[125.122,-15.0916],[125.1234,-15.0845],[125.1195,-15.0841],[125.1256,-15.059],[125.1282,-15.0564],[125.1334,-15.059],[125.1257,-15.0435],[125.1055,-15.0332],[125.1037,-15.048],[125.0995,-15.0496],[125.0966,-15.0563],[125.1008,-15.0645],[125.0953,-15.0681],[125.0724,-15.0649],[125.075,-15.0624],[125.0724,-15.0612],[125.079,-15.0569],[125.0769,-15.0482],[125.0835,-15.0406],[125.0795,-15.0367],[125.0734,-15.0414],[125.0673,-15.0415],[125.0596,-15.0365],[125.059,-15.0283],[125.0817,-15.0055],[125.084,-14.9915],[125.0928,-14.9882],[125.0882,-14.9822],[125.0831,-14.9853],[125.0781,-14.9819],[125.0747,-14.9842],[125.0787,-14.977],[125.0743,-14.9758],[125.068,-14.9821],[125.0598,-14.9826],[125.0545,-14.9881],[125.0557,-14.9998],[125.0446,-14.9844],[125.0403,-14.985],[125.0331,-14.996],[125.029,-14.9916],[125.028,-14.9843],[125.0209,-14.9859],[125.017,-14.9798],[125.012,-14.9832],[125.0166,-14.9892],[125.0224,-14.9881],[125.0252,-14.9924],[125.0189,-15.008],[125.0241,-15.0174],[125.0235,-15.0221],[125.0142,-15.0351],[125.0177,-15.0384],[125.0209,-15.0331],[125.0262,-15.0313],[125.0282,-15.0358],[125.0209,-15.0399],[125.0203,-15.047],[125.0258,-15.0539],[125.0352,-15.0516],[125.0294,-15.0662],[125.0454,-15.0731],[125.0477,-15.0771],[125.0389,-15.0864],[125.035,-15.1022],[125.0311,-15.1018],[125.0324,-15.1091],[125.0299,-15.1133],[125.0256,-15.1133],[125.0111,-15.0935],[125.0086,-15.1047],[124.9976,-15.1048],[124.9971,-15.1228],[124.9931,-15.1133],[124.9877,-15.1143],[124.9851,-15.1333],[124.9812,-15.1265],[124.979,-15.1336],[124.9744,-15.1353],[124.9668,-15.1319],[124.9653,-15.127],[124.9691,-15.124],[124.9644,-15.1249],[124.9615,-15.1187],[124.9567,-15.1236],[124.9495,-15.1235],[124.9517,-15.1132],[124.9459,-15.118],[124.9461,-15.1213],[124.9492,-15.1199],[124.9479,-15.1234],[124.9432,-15.1256],[124.9328,-15.1204],[124.9264,-15.1087],[124.9221,-15.1167],[124.9104,-15.1068],[124.9068,-15.1159],[124.8931,-15.1143],[124.8844,-15.1241],[124.8782,-15.1253],[124.8779,-15.1306],[124.8707,-15.1262],[124.8676,-15.1303],[124.869,-15.1449],[124.864,-15.1433],[124.8555,-15.1464],[124.8519,-15.1555],[124.8491,-15.1498],[124.841,-15.1598],[124.8373,-15.156],[124.8344,-15.1573],[124.8458,-15.1627],[124.8409,-15.166],[124.8401,-15.1741],[124.8353,-15.1809],[124.8381,-15.1832],[124.8447,-15.1732],[124.8475,-15.1779],[124.8615,-15.169],[124.8548,-15.1836],[124.8858,-15.1721],[124.8964,-15.1734],[124.8786,-15.186],[124.8774,-15.1915],[124.8643,-15.1949],[124.8677,-15.2041],[124.8811,-15.2084],[124.879,-15.2154],[124.8749,-15.2145],[124.8715,-15.2211],[124.8675,-15.2216],[124.8659,-15.236],[124.8688,-15.2436],[124.8918,-15.2303],[124.8792,-15.249],[124.8798,-15.2524],[124.8745,-15.2551],[124.878,-15.2558],[124.8758,-15.2619],[124.8888,-15.2576],[124.8895,-15.253],[124.8957,-15.2495],[124.9079,-15.2457],[124.9099,-15.239],[124.901,-15.2402],[124.9068,-15.2346],[124.9069,-15.2306],[124.9175,-15.2282],[124.9172,-15.2151],[124.9197,-15.2246],[124.923,-15.2257],[124.9438,-15.2131],[124.9426,-15.2086],[124.9359,-15.2097],[124.9428,-15.2051],[124.9352,-15.1951],[124.9352,-15.1874],[124.9399,-15.1971],[124.9423,-15.1937],[124.947,-15.2012],[124.9549,-15.2054],[124.9711,-15.2083],[124.9611,-15.1956],[124.9646,-15.186],[124.9712,-15.183],[124.9701,-15.1643],[124.9783,-15.1682],[124.9761,-15.1763],[124.9854,-15.1661],[124.9848,-15.176],[124.9905,-15.164],[124.9949,-15.162],[124.9911,-15.1675],[124.992,-15.1715],[124.9959,-15.1705],[124.9947,-15.1739],[124.9873,-15.1773],[124.982,-15.191],[124.9842,-15.1965],[124.9928,-15.1978],[125.0009,-15.1925],[125.0073,-15.1808],[125.0143,-15.1759],[125.0113,-15.1678],[125.0074,-15.1664],[125.0089,-15.1638],[125.0058,-15.1633],[125.0098,-15.1614],[125.0099,-15.1576],[125.0126,-15.159],[125.0138,-15.1545],[125.016,-15.1579],[125.0228,-15.1562],[125.0183,-15.163],[125.0202,-15.1695],[125.0287,-15.1694],[125.0313,-15.1636],[125.039,-15.1644],[125.0458,-15.1577],[125.0494,-15.1588],[125.0486,-15.1664],[125.056,-15.1644],[125.0532,-15.1705],[125.0602,-15.1808],[125.0415,-15.1786],[125.0421,-15.182],[125.0462,-15.1822],[125.0468,-15.1887],[125.0375,-15.197],[125.0324,-15.1944],[125.0285,-15.197],[125.0316,-15.1989],[125.022,-15.2185],[125.0199,-15.2136],[125.0182,-15.2206],[125.0046,-15.2245],[125.0056,-15.2419],[124.9951,-15.2377],[124.9815,-15.2242],[124.9721,-15.2272],[124.9792,-15.2199],[124.9761,-15.2165],[124.9721,-15.2171],[124.9687,-15.212],[124.9515,-15.2251],[124.9436,-15.2282],[124.936,-15.2243],[124.9274,-15.2292],[124.9272,-15.2337],[124.9334,-15.2311],[124.9187,-15.2453],[124.9319,-15.2474],[124.9307,-15.2505],[124.9188,-15.2546],[124.9222,-15.2601],[124.9186,-15.2644],[124.9228,-15.2705],[124.9179,-15.2668],[124.9141,-15.2712],[124.9146,-15.2636],[124.9111,-15.2624],[124.913,-15.2564],[124.9046,-15.2555],[124.9017,-15.2598],[124.9051,-15.2654],[124.9046,-15.2757],[124.9033,-15.269],[124.8938,-15.2718],[124.8947,-15.2779],[124.8912,-15.2754],[124.8864,-15.2804],[124.8858,-15.2896],[124.8793,-15.2932],[124.8792,-15.3001],[124.8761,-15.302],[124.8801,-15.3105],[124.8952,-15.3054],[124.8831,-15.3159],[124.8915,-15.3277],[124.8961,-15.3264],[124.8941,-15.3225],[124.898,-15.3223],[124.8984,-15.3249],[124.9018,-15.3187],[124.9032,-15.3205],[124.9068,-15.3174],[124.9025,-15.3251],[124.9087,-15.3247],[124.9024,-15.3296],[124.9078,-15.335],[124.8998,-15.3348],[124.8982,-15.3321],[124.8979,-15.3399],[124.9118,-15.349],[124.9117,-15.3529],[124.9201,-15.3565],[124.9309,-15.3462],[124.9382,-15.3482],[124.9442,-15.3414],[124.9524,-15.3413],[124.9577,-15.3357],[124.9644,-15.3357],[124.9687,-15.3299],[124.9791,-15.3294],[124.9842,-15.32],[124.9946,-15.3191],[125.0008,-15.3119],[125.0149,-15.3086],[125.0264,-15.3003],[125.0315,-15.2904],[125.0304,-15.2748],[125.0349,-15.2882],[125.045,-15.2839],[125.036,-15.2955],[125.0396,-15.3014],[125.0521,-15.3024],[125.0654,-15.3162],[125.0813,-15.3144],[125.083,-15.3101],[125.0859,-15.3117],[125.0873,-15.307],[125.0903,-15.3072],[125.0929,-15.3003],[125.089,-15.2995],[125.0931,-15.2985],[125.0943,-15.292],[125.0913,-15.2894],[125.0865,-15.2924],[125.0798,-15.2909],[125.0875,-15.2902],[125.0868,-15.2838],[125.095,-15.2897],[125.0957,-15.2831],[125.0835,-15.2673],[125.081,-15.2556],[125.0734,-15.2539],[125.0794,-15.2537],[125.0775,-15.2477],[125.0866,-15.2644],[125.0872,-15.2524],[125.09,-15.2478],[125.0881,-15.2668],[125.0904,-15.2696],[125.0921,-15.2658],[125.0943,-15.265],[125.0912,-15.2707],[125.097,-15.2702],[125.0926,-15.2719],[125.0964,-15.2731],[125.0957,-15.2758],[125.0991,-15.2734],[125.0967,-15.2783],[125.1003,-15.2859],[125.1038,-15.2786],[125.1051,-15.2614],[125.1139,-15.2609],[125.1189,-15.2556],[125.1179,-15.2595],[125.1077,-15.2631],[125.1051,-15.2833],[125.1082,-15.2841],[125.1019,-15.2904],[125.1025,-15.2994],[125.11,-15.2924],[125.1019,-15.3026],[125.111,-15.3001],[125.1155,-15.302],[125.1127,-15.3019],[125.1107,-15.3067],[125.1102,-15.3028],[125.1029,-15.3055],[125.0992,-15.3142],[125.1058,-15.3179],[125.1103,-15.3146],[125.1101,-15.3202],[125.1051,-15.3189],[125.1055,-15.3218],[125.0984,-15.3185],[125.0886,-15.3377],[125.094,-15.3385],[125.1068,-15.3305],[125.1188,-15.3289],[125.1161,-15.3221],[125.117,-15.3193],[125.1202,-15.3247],[125.1207,-15.3288],[125.1266,-15.3266],[125.1256,-15.3164],[125.1287,-15.324],[125.132,-15.3212],[125.1312,-15.3157],[125.1333,-15.3195],[125.1368,-15.3169],[125.1284,-15.3273],[125.1305,-15.3278],[125.1444,-15.3231],[125.1435,-15.3179],[125.1455,-15.3234],[125.1496,-15.3221],[125.1465,-15.3141],[125.1507,-15.3148],[125.1504,-15.3224],[125.1525,-15.3224],[125.1525,-15.3128],[125.1558,-15.3132],[125.1551,-15.3082],[125.1577,-15.3061],[125.1548,-15.3174],[125.1578,-15.3112],[125.1604,-15.3101],[125.1584,-15.3164],[125.1626,-15.317],[125.156,-15.3191],[125.1551,-15.3214],[125.1582,-15.3204],[125.1603,-15.3225],[125.163,-15.321],[125.1607,-15.3242],[125.1564,-15.3235],[125.1601,-15.3255],[125.1586,-15.3289],[125.1641,-15.3306],[125.16,-15.3301],[125.1591,-15.3353],[125.156,-15.3246],[125.1443,-15.3265],[125.1388,-15.3313],[125.1443,-15.3297],[125.1444,-15.3327],[125.1521,-15.3325],[125.1445,-15.3339],[125.1466,-15.3376],[125.1441,-15.3427],[125.147,-15.3452],[125.1442,-15.3449],[125.1438,-15.3479],[125.1421,-15.3335],[125.1396,-15.3332],[125.1407,-15.3376],[125.137,-15.3353],[125.1385,-15.3375],[125.1373,-15.3394],[125.1357,-15.3356],[125.123,-15.3354],[125.1113,-15.3389],[125.103,-15.3445],[125.1079,-15.347],[125.1062,-15.3485],[125.1018,-15.3452],[125.0978,-15.3521],[125.0962,-15.3495],[125.0909,-15.355],[125.0888,-15.3695],[125.095,-15.3713],[125.0843,-15.3777],[125.0868,-15.3827],[125.0825,-15.4123],[125.0701,-15.4319],[125.07,-15.4402],[125.0798,-15.4457],[125.0877,-15.4415],[125.0817,-15.4464],[125.1019,-15.4634],[125.1068,-15.4621],[125.1068,-15.4659],[125.1163,-15.4675],[125.129,-15.4809],[125.1415,-15.4819],[125.1373,-15.4846],[125.1461,-15.4971],[125.1713,-15.5162],[125.1747,-15.5152],[125.1885,-15.522],[125.1901,-15.5293],[125.2071,-15.541],[125.2166,-15.5534],[125.2203,-15.5542],[125.2232,-15.5509],[125.2258,-15.5441],[125.2239,-15.542],[125.224,-15.5407],[125.2258,-15.5435],[125.226,-15.5445],[125.2245,-15.5532],[125.2445,-15.573],[125.2468,-15.5705],[125.2463,-15.574],[125.2549,-15.5809],[125.2599,-15.5795],[125.2714,-15.5881],[125.2797,-15.5817],[125.2876,-15.5836],[125.2781,-15.5853],[125.2776,-15.5903],[125.297,-15.6048],[125.3007,-15.6138],[125.3194,-15.6266],[125.3201,-15.6241],[125.3221,-15.6287],[125.3446,-15.6413],[125.376,-15.6641],[125.3797,-15.6684],[125.395,-15.6761],[125.4211,-15.6961],[125.3508,-15.6502],[125.3311,-15.6352],[125.3086,-15.6221],[125.3054,-15.6228],[125.291,-15.6047],[125.2827,-15.6039],[125.2751,-15.5969],[125.2712,-15.5977],[125.2703,-15.5936],[125.2543,-15.5856],[125.2536,-15.582],[125.2332,-15.5724],[125.2253,-15.5723],[125.2252,-15.5672],[125.2209,-15.5668],[125.2154,-15.5601],[125.2162,-15.5625],[125.2142,-15.5618],[125.2154,-15.557],[125.1995,-15.5417],[125.1811,-15.5316],[125.1747,-15.5343],[125.1612,-15.5186],[125.1409,-15.5091],[125.1432,-15.5012],[125.1374,-15.4954],[125.1274,-15.4889],[125.1223,-15.4909],[125.1287,-15.4947],[125.1212,-15.4915],[125.1251,-15.4875],[125.1231,-15.4842],[125.1042,-15.472],[125.1023,-15.4747],[125.0957,-15.4677],[125.0901,-15.469],[125.0918,-15.4654],[125.0887,-15.4632],[125.0762,-15.4592],[125.0654,-15.463],[125.0642,-15.4604],[125.0492,-15.4726],[125.0523,-15.4826],[125.0479,-15.4734],[125.0444,-15.4766],[125.0428,-15.4891],[125.0548,-15.4986],[125.045,-15.497],[125.0484,-15.5036],[125.0442,-15.5115],[125.0449,-15.5022],[125.0399,-15.4979],[125.0359,-15.4989],[125.0376,-15.5032],[125.0338,-15.5009],[125.0309,-15.5044],[125.0334,-15.5179],[125.0352,-15.5163],[125.0376,-15.5209],[125.0426,-15.5181],[125.0443,-15.5189],[125.0395,-15.5218],[125.0325,-15.5206],[125.0301,-15.5138],[125.0311,-15.5184],[125.0298,-15.5224],[125.0268,-15.5176],[125.0268,-15.5111],[125.0226,-15.5141],[125.0227,-15.5196],[125.0189,-15.5212],[125.0256,-15.5258],[125.022,-15.5241],[125.021,-15.5264],[125.0178,-15.5221],[125.013,-15.5305],[125.0194,-15.5352],[125.0142,-15.5334],[125.0171,-15.5447],[125.0141,-15.5385],[125.012,-15.5399],[125.0113,-15.5286],[125.0065,-15.5314],[125.0046,-15.5285],[125.0061,-15.5257],[125.0115,-15.5265],[125.0111,-15.523],[125.0141,-15.5218],[125.0021,-15.5178],[125.0062,-15.5158],[125.0153,-15.5199],[125.0229,-15.5059],[125.0231,-15.5031],[125.0188,-15.5086],[125.0176,-15.5053],[125.0243,-15.4998],[125.026,-15.4857],[125.024,-15.4801],[125.0204,-15.4802],[125.0229,-15.4777],[125.0183,-15.4715],[125.0114,-15.4725],[125.0113,-15.4801],[125.0095,-15.4732],[125.0064,-15.4749],[125.008,-15.477],[125.004,-15.4766],[124.9998,-15.4951],[125.0013,-15.4976],[125.0102,-15.4965],[125.0022,-15.4985],[125.0058,-15.5025],[125.0014,-15.5036],[124.9978,-15.4963],[124.9995,-15.5104],[124.996,-15.5008],[124.9937,-15.5063],[124.9917,-15.5036],[124.9869,-15.5058],[124.9957,-15.4956],[124.997,-15.4856],[124.9931,-15.4842],[124.9965,-15.4835],[124.9962,-15.477],[124.983,-15.4843],[124.9817,-15.495],[124.9813,-15.4835],[124.9732,-15.4912],[124.9726,-15.488],[124.9709,-15.491],[124.9683,-15.4897],[124.9685,-15.4925],[124.9659,-15.4902],[124.9613,-15.4919],[124.9618,-15.4887],[124.9811,-15.4812],[124.9845,-15.476],[124.9636,-15.482],[124.9602,-15.4799],[124.9586,-15.4839],[124.9529,-15.4892],[124.958,-15.4797],[124.9539,-15.4811],[124.9554,-15.4779],[124.9522,-15.4752],[124.9578,-15.4763],[124.9568,-15.4735],[124.9608,-15.4759],[124.9613,-15.4736],[124.9671,-15.4759],[124.9641,-15.4716],[124.9701,-15.4743],[124.9841,-15.4696],[124.9971,-15.4604],[125.003,-15.4484],[125.0038,-15.4401],[125.0003,-15.4395],[124.9903,-15.4258],[124.9799,-15.4218],[124.9788,-15.4096],[124.9752,-15.4113],[124.9754,-15.4194],[124.9713,-15.4209],[124.9632,-15.4063],[124.9556,-15.4048],[124.9542,-15.3884],[124.9459,-15.3837],[124.9443,-15.386],[124.9406,-15.3836],[124.9452,-15.3958],[124.9267,-15.3938],[124.9253,-15.3889],[124.9371,-15.3899],[124.935,-15.3837],[124.93,-15.3814],[124.9324,-15.3747],[124.9279,-15.3716],[124.9245,-15.3719],[124.9237,-15.3756],[124.9153,-15.3733],[124.9071,-15.3602],[124.9024,-15.3573],[124.8959,-15.3588],[124.8948,-15.3536],[124.8886,-15.3564],[124.8757,-15.3435],[124.8681,-15.345],[124.8726,-15.3532],[124.8689,-15.3552],[124.8647,-15.3522],[124.8623,-15.3591],[124.8609,-15.3518],[124.8465,-15.3522],[124.8405,-15.3406],[124.8495,-15.3354],[124.8477,-15.3285],[124.8364,-15.3164],[124.837,-15.3107],[124.8487,-15.3022],[124.8468,-15.2991],[124.8267,-15.3071],[124.8291,-15.3125],[124.825,-15.3101],[124.8222,-15.3119],[124.837,-15.3247],[124.8313,-15.3259],[124.8172,-15.3235],[124.819,-15.3171],[124.8104,-15.3088],[124.801,-15.3066],[124.7936,-15.2958],[124.7832,-15.2945],[124.7801,-15.3048],[124.7853,-15.2953],[124.7839,-15.3119],[124.7594,-15.3333],[124.7529,-15.3542],[124.7537,-15.3515],[124.7473,-15.3487],[124.7455,-15.3444],[124.7361,-15.3432],[124.7618,-15.3262],[124.7706,-15.3021],[124.7622,-15.3005],[124.7622,-15.2928],[124.7609,-15.2952],[124.7569,-15.2927],[124.7534,-15.2945],[124.758,-15.2901],[124.7534,-15.2849],[124.7419,-15.2801],[124.7349,-15.2723],[124.727,-15.2717],[124.7219,-15.265],[124.721,-15.2683],[124.7156,-15.2581],[124.7112,-15.258],[124.7102,-15.262],[124.705,-15.2534],[124.7016,-15.2583],[124.7066,-15.2751],[124.7014,-15.2784],[124.6866,-15.2725],[124.6875,-15.2647],[124.6827,-15.2671],[124.6788,-15.2641],[124.6829,-15.2589],[124.6818,-15.254],[124.6747,-15.255],[124.6777,-15.2612],[124.6728,-15.269],[124.6745,-15.272],[124.6789,-15.2702],[124.6727,-15.279],[124.6781,-15.2824],[124.6793,-15.2886],[124.6737,-15.2941],[124.668,-15.294],[124.6677,-15.2999],[124.6721,-15.2964],[124.6969,-15.2965],[124.6925,-15.3091],[124.7079,-15.3173],[124.6921,-15.3331],[124.6742,-15.3245],[124.6723,-15.3324],[124.6665,-15.3343],[124.6619,-15.3249],[124.6603,-15.3338],[124.6561,-15.3328],[124.6565,-15.3369],[124.6622,-15.3386],[124.6665,-15.345],[124.6692,-15.3416],[124.6724,-15.3462],[124.6621,-15.3479],[124.663,-15.3578],[124.6668,-15.3619],[124.676,-15.3605],[124.6814,-15.3556],[124.6888,-15.3575],[124.6964,-15.3533],[124.6983,-15.3467],[124.7053,-15.3436],[124.7014,-15.3552],[124.7047,-15.3598],[124.7235,-15.3528],[124.7266,-15.3605],[124.7311,-15.3583],[124.7335,-15.361],[124.7448,-15.3618],[124.7326,-15.3626],[124.7309,-15.3658],[124.7272,-15.3634],[124.7235,-15.3693],[124.7252,-15.3708],[124.7206,-15.3745],[124.7237,-15.3767],[124.7158,-15.378],[124.7135,-15.3819],[124.7012,-15.3871],[124.6979,-15.3853],[124.6929,-15.3914],[124.6837,-15.3914],[124.6762,-15.4007],[124.6743,-15.4063],[124.6782,-15.4116],[124.682,-15.41],[124.6871,-15.4137],[124.6826,-15.4139],[124.681,-15.4202],[124.6789,-15.4167],[124.6748,-15.4175],[124.6763,-15.4192],[124.6726,-15.4205],[124.6689,-15.4286],[124.6727,-15.4402],[124.6716,-15.4529],[124.6771,-15.4582],[124.6771,-15.4629],[124.6866,-15.4585],[124.6848,-15.4547],[124.6867,-15.4558],[124.6882,-15.4631],[124.6858,-15.4669],[124.6908,-15.468],[124.6821,-15.4732],[124.6861,-15.4809],[124.6799,-15.4803],[124.6797,-15.4905],[124.6744,-15.4937],[124.6742,-15.4981],[124.6733,-15.4935],[124.6771,-15.4782],[124.6675,-15.4837],[124.6663,-15.4766],[124.6605,-15.475],[124.6572,-15.4776],[124.6575,-15.4743],[124.6504,-15.4681],[124.649,-15.4747],[124.6474,-15.4655],[124.6422,-15.4631],[124.641,-15.4556],[124.6479,-15.4491],[124.6453,-15.4435],[124.6498,-15.4387],[124.6457,-15.4341],[124.6538,-15.4352],[124.6468,-15.4298],[124.6457,-15.4247],[124.645,-15.43],[124.6334,-15.4367],[124.6332,-15.4392],[124.6372,-15.4383],[124.6313,-15.4437],[124.6352,-15.4461],[124.6337,-15.4513],[124.6293,-15.4466],[124.6247,-15.4585],[124.6286,-15.4577],[124.6282,-15.4628],[124.6179,-15.4661],[124.6187,-15.4687],[124.6232,-15.4665],[124.6264,-15.4724],[124.6207,-15.4849],[124.6266,-15.4889],[124.6233,-15.4907],[124.626,-15.4948],[124.6215,-15.5007],[124.6386,-15.5028],[124.6244,-15.5128],[124.6252,-15.5161],[124.6321,-15.5163],[124.6288,-15.5257],[124.6233,-15.5242],[124.6232,-15.5186],[124.6205,-15.5183],[124.6199,-15.5218],[124.6144,-15.5196],[124.6206,-15.5145],[124.6188,-15.5115],[124.6211,-15.5073],[124.6175,-15.5038],[124.6114,-15.5089],[124.603,-15.5052],[124.5991,-15.5065],[124.5952,-15.5127],[124.5958,-15.5234],[124.5896,-15.5233],[124.5841,-15.5167],[124.5803,-15.5201],[124.5774,-15.5167],[124.5799,-15.4996],[124.5662,-15.4984],[124.5547,-15.5028],[124.5517,-15.4908],[124.529,-15.4844],[124.5298,-15.4772],[124.5241,-15.486],[124.5215,-15.4851],[124.5216,-15.4741],[124.5183,-15.4687],[124.5086,-15.4703],[124.5074,-15.4837],[124.4981,-15.475],[124.4766,-15.4779],[124.4513,-15.4953],[124.4464,-15.5063],[124.4616,-15.4982],[124.456,-15.5027],[124.4558,-15.5085],[124.4686,-15.5043],[124.4826,-15.4904],[124.4925,-15.4862],[124.4917,-15.4926],[124.5006,-15.4994],[124.4986,-15.5058],[124.5058,-15.5041],[124.5006,-15.5171],[124.5102,-15.5223],[124.5104,-15.5251],[124.4962,-15.5165],[124.4965,-15.5075],[124.4916,-15.5062],[124.4921,-15.5018],[124.4865,-15.4973],[124.473,-15.5036],[124.4727,-15.5124],[124.4701,-15.5064],[124.4617,-15.5117],[124.4601,-15.5159],[124.4636,-15.528],[124.4679,-15.5328],[124.4658,-15.5369],[124.462,-15.5321],[124.4586,-15.5395],[124.4589,-15.5346],[124.4546,-15.5374],[124.4547,-15.5305],[124.4464,-15.5287],[124.441,-15.5428],[124.4363,-15.547],[124.4251,-15.5408],[124.4175,-15.5492],[124.4301,-15.5608],[124.4247,-15.5594],[124.4305,-15.5694],[124.43,-15.5745],[124.4138,-15.5919],[124.4046,-15.6151],[124.4125,-15.622],[124.416,-15.6202],[124.4096,-15.6095],[124.418,-15.605],[124.4307,-15.588],[124.4335,-15.6084],[124.4415,-15.6067],[124.4453,-15.5989],[124.4507,-15.6011],[124.4539,-15.5919],[124.4527,-15.6016],[124.4559,-15.6016],[124.4557,-15.606],[124.4596,-15.6086],[124.4546,-15.608],[124.4544,-15.6135],[124.4648,-15.617],[124.4661,-15.6126],[124.4678,-15.612],[124.4702,-15.616],[124.4849,-15.6178],[124.4874,-15.6198],[124.4971,-15.6157],[124.4882,-15.6215],[124.5006,-15.6367],[124.483,-15.6188],[124.4702,-15.617],[124.4674,-15.6131],[124.4644,-15.6177],[124.4525,-15.6162],[124.454,-15.6049],[124.4505,-15.6028],[124.4465,-15.6045],[124.4468,-15.6086],[124.4355,-15.6143],[124.436,-15.6183],[124.4402,-15.6201],[124.4338,-15.6224],[124.438,-15.63],[124.4365,-15.6435],[124.4394,-15.6403],[124.4424,-15.6497],[124.4501,-15.6477],[124.4481,-15.651],[124.456,-15.6522],[124.4572,-15.6563],[124.4486,-15.6529],[124.4447,-15.6548],[124.4437,-15.6697],[124.4297,-15.6643],[124.4276,-15.6699],[124.4307,-15.6739],[124.4215,-15.6674],[124.4229,-15.6583],[124.419,-15.655],[124.4212,-15.6532],[124.4167,-15.6441],[124.4197,-15.6403],[124.4144,-15.6372],[124.4115,-15.6418],[124.4149,-15.6548],[124.4127,-15.6814],[124.4094,-15.6785],[124.4082,-15.6845],[124.4025,-15.6852],[124.3976,-15.6786],[124.3981,-15.6723],[124.3951,-15.673],[124.3935,-15.6697],[124.3905,-15.672],[124.3902,-15.6624],[124.3893,-15.6686],[124.3857,-15.6693],[124.3793,-15.6602],[124.3766,-15.6686],[124.3688,-15.6719],[124.3704,-15.6777],[124.376,-15.6801],[124.3827,-15.6776],[124.3861,-15.6722],[124.3932,-15.6773],[124.3952,-15.692],[124.3994,-15.6985],[124.4025,-15.6986],[124.3999,-15.7103],[124.3965,-15.7121],[124.3973,-15.726],[124.4026,-15.7225],[124.409,-15.711],[124.4178,-15.7114],[124.4115,-15.7151],[124.4164,-15.7204],[124.4174,-15.7153],[124.4206,-15.7198],[124.4297,-15.7108],[124.4373,-15.7115],[124.4291,-15.7121],[124.4192,-15.724],[124.4238,-15.7326],[124.4077,-15.7201],[124.4062,-15.7252],[124.3981,-15.7265],[124.3959,-15.7312],[124.3931,-15.7301],[124.3859,-15.7176],[124.3927,-15.7367],[124.3921,-15.7455],[124.397,-15.7564],[124.3988,-15.7495],[124.4018,-15.7578],[124.398,-15.7713],[124.4103,-15.8059],[124.4095,-15.8156],[124.4055,-15.8156],[124.4093,-15.8638],[124.4129,-15.8779],[124.4175,-15.8768],[124.4156,-15.8723],[124.4196,-15.8623],[124.4217,-15.8637],[124.4248,-15.8476],[124.4295,-15.8674],[124.4391,-15.8704],[124.4451,-15.8525],[124.4425,-15.8384],[124.4446,-15.829],[124.4484,-15.8332],[124.4513,-15.8313],[124.4544,-15.8232],[124.4531,-15.8176],[124.4558,-15.8156],[124.4539,-15.8137],[124.4572,-15.8144],[124.4583,-15.8114],[124.4553,-15.8085],[124.448,-15.8136],[124.4452,-15.814],[124.4434,-15.8092],[124.4468,-15.8132],[124.4559,-15.8054],[124.4582,-15.808],[124.4626,-15.8025],[124.4601,-15.7984],[124.4618,-15.7874],[124.4577,-15.7829],[124.4625,-15.7849],[124.4638,-15.8032],[124.4599,-15.8089],[124.4603,-15.816],[124.4705,-15.8189],[124.4735,-15.8218],[124.4766,-15.8203],[124.4733,-15.8228],[124.4593,-15.8177],[124.4595,-15.8465],[124.4621,-15.8468],[124.46,-15.8507],[124.465,-15.8491],[124.4609,-15.8541],[124.4646,-15.8533],[124.4637,-15.8587],[124.4703,-15.8586],[124.4745,-15.8652],[124.4776,-15.8634],[124.4753,-15.8684],[124.4798,-15.8653],[124.4843,-15.8666],[124.4786,-15.8684],[124.4752,-15.8737],[124.4791,-15.8753],[124.4795,-15.8791],[124.4831,-15.8768],[124.4857,-15.8797],[124.4846,-15.8848],[124.4899,-15.8861],[124.4833,-15.8871],[124.4837,-15.8898],[124.4994,-15.8898],[124.492,-15.8914],[124.4926,-15.8943],[124.4883,-15.8919],[124.4789,-15.8934],[124.4799,-15.8886],[124.4749,-15.8857],[124.4749,-15.891],[124.4805,-15.8969],[124.4782,-15.9322],[124.4753,-15.929],[124.4767,-15.9416],[124.4813,-15.9378],[124.4873,-15.9204],[124.4876,-15.9281],[124.4924,-15.936],[124.4967,-15.9348],[124.498,-15.9283],[124.4993,-15.9357],[124.5027,-15.9351],[124.5041,-15.9306],[124.5059,-15.9324],[124.5061,-15.9279],[124.5065,-15.9349],[124.5106,-15.9315],[124.5125,-15.9344],[124.5057,-15.9406],[124.5097,-15.9425],[124.5083,-15.9464],[124.5061,-15.9423],[124.497,-15.9432],[124.4968,-15.9553],[124.492,-15.9591],[124.4951,-15.961],[124.492,-15.9706],[124.4944,-15.9702],[124.4947,-15.9762],[124.4981,-15.9772],[124.4921,-15.9755],[124.4902,-15.9875],[124.4946,-15.9872],[124.4986,-15.9981],[124.51,-15.9883],[124.5063,-15.9841],[124.5105,-15.9862],[124.517,-15.9785],[124.5172,-15.9702],[124.5135,-15.9681],[124.5174,-15.9673],[124.5203,-15.9724],[124.5317,-15.9573],[124.5339,-15.9481],[124.5403,-15.9398],[124.539,-15.9323],[124.5484,-15.9179],[124.549,-15.9087],[124.5593,-15.8994],[124.5596,-15.8946],[124.561,-15.8971],[124.5643,-15.8816],[124.5618,-15.8798],[124.5693,-15.8712],[124.572,-15.8612],[124.5736,-15.8631],[124.5823,-15.8546],[124.5997,-15.8203],[124.6079,-15.8109],[124.6295,-15.7956],[124.6257,-15.7861],[124.6276,-15.7847],[124.6318,-15.7905],[124.6328,-15.779],[124.6364,-15.7804],[124.6339,-15.7905],[124.6604,-15.7816],[124.6708,-15.7738],[124.6807,-15.7561],[124.6828,-15.7573],[124.6905,-15.7513],[124.6887,-15.7456],[124.693,-15.7488],[124.6932,-15.7443],[124.7048,-15.7411],[124.6892,-15.7558],[124.6843,-15.7633],[124.6862,-15.7649],[124.679,-15.7697],[124.6778,-15.7755],[124.6828,-15.7743],[124.6806,-15.7778],[124.6755,-15.778],[124.675,-15.784],[124.6841,-15.7868],[124.689,-15.7856],[124.6897,-15.7823],[124.6936,-15.783],[124.6958,-15.7753],[124.6936,-15.773],[124.6961,-15.7737],[124.6979,-15.7692],[124.6912,-15.7652],[124.6967,-15.7633],[124.6969,-15.7665],[124.7008,-15.7677],[124.6964,-15.759],[124.7017,-15.7639],[124.7043,-15.7502],[124.706,-15.7578],[124.703,-15.7665],[124.7092,-15.7623],[124.7089,-15.7648],[124.7125,-15.765],[124.719,-15.7701],[124.7138,-15.7666],[124.7124,-15.7711],[124.7122,-15.7669],[124.7043,-15.769],[124.6997,-15.7749],[124.7008,-15.7845],[124.7091,-15.7927],[124.7165,-15.7935],[124.7121,-15.7997],[124.7133,-15.8028],[124.7178,-15.8009],[124.7206,-15.805],[124.7355,-15.8105],[124.737,-15.8192],[124.7416,-15.8223],[124.735,-15.819],[124.7268,-15.8209],[124.7232,-15.8158],[124.714,-15.8118],[124.7045,-15.8141],[124.7031,-15.8195],[124.7129,-15.836],[124.7119,-15.8395],[124.7083,-15.8381],[124.6984,-15.8437],[124.6916,-15.8426],[124.6872,-15.8448],[124.6889,-15.8473],[124.6858,-15.8501],[124.682,-15.8495],[124.6803,-15.8534],[124.6865,-15.8566],[124.6795,-15.8572],[124.6758,-15.8628],[124.6778,-15.8773],[124.6868,-15.8819],[124.6817,-15.8847],[124.6816,-15.8889],[124.6759,-15.8851],[124.6685,-15.8627],[124.6585,-15.8561],[124.657,-15.8585],[124.6546,-15.8536],[124.6484,-15.8613],[124.6495,-15.857],[124.6466,-15.8596],[124.6399,-15.871],[124.6305,-15.8759],[124.6294,-15.8816],[124.6154,-15.8876],[124.6165,-15.8914],[124.6133,-15.8928],[124.6084,-15.8906],[124.6053,-15.8984],[124.6108,-15.9044],[124.6212,-15.9061],[124.6168,-15.9069],[124.619,-15.9086],[124.6161,-15.913],[124.6228,-15.9177],[124.6229,-15.9128],[124.626,-15.9209],[124.625,-15.9238],[124.6233,-15.9192],[124.6189,-15.9197],[124.6105,-15.9274],[124.6114,-15.9331],[124.6049,-15.9373],[124.6075,-15.9394],[124.606,-15.9444],[124.604,-15.9418],[124.5969,-15.943],[124.5962,-15.9488],[124.6018,-15.95],[124.5984,-15.9676],[124.609,-15.9684],[124.6155,-15.9645],[124.613,-15.9688],[124.6056,-15.97],[124.6181,-15.9736],[124.6243,-15.9813],[124.639,-15.9809],[124.6426,-15.9884],[124.6417,-15.9958],[124.638,-15.9986],[124.9027,-15.9986],[124.9026,-15.9015],[125.1074,-15.9015],[125.1074,-15.9394],[125.0912,-15.9425],[125.0696,-15.9529],[125.2106,-15.9529],[125.2152,-15.9724],[125.2235,-15.9781],[125.2236,-15.9928],[125.2271,-15.9986],[126.0013,-15.9986],[126.0012,-16.0809],[125.9895,-16.0807],[125.9895,-16.4482],[125.9623,-16.4482],[125.9623,-16.6459],[125.9517,-16.6523],[125.9503,-16.6697],[125.9623,-16.6613],[125.9623,-16.722],[126.0298,-16.722],[126.0298,-16.6291],[126.3258,-16.6291],[126.3263,-16.6357],[126.3238,-16.6375],[126.3137,-16.6335],[126.3083,-16.6361],[126.3104,-16.6445],[126.306,-16.6616],[126.2978,-16.6754],[126.2865,-16.6864],[126.4908,-16.6864],[126.4908,-16.7002],[126.639,-16.7002],[126.639,-16.8471],[126.9536,-16.8471],[126.9536,-17.108],[127.2197,-17.108],[127.2197,-17.0722],[127.3386,-17.0722],[127.3386,-16.9807],[127.4138,-16.9807],[127.4138,-16.8426],[127.5642,-16.8426],[127.5642,-16.7694]]],[[[124.5167,-15.1175],[124.5184,-15.1181],[124.5191,-15.1163],[124.5167,-15.1175]]],[[[124.5336,-15.1142],[124.5384,-15.1129],[124.5377,-15.1106],[124.5349,-15.1104],[124.5336,-15.1142]]],[[[126.9639,-13.7375],[126.9646,-13.7384],[126.9655,-13.7371],[126.9639,-13.7375]]],[[[126.1361,-13.7235],[126.1371,-13.7231],[126.1364,-13.7227],[126.1361,-13.7235]]],[[[126.8943,-13.6926],[126.8965,-13.6926],[126.8939,-13.6914],[126.8943,-13.6926]]],[[[126.9131,-13.6897],[126.9164,-13.6939],[126.9147,-13.6914],[126.919,-13.6931],[126.9171,-13.6887],[126.9131,-13.6897]]],[[[124.3016,-15.8981],[124.3026,-15.8976],[124.3017,-15.8971],[124.3016,-15.8981]]],[[[124.1846,-15.3375],[124.1859,-15.3371],[124.1845,-15.3367],[124.1846,-15.3375]]],[[[124.2091,-15.3229],[124.2102,-15.3232],[124.2105,-15.3223],[124.2091,-15.3229]]],[[[124.2589,-15.2127],[124.2616,-15.2132],[124.2596,-15.2098],[124.2589,-15.2127]]],[[[124.548,-15.1621],[124.5493,-15.1628],[124.5492,-15.1618],[124.548,-15.1621]]],[[[124.5025,-15.1318],[124.5039,-15.1314],[124.5036,-15.1309],[124.5025,-15.1318]]],[[[124.514,-15.1232],[124.5127,-15.1225],[124.5124,-15.1237],[124.514,-15.1232]]],[[[124.3256,-15.0606],[124.3271,-15.0608],[124.3267,-15.0598],[124.3256,-15.0606]]],[[[124.5968,-15.0094],[124.5974,-15.0086],[124.5962,-15.0086],[124.5968,-15.0094]]],[[[124.5341,-14.9894],[124.5357,-14.9879],[124.5341,-14.9866],[124.5341,-14.9894]]],[[[124.6726,-14.9494],[124.6697,-14.9387],[124.6587,-14.9379],[124.6576,-14.942],[124.6654,-14.95],[124.6726,-14.9494]]],[[[124.6741,-14.9355],[124.6771,-14.9355],[124.6745,-14.9342],[124.6741,-14.9355]]],[[[124.6813,-14.9121],[124.6866,-14.9126],[124.6851,-14.9097],[124.6813,-14.9121]]],[[[124.1886,-15.3373],[124.2069,-15.3378],[124.2038,-15.3348],[124.2083,-15.3303],[124.1903,-15.3332],[124.1886,-15.3373]]],[[[124.409,-15.2167],[124.4204,-15.2113],[124.4208,-15.2084],[124.4081,-15.213],[124.409,-15.2167]]],[[[124.502,-15.1346],[124.504,-15.1332],[124.5036,-15.1329],[124.502,-15.1346]]],[[[124.2118,-15.33],[124.2136,-15.3302],[124.2132,-15.3277],[124.2118,-15.33]]],[[[124.2426,-15.3272],[124.2435,-15.3275],[124.2434,-15.3268],[124.2426,-15.3272]]],[[[124.4851,-15.2076],[124.4873,-15.2069],[124.4869,-15.2046],[124.4851,-15.2076]]],[[[124.4927,-15.2123],[124.4959,-15.2077],[124.4924,-15.2031],[124.4884,-15.2062],[124.4927,-15.2123]]],[[[124.1856,-15.9574],[124.1871,-15.9524],[124.1789,-15.9459],[124.1769,-15.938],[124.1748,-15.9484],[124.1856,-15.9574]]],[[[124.1812,-15.9415],[124.1789,-15.9445],[124.1808,-15.9461],[124.1819,-15.9456],[124.1812,-15.9415]]],[[[124.1931,-15.9563],[124.1933,-15.9537],[124.1927,-15.9537],[124.1931,-15.9563]]],[[[124.3835,-15.6925],[124.381,-15.6939],[124.3813,-15.6947],[124.3835,-15.6925]]],[[[124.4011,-15.664],[124.4021,-15.6643],[124.4012,-15.6628],[124.4011,-15.664]]],[[[124.3856,-15.6893],[124.3863,-15.6898],[124.3862,-15.6891],[124.3856,-15.6893]]],[[[124.3799,-15.6578],[124.381,-15.6577],[124.3805,-15.6571],[124.3799,-15.6578]]],[[[124.2979,-15.3614],[124.2942,-15.367],[124.3031,-15.3681],[124.3042,-15.3724],[124.3077,-15.3696],[124.3055,-15.3631],[124.2979,-15.3614]]],[[[124.3059,-15.3621],[124.307,-15.3617],[124.306,-15.3611],[124.3059,-15.3621]]],[[[124.3084,-15.3637],[124.3094,-15.3638],[124.3092,-15.3633],[124.3084,-15.3637]]],[[[124.2213,-15.319],[124.2165,-15.3162],[124.2135,-15.318],[124.2248,-15.3253],[124.2295,-15.3231],[124.2271,-15.3142],[124.2213,-15.319]]],[[[124.2012,-15.9263],[124.19,-15.9167],[124.1889,-15.9237],[124.1928,-15.9337],[124.1871,-15.9233],[124.1853,-15.9245],[124.2011,-15.965],[124.2339,-15.9712],[124.2331,-15.9527],[124.2274,-15.9497],[124.2168,-15.9556],[124.2113,-15.9544],[124.2042,-15.9359],[124.2049,-15.9235],[124.2005,-15.92],[124.2012,-15.9263]]],[[[124.2293,-15.939],[124.2223,-15.9222],[124.2124,-15.9186],[124.212,-15.9337],[124.2165,-15.9374],[124.2193,-15.943],[124.2293,-15.939]]],[[[124.2095,-15.9456],[124.2144,-15.952],[124.2201,-15.9465],[124.2122,-15.9352],[124.2095,-15.9456]]],[[[124.3427,-15.9125],[124.3453,-15.9083],[124.345,-15.9039],[124.3414,-15.9103],[124.3427,-15.9125]]],[[[124.3041,-15.9533],[124.3053,-15.9538],[124.3071,-15.9526],[124.3041,-15.9533]]],[[[124.2088,-15.9315],[124.2097,-15.933],[124.2094,-15.9313],[124.2088,-15.9315]]],[[[124.3404,-15.9232],[124.3417,-15.9238],[124.3411,-15.9224],[124.3404,-15.9232]]],[[[124.2831,-15.9372],[124.2841,-15.9364],[124.2825,-15.9364],[124.2831,-15.9372]]],[[[124.3247,-15.9277],[124.3265,-15.9278],[124.3248,-15.9269],[124.3247,-15.9277]]],[[[124.3427,-15.9156],[124.3435,-15.9165],[124.3437,-15.9143],[124.3427,-15.9156]]],[[[124.2882,-15.9351],[124.2895,-15.935],[124.2893,-15.9346],[124.2882,-15.9351]]],[[[124.3403,-15.9197],[124.3411,-15.9203],[124.3409,-15.9197],[124.3403,-15.9197]]],[[[124.3102,-15.3369],[124.3122,-15.3356],[124.3114,-15.335],[124.3102,-15.3369]]],[[[124.3138,-15.3346],[124.3149,-15.3344],[124.314,-15.3341],[124.3138,-15.3346]]],[[[124.5859,-15.9511],[124.5846,-15.9469],[124.5888,-15.9445],[124.5854,-15.9378],[124.5911,-15.9373],[124.5967,-15.9231],[124.5955,-15.9208],[124.5898,-15.9217],[124.5967,-15.9109],[124.5941,-15.9054],[124.5806,-15.9172],[124.5786,-15.9143],[124.5814,-15.9112],[124.5734,-15.9107],[124.5708,-15.9174],[124.5749,-15.9174],[124.5746,-15.9221],[124.5456,-15.9368],[124.5315,-15.9658],[124.5346,-15.9665],[124.538,-15.9618],[124.541,-15.9671],[124.543,-15.9643],[124.5492,-15.9676],[124.559,-15.9643],[124.5654,-15.9533],[124.5758,-15.9541],[124.5777,-15.9487],[124.5826,-15.9534],[124.5859,-15.9511]]],[[[124.634,-15.9986],[124.6394,-15.9897],[124.6347,-15.9826],[124.6237,-15.9857],[124.6162,-15.9825],[124.6199,-15.9963],[124.6152,-15.9837],[124.6136,-15.9859],[124.6131,-15.9823],[124.5996,-15.9795],[124.5981,-15.976],[124.5966,-15.9802],[124.5895,-15.9732],[124.585,-15.988],[124.5905,-15.9968],[124.5837,-15.9944],[124.5811,-15.9985],[124.634,-15.9986]]],[[[124.4543,-15.9557],[124.449,-15.9846],[124.4561,-15.9752],[124.4555,-15.9555],[124.4621,-15.9403],[124.4664,-15.9436],[124.4688,-15.9361],[124.4676,-15.9176],[124.47,-15.9142],[124.4648,-15.9175],[124.4679,-15.9095],[124.4653,-15.9082],[124.468,-15.906],[124.4633,-15.8971],[124.4598,-15.898],[124.4608,-15.9081],[124.4529,-15.9078],[124.4533,-15.9128],[124.4569,-15.9122],[124.4544,-15.9198],[124.4603,-15.9186],[124.4554,-15.9228],[124.4565,-15.9298],[124.4509,-15.9387],[124.4543,-15.9557]]],[[[124.6295,-15.8046],[124.6485,-15.799],[124.6557,-15.7885],[124.6397,-15.7923],[124.6295,-15.8046]]],[[[124.4558,-16.0263],[124.458,-16.0296],[124.4694,-16.0096],[124.4698,-16.0031],[124.467,-16.0041],[124.4636,-15.9991],[124.4558,-16.0263]]],[[[124.4473,-15.8881],[124.4559,-15.8769],[124.4532,-15.8692],[124.4448,-15.8701],[124.442,-15.8746],[124.4423,-15.8808],[124.4461,-15.8768],[124.4463,-15.8798],[124.4479,-15.8784],[124.4473,-15.8881]]],[[[124.4476,-15.837],[124.4535,-15.8634],[124.456,-15.8604],[124.4517,-15.8346],[124.4476,-15.837]]],[[[124.4766,-15.9812],[124.4838,-15.9743],[124.4842,-15.9662],[124.4743,-15.9751],[124.4766,-15.9812]]],[[[124.4714,-15.9946],[124.4773,-15.9891],[124.471,-15.9839],[124.4698,-15.9905],[124.4714,-15.9946]]],[[[124.4122,-15.5494],[124.4166,-15.5475],[124.4115,-15.5409],[124.4087,-15.5436],[124.4122,-15.5494]]],[[[124.4011,-15.5345],[124.4047,-15.531],[124.4002,-15.5246],[124.3988,-15.5265],[124.4011,-15.5345]]],[[[124.4655,-15.9712],[124.4706,-15.9669],[124.4713,-15.9615],[124.4651,-15.9665],[124.4655,-15.9712]]],[[[124.5918,-15.9593],[124.5968,-15.9595],[124.5943,-15.9544],[124.5918,-15.9593]]],[[[124.4976,-15.939],[124.5038,-15.9392],[124.5064,-15.9362],[124.4976,-15.939]]],[[[124.4009,-15.5449],[124.4021,-15.5389],[124.401,-15.5364],[124.3993,-15.5428],[124.4009,-15.5449]]],[[[124.4905,-15.9474],[124.4926,-15.9425],[124.4879,-15.9422],[124.4874,-15.9433],[124.4905,-15.9474]]],[[[124.5858,-15.5117],[124.5895,-15.5103],[124.5901,-15.508],[124.5856,-15.5089],[124.5858,-15.5117]]],[[[124.456,-15.8907],[124.454,-15.8831],[124.4522,-15.8845],[124.456,-15.8907]]],[[[124.46,-15.5317],[124.4615,-15.5295],[124.4592,-15.5252],[124.4587,-15.5263],[124.46,-15.5317]]],[[[124.4568,-15.9003],[124.4581,-15.8975],[124.4546,-15.898],[124.4568,-15.9003]]],[[[124.6593,-15.8558],[124.6623,-15.8545],[124.6586,-15.8547],[124.6593,-15.8558]]],[[[124.4392,-15.6554],[124.4421,-15.6554],[124.4419,-15.654],[124.4392,-15.6554]]],[[[124.4213,-15.9329],[124.4215,-15.9293],[124.4208,-15.9289],[124.4195,-15.9307],[124.4213,-15.9329]]],[[[124.4569,-15.8254],[124.4586,-15.8268],[124.4579,-15.8234],[124.4569,-15.8254]]],[[[124.5687,-15.9222],[124.5723,-15.9192],[124.5721,-15.9188],[124.57,-15.9195],[124.5687,-15.9222]]],[[[124.5958,-15.977],[124.5955,-15.974],[124.5948,-15.9744],[124.5958,-15.977]]],[[[124.6259,-15.5077],[124.6284,-15.5077],[124.6268,-15.5063],[124.6259,-15.5077]]],[[[124.6705,-15.8549],[124.669,-15.8572],[124.6702,-15.8584],[124.6705,-15.8549]]],[[[124.4379,-15.5328],[124.4402,-15.5338],[124.4401,-15.5331],[124.4379,-15.5328]]],[[[124.4523,-15.9827],[124.4533,-15.9834],[124.4538,-15.9814],[124.4523,-15.9827]]],[[[124.6277,-15.7886],[124.6299,-15.7899],[124.6279,-15.788],[124.6277,-15.7886]]],[[[124.6118,-15.9166],[124.6125,-15.918],[124.6132,-15.9174],[124.6118,-15.9166]]],[[[124.4475,-15.896],[124.4477,-15.8946],[124.4468,-15.8948],[124.4475,-15.896]]],[[[124.4097,-15.713],[124.4111,-15.713],[124.411,-15.7122],[124.4097,-15.713]]],[[[124.415,-15.5506],[124.4163,-15.5501],[124.416,-15.549],[124.415,-15.5506]]],[[[124.4943,-15.946],[124.4957,-15.9459],[124.4955,-15.9453],[124.4943,-15.946]]],[[[124.6329,-15.7825],[124.6337,-15.7818],[124.6334,-15.7804],[124.6329,-15.7825]]],[[[124.4569,-15.8311],[124.4578,-15.8317],[124.4574,-15.8306],[124.4569,-15.8311]]],[[[124.6745,-15.8649],[124.6751,-15.8641],[124.6744,-15.8628],[124.6745,-15.8649]]],[[[124.4587,-15.9037],[124.46,-15.9037],[124.4599,-15.903],[124.4587,-15.9037]]],[[[124.4908,-15.9739],[124.4918,-15.9742],[124.4917,-15.9732],[124.4908,-15.9739]]],[[[124.4715,-15.9561],[124.4726,-15.9562],[124.4719,-15.9552],[124.4715,-15.9561]]],[[[124.5931,-15.9189],[124.5935,-15.9197],[124.5937,-15.919],[124.5931,-15.9189]]],[[[124.6185,-15.9183],[124.6193,-15.9178],[124.6186,-15.9177],[124.6185,-15.9183]]],[[[124.6267,-15.7864],[124.6277,-15.7862],[124.6274,-15.7857],[124.6267,-15.7864]]],[[[124.418,-15.7207],[124.4189,-15.7213],[124.4189,-15.7206],[124.418,-15.7207]]],[[[124.4838,-15.9437],[124.4846,-15.944],[124.4843,-15.9431],[124.4838,-15.9437]]],[[[124.5987,-15.9064],[124.6003,-15.9064],[124.6001,-15.9059],[124.5987,-15.9064]]],[[[124.4342,-15.6098],[124.4352,-15.6093],[124.4346,-15.6091],[124.4342,-15.6098]]],[[[124.3943,-15.7258],[124.3952,-15.7256],[124.3945,-15.7251],[124.3943,-15.7258]]],[[[124.4506,-15.8869],[124.4514,-15.8868],[124.4511,-15.8858],[124.4506,-15.8869]]],[[[124.4324,-15.6091],[124.4335,-15.6094],[124.4334,-15.609],[124.4324,-15.6091]]],[[[124.6684,-15.8561],[124.6693,-15.8553],[124.6685,-15.8549],[124.6684,-15.8561]]],[[[124.4795,-15.9412],[124.4804,-15.9414],[124.4801,-15.9407],[124.4795,-15.9412]]],[[[124.4656,-15.9453],[124.4664,-15.9458],[124.4662,-15.945],[124.4656,-15.9453]]],[[[124.4629,-15.9449],[124.4638,-15.9449],[124.4637,-15.9443],[124.4629,-15.9449]]],[[[124.4545,-15.8951],[124.4553,-15.8956],[124.4551,-15.8949],[124.4545,-15.8951]]],[[[124.4569,-15.8925],[124.4578,-15.893],[124.4576,-15.8922],[124.4569,-15.8925]]],[[[124.6142,-15.9167],[124.6153,-15.9166],[124.6149,-15.9159],[124.6142,-15.9167]]],[[[124.4558,-15.8936],[124.4566,-15.894],[124.4564,-15.8932],[124.4558,-15.8936]]],[[[124.444,-15.6527],[124.4449,-15.6528],[124.4447,-15.6522],[124.444,-15.6527]]],[[[124.6402,-15.9949],[124.6409,-15.9952],[124.6408,-15.9943],[124.6402,-15.9949]]],[[[124.6054,-15.8954],[124.6053,-15.8964],[124.6058,-15.8955],[124.6054,-15.8954]]],[[[124.6093,-15.9184],[124.61,-15.9188],[124.6097,-15.918],[124.6093,-15.9184]]],[[[124.4707,-15.957],[124.4716,-15.9571],[124.471,-15.9565],[124.4707,-15.957]]],[[[124.6268,-15.8803],[124.6278,-15.8805],[124.6272,-15.8798],[124.6268,-15.8803]]],[[[124.4547,-15.883],[124.4553,-15.8823],[124.4547,-15.8821],[124.4547,-15.883]]],[[[124.4548,-15.98],[124.4549,-15.9809],[124.4552,-15.9802],[124.4548,-15.98]]],[[[124.6163,-15.9162],[124.6171,-15.9159],[124.6164,-15.9156],[124.6163,-15.9162]]],[[[124.6081,-15.9204],[124.6088,-15.9201],[124.6081,-15.92],[124.6081,-15.9204]]],[[[124.6743,-15.8795],[124.6752,-15.8795],[124.6745,-15.8792],[124.6743,-15.8795]]],[[[124.588,-15.5115],[124.5885,-15.5118],[124.5887,-15.5111],[124.588,-15.5115]]],[[[124.5894,-15.5117],[124.59,-15.5116],[124.5896,-15.5113],[124.5894,-15.5117]]],[[[124.3207,-15.3653],[124.3225,-15.3623],[124.3179,-15.36],[124.3176,-15.361],[124.3207,-15.3653]]],[[[124.3492,-15.3469],[124.3508,-15.3488],[124.3498,-15.3465],[124.3492,-15.3469]]],[[[124.3356,-15.3486],[124.3362,-15.3471],[124.3357,-15.3469],[124.3356,-15.3486]]],[[[124.317,-15.3587],[124.318,-15.359],[124.3177,-15.3582],[124.317,-15.3587]]],[[[124.3364,-15.3462],[124.3371,-15.3461],[124.3368,-15.3457],[124.3364,-15.3462]]],[[[124.3042,-15.3554],[124.3049,-15.3554],[124.3047,-15.3548],[124.3042,-15.3554]]],[[[124.342,-15.3635],[124.3494,-15.362],[124.3525,-15.3558],[124.3432,-15.3575],[124.34,-15.3602],[124.342,-15.3635]]],[[[124.359,-15.3522],[124.361,-15.3544],[124.3634,-15.3531],[124.359,-15.3522]]],[[[124.3633,-15.3559],[124.3663,-15.3555],[124.3665,-15.355],[124.3633,-15.3559]]],[[[124.4878,-15.4654],[124.5008,-15.4569],[124.4979,-15.4517],[124.4887,-15.4582],[124.4878,-15.4654]]],[[[124.5558,-15.4959],[124.5593,-15.493],[124.56,-15.4889],[124.5555,-15.4891],[124.5558,-15.4959]]],[[[124.5994,-15.4773],[124.6029,-15.4771],[124.6025,-15.475],[124.6,-15.474],[124.5994,-15.4773]]],[[[124.6093,-15.4539],[124.6125,-15.4537],[124.6106,-15.4493],[124.6093,-15.4539]]],[[[124.6724,-15.4723],[124.6758,-15.4695],[124.6758,-15.4686],[124.6733,-15.4679],[124.6724,-15.4723]]],[[[124.6677,-15.4738],[124.6697,-15.4743],[124.6682,-15.4688],[124.6677,-15.4738]]],[[[124.6535,-15.4635],[124.6563,-15.4634],[124.6537,-15.4613],[124.6535,-15.4635]]],[[[124.6005,-15.4864],[124.6019,-15.4876],[124.6025,-15.4848],[124.6005,-15.4864]]],[[[124.676,-15.492],[124.6783,-15.4904],[124.6781,-15.489],[124.676,-15.492]]],[[[124.595,-15.4865],[124.5966,-15.4851],[124.5952,-15.4849],[124.595,-15.4865]]],[[[124.6733,-15.4767],[124.6752,-15.4773],[124.6738,-15.4758],[124.6733,-15.4767]]],[[[124.4818,-15.468],[124.4847,-15.4665],[124.4853,-15.4659],[124.4837,-15.4656],[124.4818,-15.468]]],[[[124.6519,-15.4594],[124.6534,-15.46],[124.654,-15.4584],[124.6519,-15.4594]]],[[[124.6136,-15.4883],[124.6156,-15.4883],[124.6143,-15.4869],[124.6136,-15.4883]]],[[[124.5973,-15.4996],[124.5989,-15.4982],[124.5981,-15.4977],[124.5973,-15.4996]]],[[[124.4031,-15.506],[124.4045,-15.5063],[124.4034,-15.5054],[124.4031,-15.506]]],[[[124.6713,-15.4593],[124.6726,-15.4587],[124.6721,-15.4585],[124.6713,-15.4593]]],[[[124.4929,-15.4728],[124.4941,-15.4728],[124.4933,-15.4724],[124.4929,-15.4728]]],[[[124.628,-15.5054],[124.6289,-15.5054],[124.6283,-15.5049],[124.628,-15.5054]]],[[[124.5132,-15.4502],[124.5133,-15.451],[124.5138,-15.4504],[124.5132,-15.4502]]],[[[125.4995,-14.5108],[125.5058,-14.5086],[125.4995,-14.5058],[125.5038,-14.504],[125.504,-14.4999],[125.4975,-14.5009],[125.4918,-14.5064],[125.4995,-14.5108]]],[[[124.932,-14.5214],[124.9315,-14.514],[124.9248,-14.5151],[124.9252,-14.5189],[124.932,-14.5214]]],[[[125.9059,-14.5178],[125.9042,-14.5216],[125.9011,-14.5234],[125.9093,-14.5237],[125.9059,-14.5178]]],[[[125.3334,-14.5135],[125.3413,-14.5153],[125.3414,-14.5149],[125.3353,-14.5093],[125.3334,-14.5135]]],[[[125.4135,-14.5243],[125.4055,-14.5338],[125.4064,-14.5355],[125.411,-14.5318],[125.4135,-14.5243]]],[[[125.0114,-14.5379],[125.0156,-14.5319],[125.0129,-14.5301],[125.0101,-14.5346],[125.0114,-14.5379]]],[[[125.3154,-14.5303],[125.3191,-14.5277],[125.3171,-14.526],[125.3154,-14.5303]]],[[[125.2109,-14.5303],[125.2097,-14.5268],[125.2095,-14.5304],[125.2109,-14.5303]]],[[[124.9344,-14.5383],[124.9359,-14.5358],[124.934,-14.5348],[124.9344,-14.5383]]],[[[124.9199,-14.5103],[124.9241,-14.5127],[124.9203,-14.5097],[124.9199,-14.5103]]],[[[125.4622,-14.5359],[125.4655,-14.5352],[125.4664,-14.5329],[125.4622,-14.5359]]],[[[125.2473,-14.5388],[125.2499,-14.5375],[125.2468,-14.5357],[125.2473,-14.5388]]],[[[125.3162,-14.5154],[125.3176,-14.5133],[125.3148,-14.5137],[125.3162,-14.5154]]],[[[125.3448,-14.5085],[125.3472,-14.5107],[125.347,-14.5091],[125.3448,-14.5085]]],[[[125.2405,-14.5081],[125.2425,-14.5092],[125.2427,-14.5063],[125.2405,-14.5081]]],[[[125.1405,-14.5235],[125.1427,-14.525],[125.1439,-14.5245],[125.1405,-14.5235]]],[[[125.1356,-14.537],[125.1376,-14.5373],[125.1361,-14.5367],[125.1356,-14.537]]],[[[125.4132,-14.5286],[125.4157,-14.5274],[125.4152,-14.527],[125.4132,-14.5286]]],[[[125.3765,-14.5047],[125.3781,-14.5043],[125.376,-14.5036],[125.3765,-14.5047]]],[[[125.1046,-14.5012],[125.1058,-14.4995],[125.1055,-14.4993],[125.1046,-14.5012]]],[[[125.359,-14.5092],[125.3611,-14.5096],[125.359,-14.5085],[125.359,-14.5092]]],[[[124.9304,-14.5387],[124.9318,-14.538],[124.9303,-14.5385],[124.9304,-14.5387]]],[[[125.0214,-14.5347],[125.0228,-14.5358],[125.0217,-14.5342],[125.0214,-14.5347]]],[[[125.1204,-14.5092],[125.1214,-14.5081],[125.1207,-14.5077],[125.1204,-14.5092]]],[[[125.4409,-14.532],[125.4408,-14.5306],[125.4402,-14.5309],[125.4409,-14.532]]],[[[125.5578,-14.5317],[125.5585,-14.5317],[125.5581,-14.5314],[125.5578,-14.5317]]],[[[126.023,-14.5233],[126.0243,-14.5233],[126.0234,-14.5229],[126.023,-14.5233]]],[[[126.0087,-14.518],[126.0097,-14.5176],[126.009,-14.5176],[126.0087,-14.518]]],[[[125.488,-14.5178],[125.4891,-14.5173],[125.4885,-14.517],[125.488,-14.5178]]],[[[126.0209,-14.5182],[126.0221,-14.5181],[126.0213,-14.5175],[126.0209,-14.5182]]],[[[125.9727,-14.5273],[125.9739,-14.5274],[125.9736,-14.5269],[125.9727,-14.5273]]],[[[124.9202,-14.5221],[124.9211,-14.522],[124.9207,-14.5216],[124.9202,-14.5221]]],[[[126.0411,-14.5035],[126.0419,-14.5032],[126.0413,-14.5028],[126.0411,-14.5035]]],[[[125.9575,-14.5133],[125.9582,-14.5134],[125.9581,-14.5132],[125.9575,-14.5133]]],[[[124.5021,-15.3816],[124.5008,-15.3934],[124.5106,-15.4011],[124.5131,-15.4007],[124.512,-15.3947],[124.516,-15.396],[124.5158,-15.3837],[124.5204,-15.3823],[124.5202,-15.3864],[124.5246,-15.3843],[124.5277,-15.3881],[124.5317,-15.3834],[124.5343,-15.3854],[124.5364,-15.3812],[124.5332,-15.3787],[124.5225,-15.3797],[124.5243,-15.3757],[124.5287,-15.376],[124.5256,-15.3724],[124.5268,-15.3686],[124.5295,-15.3707],[124.5273,-15.3596],[124.5366,-15.3772],[124.5404,-15.3707],[124.5417,-15.3722],[124.5452,-15.3615],[124.5483,-15.3656],[124.5457,-15.3672],[124.5475,-15.373],[124.552,-15.3697],[124.5492,-15.374],[124.5512,-15.3747],[124.5473,-15.3771],[124.547,-15.3874],[124.5534,-15.3891],[124.564,-15.382],[124.5659,-15.3838],[124.5675,-15.3711],[124.5727,-15.3787],[124.5832,-15.3739],[124.5859,-15.3758],[124.591,-15.369],[124.5882,-15.3772],[124.5898,-15.3819],[124.5879,-15.3797],[124.5684,-15.3849],[124.5655,-15.3901],[124.5554,-15.3939],[124.5596,-15.396],[124.5602,-15.4005],[124.5555,-15.399],[124.5389,-15.4129],[124.5474,-15.425],[124.543,-15.4233],[124.5411,-15.4332],[124.5404,-15.4207],[124.5369,-15.4166],[124.5324,-15.4251],[124.5295,-15.4132],[124.5247,-15.4187],[124.5236,-15.4157],[124.5216,-15.4225],[124.5138,-15.4264],[124.5204,-15.4311],[124.5107,-15.4343],[124.5176,-15.4412],[124.5239,-15.4357],[124.5279,-15.4433],[124.5211,-15.447],[124.5246,-15.4484],[124.5524,-15.447],[124.5581,-15.4426],[124.5666,-15.4443],[124.5734,-15.4402],[124.5717,-15.4375],[124.5866,-15.4336],[124.5916,-15.4284],[124.6087,-15.4209],[124.6126,-15.4209],[124.6132,-15.4269],[124.6156,-15.4273],[124.6239,-15.4163],[124.6293,-15.4172],[124.631,-15.4131],[124.6332,-15.4148],[124.6547,-15.3997],[124.6542,-15.397],[124.6468,-15.3953],[124.6405,-15.3971],[124.6245,-15.3936],[124.626,-15.3907],[124.6209,-15.3871],[124.6195,-15.3816],[124.6259,-15.3795],[124.6262,-15.3748],[124.6212,-15.3625],[124.6167,-15.3595],[124.6153,-15.362],[124.6088,-15.3527],[124.605,-15.3418],[124.5992,-15.3412],[124.5956,-15.3458],[124.59,-15.3467],[124.58,-15.3427],[124.5864,-15.3432],[124.5894,-15.3364],[124.5867,-15.3226],[124.5899,-15.3122],[124.588,-15.315],[124.5797,-15.3112],[124.5728,-15.3154],[124.5714,-15.3132],[124.5668,-15.3202],[124.5598,-15.3194],[124.5562,-15.3143],[124.5606,-15.3108],[124.5589,-15.3062],[124.5629,-15.3049],[124.5631,-15.2966],[124.565,-15.2942],[124.5677,-15.2987],[124.5687,-15.2953],[124.5663,-15.2916],[124.5688,-15.2808],[124.5625,-15.2804],[124.5676,-15.2772],[124.5648,-15.2743],[124.5683,-15.267],[124.5581,-15.2552],[124.5693,-15.2506],[124.5675,-15.2488],[124.5713,-15.2454],[124.558,-15.2498],[124.5519,-15.2572],[124.5517,-15.2644],[124.5457,-15.2615],[124.5418,-15.2646],[124.5371,-15.2728],[124.5419,-15.2801],[124.5276,-15.273],[124.5225,-15.2828],[124.5224,-15.2749],[124.5142,-15.2797],[124.5117,-15.2775],[124.5106,-15.2814],[124.5046,-15.2816],[124.4993,-15.2915],[124.4948,-15.2922],[124.4928,-15.2965],[124.4952,-15.2999],[124.4981,-15.3014],[124.4974,-15.2966],[124.5024,-15.2963],[124.5002,-15.3019],[124.5044,-15.3043],[124.5166,-15.2988],[124.5159,-15.304],[124.5234,-15.2939],[124.5207,-15.3056],[124.5356,-15.3036],[124.5187,-15.3085],[124.5189,-15.3119],[124.5152,-15.3136],[124.5139,-15.3068],[124.503,-15.3117],[124.5053,-15.3072],[124.4984,-15.3077],[124.4999,-15.3195],[124.5171,-15.3338],[124.5095,-15.3321],[124.5055,-15.338],[124.5007,-15.3368],[124.5049,-15.3267],[124.493,-15.3245],[124.4908,-15.321],[124.4816,-15.3277],[124.4808,-15.3364],[124.4891,-15.3484],[124.4942,-15.3518],[124.4959,-15.3501],[124.4921,-15.3582],[124.4887,-15.3582],[124.4904,-15.3508],[124.4893,-15.3529],[124.4868,-15.3487],[124.4771,-15.3452],[124.4762,-15.3537],[124.465,-15.3531],[124.4608,-15.3558],[124.461,-15.3698],[124.4677,-15.3746],[124.4746,-15.372],[124.4782,-15.3631],[124.4826,-15.365],[124.4781,-15.3778],[124.4799,-15.387],[124.4739,-15.3903],[124.4738,-15.3968],[124.4649,-15.4051],[124.4864,-15.4056],[124.4878,-15.4028],[124.4835,-15.3987],[124.4871,-15.3939],[124.4819,-15.393],[124.4844,-15.3868],[124.4933,-15.3859],[124.4924,-15.3808],[124.4989,-15.3833],[124.4979,-15.3801],[124.5037,-15.3762],[124.4998,-15.3722],[124.5038,-15.3743],[124.5104,-15.3668],[124.5021,-15.3816]]],[[[124.3781,-15.3224],[124.3837,-15.3203],[124.3856,-15.33],[124.3919,-15.3325],[124.3908,-15.3289],[124.3938,-15.3294],[124.3945,-15.3246],[124.3984,-15.3228],[124.3948,-15.3132],[124.3976,-15.3071],[124.3986,-15.3134],[124.4028,-15.3129],[124.4128,-15.2929],[124.4138,-15.303],[124.4211,-15.3038],[124.4187,-15.3073],[124.4275,-15.3056],[124.4182,-15.3164],[124.4433,-15.3066],[124.4317,-15.3168],[124.4305,-15.3219],[124.433,-15.3229],[124.4383,-15.3178],[124.4402,-15.3198],[124.4431,-15.3156],[124.4417,-15.3119],[124.4472,-15.3127],[124.4483,-15.3099],[124.4517,-15.3125],[124.4561,-15.3094],[124.4563,-15.3047],[124.462,-15.3058],[124.4577,-15.2958],[124.4504,-15.3019],[124.4492,-15.295],[124.4419,-15.2982],[124.4499,-15.2904],[124.4457,-15.2774],[124.4419,-15.2781],[124.4421,-15.2722],[124.4528,-15.279],[124.4572,-15.2697],[124.4513,-15.261],[124.4449,-15.2579],[124.4423,-15.2503],[124.4374,-15.2561],[124.4287,-15.2549],[124.4283,-15.2568],[124.4175,-15.2639],[124.416,-15.2742],[124.3997,-15.2895],[124.3909,-15.2848],[124.3816,-15.2878],[124.3796,-15.2944],[124.3781,-15.2861],[124.3693,-15.2884],[124.3635,-15.2999],[124.3671,-15.3084],[124.3595,-15.306],[124.3605,-15.2915],[124.35,-15.2957],[124.3428,-15.3098],[124.3495,-15.3136],[124.3526,-15.3222],[124.3583,-15.325],[124.3678,-15.324],[124.3738,-15.3294],[124.3781,-15.3224]]],[[[124.2869,-15.3026],[124.2764,-15.2797],[124.268,-15.2859],[124.2667,-15.2824],[124.2589,-15.288],[124.2544,-15.2862],[124.2498,-15.2928],[124.2332,-15.2971],[124.2305,-15.3003],[124.2329,-15.3038],[124.2312,-15.3194],[124.2423,-15.3202],[124.2419,-15.3143],[124.2491,-15.3082],[124.2533,-15.307],[124.2553,-15.3107],[124.2582,-15.308],[124.2552,-15.3056],[124.2569,-15.3017],[124.2611,-15.3087],[124.2658,-15.3049],[124.2618,-15.3114],[124.2689,-15.3109],[124.2721,-15.3064],[124.2761,-15.3127],[124.2806,-15.3121],[124.2869,-15.3026]]],[[[124.3691,-15.3775],[124.3669,-15.3663],[124.3577,-15.3659],[124.3529,-15.3607],[124.3476,-15.364],[124.3484,-15.3693],[124.3423,-15.37],[124.342,-15.3757],[124.3377,-15.376],[124.358,-15.3934],[124.3717,-15.3992],[124.3667,-15.3917],[124.3749,-15.3908],[124.369,-15.3853],[124.3635,-15.3868],[124.3691,-15.3775]]],[[[124.3035,-15.3518],[124.3081,-15.3522],[124.3164,-15.3584],[124.3214,-15.3493],[124.3275,-15.3482],[124.3282,-15.3439],[124.3347,-15.3469],[124.3347,-15.3415],[124.3393,-15.3365],[124.3429,-15.3373],[124.34,-15.3331],[124.3425,-15.3318],[124.3464,-15.3352],[124.3498,-15.3328],[124.3444,-15.313],[124.3404,-15.3139],[124.3365,-15.3259],[124.3168,-15.3377],[124.3104,-15.3443],[124.3161,-15.343],[124.3035,-15.3518]]],[[[124.6176,-15.2812],[124.6079,-15.2869],[124.614,-15.2848],[124.6164,-15.2918],[124.6232,-15.2902],[124.63,-15.2812],[124.6391,-15.2845],[124.6395,-15.2821],[124.6358,-15.2733],[124.6273,-15.2768],[124.6206,-15.2659],[124.6167,-15.274],[124.6176,-15.2812]]],[[[124.6059,-15.4522],[124.6058,-15.4431],[124.6076,-15.4444],[124.6099,-15.4405],[124.6102,-15.4453],[124.6141,-15.4477],[124.6152,-15.4376],[124.6208,-15.4325],[124.6045,-15.4336],[124.6031,-15.4382],[124.5978,-15.437],[124.595,-15.4398],[124.5972,-15.4448],[124.6021,-15.4414],[124.6059,-15.4522]]],[[[124.5047,-15.2217],[124.5098,-15.2235],[124.5162,-15.2155],[124.5091,-15.2054],[124.4981,-15.2122],[124.5047,-15.2217]]],[[[124.385,-15.2389],[124.3926,-15.2342],[124.3889,-15.2456],[124.3916,-15.2502],[124.3958,-15.2496],[124.3951,-15.2349],[124.3997,-15.2278],[124.3946,-15.2322],[124.3851,-15.2272],[124.385,-15.2389]]],[[[124.4801,-15.4461],[124.4891,-15.4388],[124.4982,-15.4392],[124.5013,-15.4441],[124.5048,-15.4413],[124.4929,-15.4341],[124.4709,-15.4452],[124.4801,-15.4461]]],[[[124.472,-15.3193],[124.479,-15.3234],[124.4894,-15.3202],[124.486,-15.3167],[124.4814,-15.3177],[124.4768,-15.3103],[124.4701,-15.3127],[124.472,-15.3193]]],[[[124.5356,-15.2395],[124.5463,-15.2339],[124.5451,-15.2274],[124.5386,-15.2301],[124.538,-15.234],[124.5353,-15.2331],[124.5328,-15.2367],[124.5356,-15.2395]]],[[[124.6453,-15.1745],[124.6506,-15.1691],[124.6493,-15.1627],[124.6439,-15.162],[124.6428,-15.172],[124.6453,-15.1745]]],[[[124.5656,-15.26],[124.5708,-15.2691],[124.5769,-15.2692],[124.5679,-15.2555],[124.5656,-15.26]]],[[[124.3913,-15.3462],[124.3966,-15.3452],[124.4012,-15.3425],[124.3921,-15.338],[124.3913,-15.3462]]],[[[124.6314,-15.3751],[124.6354,-15.376],[124.6357,-15.3699],[124.6298,-15.3674],[124.6314,-15.3751]]],[[[124.5177,-15.2433],[124.5212,-15.2422],[124.5207,-15.2355],[124.5163,-15.2361],[124.5177,-15.2433]]],[[[124.5172,-15.2341],[124.5215,-15.2327],[124.5214,-15.228],[124.5147,-15.2306],[124.5172,-15.2341]]],[[[124.4224,-15.2375],[124.4231,-15.2433],[124.4295,-15.2362],[124.4224,-15.2375]]],[[[124.4021,-15.2582],[124.4102,-15.2561],[124.4109,-15.2543],[124.4017,-15.2551],[124.4021,-15.2582]]],[[[124.318,-15.3325],[124.3251,-15.3266],[124.3248,-15.325],[124.3199,-15.3246],[124.3163,-15.33],[124.318,-15.3325]]],[[[124.5824,-15.2563],[124.5824,-15.2629],[124.5875,-15.2552],[124.5824,-15.2563]]],[[[124.3456,-15.2711],[124.3509,-15.2662],[124.3508,-15.2644],[124.344,-15.2671],[124.3456,-15.2711]]],[[[124.4593,-15.3671],[124.4538,-15.3629],[124.4551,-15.3697],[124.4571,-15.3705],[124.4593,-15.3671]]],[[[124.4971,-15.2856],[124.5005,-15.2818],[124.4923,-15.2852],[124.4971,-15.2856]]],[[[124.2422,-15.3228],[124.2467,-15.3244],[124.2486,-15.3222],[124.2436,-15.32],[124.2422,-15.3228]]],[[[124.2944,-15.2823],[124.2907,-15.2899],[124.2952,-15.2863],[124.2944,-15.2823]]],[[[124.6698,-15.2761],[124.6729,-15.2737],[124.6664,-15.2729],[124.6662,-15.2744],[124.6698,-15.2761]]],[[[124.6761,-15.1581],[124.6734,-15.1516],[124.6705,-15.1544],[124.6761,-15.1581]]],[[[124.4612,-15.3935],[124.4654,-15.3949],[124.4659,-15.3917],[124.4612,-15.3935]]],[[[124.6193,-15.3246],[124.6226,-15.3209],[124.6231,-15.3178],[124.6201,-15.3194],[124.6193,-15.3246]]],[[[124.4692,-15.3903],[124.4703,-15.3879],[124.4687,-15.3855],[124.4662,-15.388],[124.4692,-15.3903]]],[[[124.4831,-15.2304],[124.4881,-15.2297],[124.4805,-15.2306],[124.4831,-15.2304]]],[[[124.6516,-15.1704],[124.6564,-15.1711],[124.6529,-15.1667],[124.6516,-15.1704]]],[[[124.5352,-15.2425],[124.5386,-15.2435],[124.5396,-15.2401],[124.5352,-15.2425]]],[[[124.5719,-15.2519],[124.5758,-15.2503],[124.5764,-15.2492],[124.5721,-15.2492],[124.5719,-15.2519]]],[[[124.4646,-15.3218],[124.464,-15.3187],[124.461,-15.3189],[124.462,-15.3212],[124.4646,-15.3218]]],[[[124.6084,-15.0325],[124.6101,-15.0296],[124.608,-15.0277],[124.6062,-15.0312],[124.6084,-15.0325]]],[[[124.4554,-15.3916],[124.4564,-15.3877],[124.456,-15.3873],[124.4536,-15.3888],[124.4554,-15.3916]]],[[[124.493,-15.2319],[124.4961,-15.2302],[124.4961,-15.2283],[124.4945,-15.2279],[124.493,-15.2319]]],[[[124.6645,-15.1509],[124.6665,-15.1518],[124.6666,-15.1479],[124.6645,-15.1509]]],[[[124.526,-15.2322],[124.5257,-15.2274],[124.5251,-15.227],[124.5237,-15.2305],[124.526,-15.2322]]],[[[124.4711,-15.3103],[124.4758,-15.31],[124.476,-15.3094],[124.4711,-15.3103]]],[[[124.6194,-15.4249],[124.6232,-15.4255],[124.6228,-15.4241],[124.6194,-15.4249]]],[[[124.4698,-15.3968],[124.4712,-15.3926],[124.4707,-15.3916],[124.4689,-15.3936],[124.4698,-15.3968]]],[[[124.4137,-15.254],[124.4184,-15.2531],[124.4191,-15.2524],[124.4153,-15.2521],[124.4137,-15.254]]],[[[124.541,-15.3749],[124.5394,-15.3744],[124.5398,-15.3775],[124.541,-15.3749]]],[[[124.3799,-15.2315],[124.3816,-15.2331],[124.3813,-15.2304],[124.3799,-15.2315]]],[[[124.6423,-15.3915],[124.6452,-15.3919],[124.6434,-15.3893],[124.6423,-15.3915]]],[[[124.3325,-15.317],[124.3348,-15.3188],[124.333,-15.3161],[124.3325,-15.317]]],[[[124.5712,-14.9903],[124.5719,-14.9875],[124.5707,-14.987],[124.5694,-14.9889],[124.5712,-14.9903]]],[[[124.5906,-15.3417],[124.5928,-15.3427],[124.5927,-15.3415],[124.5906,-15.3417]]],[[[124.4739,-15.3436],[124.4778,-15.3441],[124.4743,-15.3418],[124.4739,-15.3436]]],[[[124.6461,-15.4186],[124.6479,-15.4163],[124.6479,-15.4151],[124.6461,-15.416],[124.6461,-15.4186]]],[[[124.6396,-15.4278],[124.6413,-15.429],[124.6418,-15.4271],[124.6396,-15.4278]]],[[[124.5765,-15.2942],[124.5785,-15.2944],[124.5779,-15.2921],[124.5765,-15.2942]]],[[[124.6575,-15.1676],[124.6604,-15.1679],[124.6602,-15.167],[124.6575,-15.1676]]],[[[124.4039,-15.3396],[124.4017,-15.3398],[124.4017,-15.3408],[124.4039,-15.3396]]],[[[124.6559,-15.1669],[124.6553,-15.1647],[124.654,-15.1654],[124.6559,-15.1669]]],[[[124.4241,-15.2516],[124.4255,-15.2527],[124.4257,-15.2508],[124.4241,-15.2516]]],[[[124.6007,-15.0207],[124.6023,-15.0208],[124.601,-15.0184],[124.6007,-15.0207]]],[[[124.4618,-15.2322],[124.4637,-15.2307],[124.4632,-15.2299],[124.462,-15.2301],[124.4618,-15.2322]]],[[[124.6668,-15.1552],[124.6692,-15.1547],[124.6672,-15.1534],[124.6668,-15.1552]]],[[[124.6675,-15.4237],[124.6691,-15.4241],[124.6696,-15.4224],[124.6675,-15.4237]]],[[[124.6144,-15.0208],[124.6164,-15.0212],[124.6149,-15.0199],[124.6144,-15.0208]]],[[[124.4381,-15.3275],[124.4397,-15.326],[124.4386,-15.3257],[124.4381,-15.3275]]],[[[124.292,-15.2909],[124.2934,-15.2917],[124.2928,-15.2899],[124.292,-15.2909]]],[[[124.5464,-15.4023],[124.5482,-15.4028],[124.5483,-15.4009],[124.5464,-15.4023]]],[[[124.4373,-15.3709],[124.4395,-15.3712],[124.4379,-15.3703],[124.4373,-15.3709]]],[[[124.4164,-15.3086],[124.4174,-15.3096],[124.4185,-15.3086],[124.4164,-15.3086]]],[[[124.6377,-15.4264],[124.6393,-15.4271],[124.6391,-15.4259],[124.6377,-15.4264]]],[[[124.6036,-15.26],[124.6052,-15.26],[124.6051,-15.2594],[124.6036,-15.26]]],[[[124.5888,-15.2551],[124.5904,-15.2553],[124.5896,-15.2542],[124.5888,-15.2551]]],[[[124.6387,-15.4135],[124.6406,-15.4139],[124.6413,-15.4128],[124.6387,-15.4135]]],[[[124.4597,-15.3223],[124.4615,-15.3223],[124.4604,-15.3213],[124.4597,-15.3223]]],[[[124.3928,-15.3347],[124.3945,-15.3343],[124.3944,-15.3338],[124.3928,-15.3347]]],[[[124.373,-15.4015],[124.3741,-15.4021],[124.3735,-15.4005],[124.373,-15.4015]]],[[[124.3707,-15.3295],[124.3719,-15.3302],[124.3715,-15.3291],[124.3707,-15.3295]]],[[[124.6512,-15.4291],[124.6523,-15.4306],[124.6518,-15.4283],[124.6512,-15.4291]]],[[[124.6675,-15.4335],[124.6689,-15.4332],[124.6679,-15.4324],[124.6675,-15.4335]]],[[[124.4725,-15.3395],[124.4739,-15.3402],[124.473,-15.3389],[124.4725,-15.3395]]],[[[124.5223,-15.4416],[124.5238,-15.4412],[124.5229,-15.4409],[124.5223,-15.4416]]],[[[124.5265,-15.2391],[124.5275,-15.2381],[124.5267,-15.2375],[124.5265,-15.2391]]],[[[124.5233,-15.4134],[124.5241,-15.4122],[124.5235,-15.4119],[124.5233,-15.4134]]],[[[124.6279,-15.3595],[124.6293,-15.3605],[124.6291,-15.3594],[124.6279,-15.3595]]],[[[124.397,-15.3283],[124.3976,-15.3269],[124.3967,-15.3266],[124.397,-15.3283]]],[[[124.4516,-15.2952],[124.4524,-15.2956],[124.4524,-15.2944],[124.4516,-15.2952]]],[[[124.539,-15.2267],[124.5393,-15.2276],[124.5402,-15.2262],[124.539,-15.2267]]],[[[124.402,-15.3134],[124.4028,-15.3141],[124.4031,-15.3136],[124.402,-15.3134]]],[[[124.4544,-15.2868],[124.4553,-15.2866],[124.4545,-15.2857],[124.4544,-15.2868]]],[[[124.6427,-15.4226],[124.6444,-15.4223],[124.6443,-15.422],[124.6427,-15.4226]]],[[[124.6029,-15.0295],[124.6037,-15.029],[124.6031,-15.029],[124.6029,-15.0295]]],[[[124.6493,-15.3926],[124.6503,-15.3921],[124.65,-15.3915],[124.6493,-15.3926]]],[[[124.5401,-15.3727],[124.541,-15.3731],[124.5409,-15.3728],[124.5401,-15.3727]]],[[[124.5307,-15.3742],[124.5308,-15.3752],[124.5311,-15.3745],[124.5307,-15.3742]]],[[[124.6292,-15.4405],[124.63,-15.4404],[124.6296,-15.4394],[124.6292,-15.4405]]],[[[124.5915,-15.2757],[124.5923,-15.2756],[124.592,-15.2753],[124.5915,-15.2757]]],[[[124.4191,-15.233],[124.4203,-15.2327],[124.4194,-15.2325],[124.4191,-15.233]]],[[[124.3689,-15.2343],[124.3699,-15.2344],[124.3694,-15.2336],[124.3689,-15.2343]]],[[[124.4911,-15.2956],[124.4919,-15.2953],[124.4913,-15.2948],[124.4911,-15.2956]]],[[[124.6426,-15.4202],[124.6438,-15.4197],[124.6437,-15.4194],[124.6426,-15.4202]]],[[[124.4271,-15.2563],[124.428,-15.2562],[124.4273,-15.2555],[124.4271,-15.2563]]],[[[124.3716,-15.3827],[124.3728,-15.3827],[124.372,-15.3821],[124.3716,-15.3827]]],[[[124.3974,-15.3311],[124.3983,-15.331],[124.3977,-15.3307],[124.3974,-15.3311]]],[[[124.4755,-15.3227],[124.4765,-15.3225],[124.4761,-15.3221],[124.4755,-15.3227]]],[[[124.5301,-15.3861],[124.5313,-15.3863],[124.5303,-15.3857],[124.5301,-15.3861]]],[[[124.4517,-15.288],[124.4524,-15.2885],[124.452,-15.2876],[124.4517,-15.288]]],[[[124.54,-15.2238],[124.541,-15.2242],[124.5401,-15.2234],[124.54,-15.2238]]],[[[124.5883,-15.373],[124.589,-15.3729],[124.5887,-15.3728],[124.5883,-15.373]]],[[[124.4119,-15.254],[124.4126,-15.2537],[124.4122,-15.2531],[124.4119,-15.254]]],[[[124.6383,-15.4117],[124.6393,-15.4115],[124.6386,-15.4111],[124.6383,-15.4117]]],[[[124.4504,-15.2884],[124.4511,-15.2881],[124.4508,-15.2878],[124.4504,-15.2884]]],[[[124.5332,-15.2742],[124.5339,-15.2736],[124.5334,-15.2735],[124.5332,-15.2742]]],[[[124.3964,-15.33],[124.3972,-15.33],[124.3966,-15.3294],[124.3964,-15.33]]],[[[124.3908,-15.3338],[124.3916,-15.3336],[124.391,-15.3333],[124.3908,-15.3338]]],[[[124.4014,-15.3372],[124.4022,-15.3372],[124.4017,-15.3367],[124.4014,-15.3372]]],[[[124.3956,-15.3307],[124.3964,-15.3307],[124.3958,-15.3302],[124.3956,-15.3307]]],[[[124.3902,-15.3346],[124.3909,-15.3346],[124.3905,-15.334],[124.3902,-15.3346]]],[[[124.4249,-15.255],[124.4256,-15.255],[124.4253,-15.2543],[124.4249,-15.255]]],[[[124.5635,-15.3035],[124.5641,-15.3031],[124.5636,-15.3028],[124.5635,-15.3035]]],[[[124.3967,-15.3318],[124.3975,-15.3317],[124.3971,-15.3313],[124.3967,-15.3318]]],[[[124.6019,-15.0151],[124.6026,-15.0153],[124.6023,-15.0147],[124.6019,-15.0151]]],[[[124.5691,-15.2878],[124.5698,-15.2878],[124.5696,-15.2873],[124.5691,-15.2878]]],[[[124.6171,-15.0208],[124.6177,-15.0203],[124.6173,-15.0201],[124.6171,-15.0208]]],[[[124.3932,-15.3301],[124.3934,-15.3301],[124.3932,-15.33],[124.3932,-15.3301]]],[[[124.3922,-15.3314],[124.3924,-15.3315],[124.3924,-15.3314],[124.3922,-15.3314]]],[[[126.5399,-13.8976],[126.5442,-13.8967],[126.5462,-13.8922],[126.5493,-13.8959],[126.551,-13.8918],[126.5546,-13.8962],[126.5605,-13.8957],[126.5635,-13.8909],[126.5681,-13.8983],[126.5604,-13.8992],[126.559,-13.9035],[126.595,-13.8986],[126.6012,-13.9089],[126.6086,-13.9137],[126.619,-13.9055],[126.6117,-13.8962],[126.6205,-13.8899],[126.6017,-13.891],[126.5975,-13.8964],[126.5903,-13.8916],[126.5887,-13.8851],[126.574,-13.8863],[126.5487,-13.8716],[126.5326,-13.8743],[126.5227,-13.8666],[126.5041,-13.8689],[126.5066,-13.8774],[126.5024,-13.8851],[126.5035,-13.8928],[126.5136,-13.9072],[126.52,-13.9071],[126.5267,-13.9018],[126.5361,-13.9079],[126.5421,-13.9044],[126.5399,-13.8976]]],[[[126.0089,-14.282],[125.9866,-14.2893],[125.9924,-14.302],[125.9859,-14.307],[125.9851,-14.3133],[125.9953,-14.3175],[125.9972,-14.3212],[125.9936,-14.3369],[126.0111,-14.3452],[126.0177,-14.3532],[126.0222,-14.3533],[126.0234,-14.3285],[126.0286,-14.3273],[126.041,-14.3379],[126.0468,-14.328],[126.0416,-14.3152],[126.0286,-14.3094],[126.0235,-14.3005],[126.0181,-14.307],[126.0043,-14.3027],[126.0089,-14.282]]],[[[125.7177,-14.477],[125.7203,-14.4795],[125.7328,-14.4759],[125.7352,-14.4774],[125.7551,-14.4598],[125.7503,-14.4555],[125.7568,-14.4517],[125.756,-14.448],[125.7538,-14.4454],[125.7529,-14.4521],[125.7491,-14.452],[125.7502,-14.4468],[125.7432,-14.4434],[125.7445,-14.4356],[125.7388,-14.4292],[125.7439,-14.4278],[125.746,-14.423],[125.7504,-14.4248],[125.754,-14.4223],[125.7541,-14.4165],[125.7486,-14.4116],[125.7449,-14.4132],[125.7316,-14.4081],[125.7225,-14.4148],[125.7224,-14.4228],[125.7261,-14.4224],[125.7228,-14.4279],[125.7293,-14.4276],[125.7241,-14.4306],[125.7258,-14.433],[125.7215,-14.441],[125.7272,-14.4498],[125.7181,-14.4538],[125.7177,-14.477]]],[[[125.5381,-14.4443],[125.5298,-14.4226],[125.5153,-14.44],[125.5156,-14.4447],[125.5114,-14.4445],[125.5128,-14.4493],[125.5173,-14.4499],[125.5113,-14.455],[125.5166,-14.4541],[125.5235,-14.4673],[125.5235,-14.485],[125.528,-14.4897],[125.5354,-14.4863],[125.5427,-14.4909],[125.5593,-14.4942],[125.5627,-14.4862],[125.5564,-14.4793],[125.5381,-14.4746],[125.5423,-14.462],[125.545,-14.4614],[125.5443,-14.4558],[125.54,-14.4496],[125.5303,-14.4476],[125.5381,-14.4443]]],[[[125.9589,-14.3351],[125.9432,-14.3361],[125.9481,-14.3396],[125.949,-14.3457],[125.9442,-14.3567],[125.9348,-14.3609],[125.943,-14.3659],[125.9347,-14.3743],[125.925,-14.3731],[125.9235,-14.3754],[125.9331,-14.3772],[125.9374,-14.3875],[125.9412,-14.389],[125.9474,-14.3864],[125.9565,-14.3742],[125.9585,-14.3634],[125.956,-14.3586],[125.9602,-14.351],[125.9705,-14.3479],[125.9665,-14.3416],[125.9663,-14.3301],[125.9617,-14.3233],[125.9527,-14.3266],[125.9589,-14.3351]]],[[[126.3731,-13.9993],[126.3843,-14.0115],[126.3893,-14.0112],[126.3941,-14.0092],[126.3966,-13.999],[126.4022,-13.9956],[126.4038,-13.9891],[126.3826,-13.9818],[126.3765,-13.9746],[126.3707,-13.9763],[126.3625,-13.9826],[126.3643,-13.9882],[126.3698,-13.9893],[126.3731,-13.9993]]],[[[125.452,-14.4976],[125.4733,-14.512],[125.4761,-14.5069],[125.4788,-14.5106],[125.4826,-14.5103],[125.4899,-14.5041],[125.4903,-14.4986],[125.4947,-14.5019],[125.4971,-14.4997],[125.4951,-14.4937],[125.4955,-14.4995],[125.4907,-14.4936],[125.4895,-14.4981],[125.4851,-14.4944],[125.4889,-14.493],[125.4883,-14.4881],[125.4881,-14.4918],[125.4812,-14.4916],[125.4858,-14.488],[125.4841,-14.4848],[125.4744,-14.4974],[125.4673,-14.4889],[125.4528,-14.481],[125.4449,-14.4808],[125.452,-14.4976]]],[[[126.0088,-14.2358],[125.9996,-14.2373],[125.9935,-14.2437],[125.9996,-14.2439],[126.0065,-14.2493],[126.0122,-14.2434],[126.0364,-14.2424],[126.036,-14.2376],[126.0432,-14.2334],[126.0184,-14.2252],[126.0168,-14.228],[126.0124,-14.2266],[126.0132,-14.2309],[126.0088,-14.2358]]],[[[126.1624,-13.9643],[126.1788,-13.9472],[126.1947,-13.9359],[126.1897,-13.9274],[126.185,-13.9272],[126.1697,-13.9368],[126.1685,-13.947],[126.1552,-13.9568],[126.1559,-13.9605],[126.1624,-13.9643]]],[[[124.9917,-14.529],[124.9929,-14.5217],[124.9999,-14.5167],[124.9988,-14.5083],[124.9964,-14.5078],[124.9986,-14.5031],[124.9925,-14.4928],[124.9936,-14.4858],[124.9904,-14.4845],[124.99,-14.4974],[124.9844,-14.4976],[124.9835,-14.5061],[124.9799,-14.5082],[124.9764,-14.5058],[124.982,-14.5158],[124.9796,-14.5242],[124.9848,-14.5281],[124.9854,-14.5203],[124.9917,-14.529]]],[[[126.3088,-13.9284],[126.3031,-13.937],[126.3051,-13.9408],[126.299,-13.9535],[126.3018,-13.9584],[126.3002,-13.9685],[126.315,-13.9621],[126.3111,-13.9596],[126.3164,-13.9457],[126.3211,-13.9432],[126.3128,-13.9274],[126.3088,-13.9284]]],[[[125.9935,-14.3792],[125.9948,-14.363],[125.9904,-14.3609],[125.9777,-14.3689],[125.971,-14.3882],[125.9756,-14.3907],[125.98,-14.3859],[125.9843,-14.3888],[125.9864,-14.386],[125.9833,-14.3775],[125.9935,-14.3792]]],[[[124.9724,-14.4116],[124.984,-14.4241],[124.9799,-14.4134],[124.9859,-14.3952],[124.9735,-14.3835],[124.9679,-14.3956],[124.9593,-14.4017],[124.9733,-14.3976],[124.9768,-14.4021],[124.9724,-14.4116]]],[[[124.9782,-14.4483],[124.9751,-14.4516],[124.9775,-14.455],[124.9948,-14.446],[124.9955,-14.4402],[124.9846,-14.4273],[124.9805,-14.434],[124.9755,-14.4332],[124.9725,-14.4372],[124.9782,-14.4393],[124.9782,-14.4483]]],[[[125.628,-13.9612],[125.6319,-13.9612],[125.6301,-13.9587],[125.6334,-13.9556],[125.6444,-13.9514],[125.6426,-13.9447],[125.6329,-13.945],[125.6338,-13.9322],[125.6304,-13.931],[125.6256,-13.9314],[125.6231,-13.94],[125.6247,-13.949],[125.6291,-13.9521],[125.628,-13.9612]]],[[[125.2893,-14.278],[125.2904,-14.2889],[125.2982,-14.2902],[125.2985,-14.2942],[125.3027,-14.2932],[125.3047,-14.2841],[125.3079,-14.2858],[125.3105,-14.2787],[125.3093,-14.2742],[125.2958,-14.2737],[125.2931,-14.2697],[125.2929,-14.2754],[125.2893,-14.278]]],[[[126.6202,-13.8714],[126.6199,-13.8819],[126.6269,-13.8742],[126.6345,-13.8761],[126.6357,-13.8712],[126.6266,-13.8658],[126.6288,-13.8569],[126.6253,-13.8528],[126.6224,-13.8524],[126.6143,-13.8612],[126.6152,-13.8673],[126.6202,-13.8714]]],[[[126.2999,-13.9141],[126.3053,-13.9266],[126.312,-13.9235],[126.3162,-13.9156],[126.3173,-13.9096],[126.3129,-13.9009],[126.303,-13.9045],[126.2999,-13.9141]]],[[[125.2498,-14.4284],[125.2598,-14.4286],[125.2681,-14.4249],[125.2716,-14.4146],[125.2662,-14.4148],[125.2616,-14.4106],[125.2599,-14.4151],[125.2539,-14.4113],[125.2474,-14.4152],[125.2462,-14.4201],[125.2563,-14.419],[125.2498,-14.4284]]],[[[125.2116,-14.3148],[125.2283,-14.3041],[125.2282,-14.2964],[125.2223,-14.2867],[125.2177,-14.2908],[125.2116,-14.3148]]],[[[126.3009,-13.8818],[126.3141,-13.8952],[126.3156,-13.8873],[126.3191,-13.8867],[126.3163,-13.8762],[126.3046,-13.8663],[126.3009,-13.8818]]],[[[126.5766,-14.2118],[126.5788,-14.2197],[126.591,-14.2237],[126.5928,-14.2164],[126.5849,-14.2077],[126.5857,-14.202],[126.5805,-14.2008],[126.5782,-14.1969],[126.5754,-14.1987],[126.5788,-14.2042],[126.5766,-14.2118]]],[[[125.2684,-14.4812],[125.2722,-14.4827],[125.273,-14.4783],[125.2659,-14.4641],[125.2601,-14.4606],[125.2486,-14.4646],[125.2481,-14.472],[125.2537,-14.4706],[125.2607,-14.4745],[125.2599,-14.4716],[125.2628,-14.4733],[125.2648,-14.4707],[125.2684,-14.4812]]],[[[125.9844,-14.4467],[125.9947,-14.4482],[126.0027,-14.4431],[126.0047,-14.4382],[125.988,-14.4357],[125.9822,-14.4431],[125.9844,-14.4467]]],[[[125.7309,-14.1928],[125.7377,-14.1904],[125.7399,-14.1839],[125.7378,-14.1774],[125.7302,-14.1747],[125.7225,-14.1829],[125.726,-14.1912],[125.7319,-14.1896],[125.7309,-14.1928]]],[[[126.6923,-13.931],[126.6838,-13.9375],[126.6839,-13.9491],[126.6757,-13.9615],[126.6825,-13.9598],[126.684,-13.9551],[126.6876,-13.957],[126.6908,-13.9434],[126.6992,-13.9438],[126.6955,-13.9365],[126.6926,-13.9368],[126.6923,-13.931]]],[[[125.7019,-14.144],[125.7055,-14.1356],[125.7044,-14.1162],[125.7004,-14.1173],[125.6921,-14.1076],[125.6927,-14.1137],[125.6978,-14.1197],[125.6943,-14.1398],[125.6983,-14.139],[125.7019,-14.144]]],[[[127.1563,-13.899],[127.1701,-13.9048],[127.1753,-13.9039],[127.1741,-13.897],[127.163,-13.883],[127.1582,-13.8869],[127.1621,-13.895],[127.1563,-13.899]]],[[[125.9942,-14.3217],[125.9891,-14.3206],[125.9764,-14.3282],[125.9738,-14.3346],[125.9763,-14.3379],[125.979,-14.3332],[125.9828,-14.3376],[125.9869,-14.3309],[125.9913,-14.3295],[125.9942,-14.3217]]],[[[125.505,-14.4351],[125.517,-14.435],[125.5222,-14.4227],[125.5086,-14.4277],[125.5039,-14.4246],[125.5008,-14.4304],[125.505,-14.4351]]],[[[125.5856,-14.3697],[125.5813,-14.361],[125.5844,-14.3628],[125.586,-14.3587],[125.584,-14.3524],[125.5775,-14.3483],[125.5731,-14.3595],[125.5856,-14.3697]]],[[[126.2724,-13.9306],[126.2762,-13.9339],[126.2753,-13.9389],[126.2827,-13.9456],[126.2952,-13.9421],[126.2908,-13.9377],[126.2796,-13.9356],[126.274,-13.9278],[126.2724,-13.9306]]],[[[125.6814,-14.3704],[125.6741,-14.3661],[125.6691,-14.3696],[125.6699,-14.3783],[125.6732,-14.3815],[125.6811,-14.3759],[125.6814,-14.3704]]],[[[125.6826,-14.1773],[125.6783,-14.1576],[125.6693,-14.1667],[125.6774,-14.1736],[125.6762,-14.1759],[125.6826,-14.1773]]],[[[126.2387,-14.1621],[126.2433,-14.1585],[126.2438,-14.1486],[126.2376,-14.146],[126.2372,-14.1497],[126.2305,-14.1503],[126.231,-14.1569],[126.2334,-14.1551],[126.2387,-14.1621]]],[[[126.5743,-14.2268],[126.5864,-14.2248],[126.5741,-14.217],[126.5748,-14.2043],[126.5692,-14.214],[126.5742,-14.2207],[126.5743,-14.2268]]],[[[125.7865,-14.1704],[125.7927,-14.1684],[125.7942,-14.1607],[125.79,-14.1565],[125.7801,-14.1552],[125.779,-14.1592],[125.7875,-14.1645],[125.7865,-14.1704]]],[[[126.5952,-13.9426],[126.6058,-13.9527],[126.6077,-13.9434],[126.6005,-13.9356],[126.5952,-13.9426]]],[[[125.2376,-14.4136],[125.2391,-14.4303],[125.2438,-14.4261],[125.2376,-14.4136]]],[[[125.197,-14.4723],[125.2063,-14.4664],[125.2015,-14.4608],[125.1954,-14.4659],[125.1993,-14.4662],[125.197,-14.4723]]],[[[126.2856,-14.1713],[126.2894,-14.1672],[126.2965,-14.167],[126.2991,-14.1641],[126.2968,-14.1603],[126.2916,-14.1595],[126.2856,-14.1713]]],[[[125.4067,-14.3441],[125.4109,-14.3428],[125.4094,-14.3338],[125.404,-14.3344],[125.4067,-14.3441]]],[[[125.5514,-14.1076],[125.561,-14.1066],[125.5598,-14.1003],[125.5516,-14.1025],[125.5514,-14.1076]]],[[[126.1525,-13.7524],[126.1497,-13.7463],[126.1454,-13.7486],[126.1504,-13.7597],[126.1525,-13.7524]]],[[[125.3161,-14.2733],[125.3198,-14.2642],[125.3136,-14.2614],[125.3132,-14.2637],[125.3161,-14.2733]]],[[[125.7656,-14.1628],[125.7718,-14.1598],[125.7748,-14.1509],[125.7649,-14.1587],[125.7656,-14.1628]]],[[[127.266,-13.8191],[127.2725,-13.8217],[127.2799,-13.8187],[127.2697,-13.8166],[127.266,-13.8191]]],[[[125.7144,-14.3554],[125.7208,-14.3521],[125.717,-14.3531],[125.7089,-14.3472],[125.7086,-14.3533],[125.7144,-14.3554]]],[[[125.3214,-14.2997],[125.3132,-14.297],[125.3103,-14.3044],[125.3214,-14.2997]]],[[[125.92,-14.3264],[125.9199,-14.3298],[125.9277,-14.3261],[125.9327,-14.329],[125.9343,-14.3292],[125.9286,-14.3218],[125.92,-14.3264]]],[[[125.233,-14.4438],[125.2391,-14.4381],[125.2366,-14.4333],[125.2313,-14.4403],[125.233,-14.4438]]],[[[126.8161,-13.9408],[126.8182,-13.9493],[126.8244,-13.9467],[126.8205,-13.9416],[126.8161,-13.9408]]],[[[125.6663,-14.1789],[125.6598,-14.1817],[125.6675,-14.183],[125.6722,-14.1748],[125.6707,-14.1706],[125.6663,-14.1789]]],[[[124.9961,-14.4833],[125.0037,-14.4816],[125.0056,-14.4735],[125.001,-14.4741],[125.0008,-14.48],[124.9961,-14.4833]]],[[[125.7613,-14.3242],[125.7733,-14.3266],[125.7733,-14.3219],[125.7674,-14.3195],[125.7613,-14.3242]]],[[[125.3412,-14.5049],[125.3421,-14.498],[125.3447,-14.4988],[125.3454,-14.4929],[125.3378,-14.4981],[125.3412,-14.5049]]],[[[125.2566,-14.4877],[125.2553,-14.4762],[125.2516,-14.4767],[125.2505,-14.4797],[125.2566,-14.4877]]],[[[126.7006,-13.9431],[126.7067,-13.9545],[126.7069,-13.9427],[126.7025,-13.9409],[126.7006,-13.9431]]],[[[126.5908,-14.2116],[126.5888,-14.2013],[126.5836,-14.1967],[126.5815,-14.1996],[126.5855,-14.2004],[126.5881,-14.2034],[126.5871,-14.2079],[126.5908,-14.2116]]],[[[125.8264,-14.2668],[125.8307,-14.2664],[125.8277,-14.2542],[125.8263,-14.2552],[125.8264,-14.2668]]],[[[126.8387,-13.9668],[126.8447,-13.9708],[126.8512,-13.9683],[126.8437,-13.9653],[126.8387,-13.9668]]],[[[126.8178,-13.9608],[126.815,-13.9528],[126.8125,-13.9587],[126.8178,-13.9608]]],[[[126.5358,-14.0004],[126.5387,-14.0034],[126.549,-13.9966],[126.5465,-13.9951],[126.5358,-14.0004]]],[[[125.4892,-14.4837],[125.4969,-14.49],[125.4981,-14.4895],[125.495,-14.4866],[125.4968,-14.4835],[125.493,-14.4814],[125.4892,-14.4837]]],[[[125.8259,-14.2323],[125.8303,-14.2297],[125.8273,-14.226],[125.8228,-14.2304],[125.8259,-14.2323]]],[[[125.4238,-14.4092],[125.4306,-14.4097],[125.4319,-14.4054],[125.4238,-14.4092]]],[[[126.5893,-13.8823],[126.5954,-13.8835],[126.5971,-13.879],[126.593,-13.8779],[126.5893,-13.8823]]],[[[126.0028,-14.3498],[126.005,-14.3457],[125.9992,-14.3438],[125.9988,-14.3451],[126.0028,-14.3498]]],[[[125.4034,-14.369],[125.4075,-14.3652],[125.4073,-14.3626],[125.4007,-14.3659],[125.4034,-14.369]]],[[[125.7639,-14.2157],[125.7692,-14.2112],[125.7667,-14.2077],[125.7649,-14.2086],[125.7639,-14.2157]]],[[[126.0498,-14.2074],[126.0463,-14.2023],[126.0444,-14.2034],[126.046,-14.208],[126.0498,-14.2074]]],[[[126.4532,-13.9549],[126.4498,-13.9636],[126.45,-13.964],[126.4537,-13.9634],[126.4566,-13.9544],[126.4532,-13.9549]]],[[[125.658,-14.1937],[125.6619,-14.1902],[125.6597,-14.1857],[125.6566,-14.1897],[125.658,-14.1937]]],[[[126.0007,-13.9801],[126.0035,-13.9763],[126.0013,-13.974],[125.9977,-13.9782],[126.0007,-13.9801]]],[[[125.3109,-14.2611],[125.3097,-14.256],[125.3084,-14.2552],[125.3083,-14.2632],[125.3109,-14.2611]]],[[[124.9857,-14.4791],[124.9872,-14.4732],[124.985,-14.469],[124.9841,-14.4704],[124.9857,-14.4791]]],[[[125.735,-14.0895],[125.7405,-14.094],[125.744,-14.0924],[125.735,-14.0895]]],[[[125.6073,-14.1241],[125.6052,-14.1233],[125.6024,-14.1298],[125.6056,-14.1301],[125.6073,-14.1241]]],[[[125.7968,-14.2303],[125.8002,-14.2263],[125.7994,-14.2248],[125.7953,-14.2285],[125.7968,-14.2303]]],[[[125.3449,-14.41],[125.3424,-14.406],[125.3366,-14.407],[125.3419,-14.4076],[125.3449,-14.41]]],[[[125.3805,-14.3389],[125.3812,-14.3337],[125.3779,-14.3357],[125.3805,-14.3389]]],[[[125.4123,-14.39],[125.416,-14.3891],[125.4125,-14.3836],[125.4111,-14.3859],[125.4123,-14.39]]],[[[125.6565,-14.1573],[125.6594,-14.1537],[125.6569,-14.1519],[125.6565,-14.1573]]],[[[124.9692,-14.4993],[124.9706,-14.4959],[124.9687,-14.4936],[124.9678,-14.4975],[124.9692,-14.4993]]],[[[125.4917,-14.3513],[125.4954,-14.3512],[125.4964,-14.3496],[125.4914,-14.3484],[125.4917,-14.3513]]],[[[126.791,-13.7634],[126.792,-13.769],[126.7926,-13.761],[126.791,-13.7634]]],[[[125.7239,-14.4495],[125.7211,-14.4453],[125.7194,-14.4465],[125.7211,-14.4498],[125.7239,-14.4495]]],[[[126.8633,-13.9623],[126.8629,-13.9583],[126.8582,-13.958],[126.8618,-13.9601],[126.8633,-13.9623]]],[[[125.2649,-14.4823],[125.2685,-14.4865],[125.2653,-14.4796],[125.2649,-14.4823]]],[[[125.6397,-14.219],[125.6419,-14.2238],[125.6436,-14.2233],[125.6397,-14.219]]],[[[126.3568,-13.7594],[126.3621,-13.7559],[126.3645,-13.7536],[126.3578,-13.7567],[126.3568,-13.7594]]],[[[126.5552,-14.1489],[126.5581,-14.1466],[126.5582,-14.1457],[126.552,-14.1472],[126.5552,-14.1489]]],[[[125.7247,-14.0943],[125.7277,-14.0929],[125.7261,-14.0901],[125.7243,-14.0907],[125.7247,-14.0943]]],[[[125.5213,-14.4034],[125.5246,-14.4051],[125.5271,-14.4061],[125.5238,-14.4027],[125.5213,-14.4034]]],[[[125.2432,-14.4859],[125.2449,-14.4896],[125.245,-14.4845],[125.2432,-14.4859]]],[[[124.9792,-14.4643],[124.9829,-14.4675],[124.9791,-14.4621],[124.9792,-14.4643]]],[[[125.7737,-14.4621],[125.7774,-14.4639],[125.7761,-14.4604],[125.7737,-14.4621]]],[[[125.6985,-14.1502],[125.7004,-14.1541],[125.6992,-14.149],[125.6985,-14.1502]]],[[[125.7296,-14.3219],[125.7253,-14.3225],[125.7274,-14.3245],[125.7296,-14.3219]]],[[[125.4239,-14.3571],[125.4277,-14.3569],[125.4269,-14.3558],[125.4239,-14.3571]]],[[[125.1981,-14.4743],[125.201,-14.4732],[125.2027,-14.4702],[125.1992,-14.472],[125.1981,-14.4743]]],[[[125.6894,-14.4613],[125.6921,-14.4605],[125.6921,-14.458],[125.6897,-14.4584],[125.6894,-14.4613]]],[[[126.8281,-13.9737],[126.8312,-13.9744],[126.8318,-13.9728],[126.8281,-13.9737]]],[[[125.8381,-14.2799],[125.841,-14.278],[125.8403,-14.2766],[125.8381,-14.2799]]],[[[125.7468,-14.1072],[125.7491,-14.1077],[125.7491,-14.1051],[125.7468,-14.1072]]],[[[125.4024,-14.4218],[125.4056,-14.4204],[125.4033,-14.4194],[125.4024,-14.4218]]],[[[124.9561,-14.4072],[124.9585,-14.4029],[124.9581,-14.4025],[124.9558,-14.4037],[124.9561,-14.4072]]],[[[126.5687,-14.0162],[126.568,-14.0129],[126.5666,-14.0138],[126.5687,-14.0162]]],[[[126.5949,-13.8994],[126.5911,-13.9015],[126.5909,-13.9026],[126.5933,-13.9021],[126.5949,-13.8994]]],[[[125.4164,-14.3614],[125.4182,-14.3629],[125.4175,-14.3601],[125.4164,-14.3614]]],[[[126.5957,-14.2219],[126.5974,-14.2201],[126.5969,-14.2185],[126.5957,-14.2219]]],[[[126.7648,-13.783],[126.7653,-13.785],[126.7692,-13.7811],[126.7648,-13.783]]],[[[125.7469,-14.0983],[125.7495,-14.0975],[125.7476,-14.0964],[125.7469,-14.0983]]],[[[125.9448,-14.3273],[125.9436,-14.3242],[125.9426,-14.3236],[125.9421,-14.3248],[125.9448,-14.3273]]],[[[125.2782,-14.4259],[125.2802,-14.4241],[125.2795,-14.4231],[125.2777,-14.4237],[125.2782,-14.4259]]],[[[125.677,-14.3849],[125.6803,-14.3821],[125.6802,-14.3812],[125.6776,-14.3827],[125.677,-14.3849]]],[[[125.2464,-14.4824],[125.2489,-14.4833],[125.2473,-14.4806],[125.2464,-14.4824]]],[[[126.5875,-13.905],[126.5856,-13.9074],[126.5874,-13.9087],[126.5875,-13.905]]],[[[125.5867,-14.3346],[125.5891,-14.3335],[125.5881,-14.333],[125.5867,-14.3346]]],[[[126.588,-13.9043],[126.5897,-13.9064],[126.5903,-13.9041],[126.588,-13.9043]]],[[[125.3936,-14.4013],[125.3957,-14.3997],[125.3946,-14.3989],[125.3936,-14.4013]]],[[[126.0537,-14.3477],[126.0533,-14.3508],[126.0557,-14.3476],[126.0537,-14.3477]]],[[[125.6117,-14.2358],[125.6148,-14.2362],[125.6144,-14.2349],[125.6117,-14.2358]]],[[[125.6732,-14.1757],[125.6742,-14.1725],[125.6736,-14.1714],[125.6727,-14.1726],[125.6732,-14.1757]]],[[[126.801,-13.9866],[126.8033,-13.9871],[126.8034,-13.9859],[126.801,-13.9866]]],[[[126.1462,-14.1822],[126.1479,-14.1839],[126.1485,-14.1817],[126.1462,-14.1822]]],[[[125.6499,-14.0693],[125.6524,-14.0669],[125.6519,-14.0661],[125.6501,-14.067],[125.6499,-14.0693]]],[[[126.9973,-13.7641],[126.9987,-13.7661],[126.9992,-13.7646],[126.9973,-13.7641]]],[[[125.2199,-14.4548],[125.2206,-14.4524],[125.2199,-14.4517],[125.2182,-14.4531],[125.2199,-14.4548]]],[[[125.3116,-14.295],[125.3141,-14.2942],[125.3142,-14.2934],[125.3116,-14.295]]],[[[126.1041,-13.9008],[126.1071,-13.8994],[126.1046,-13.8985],[126.1041,-13.9008]]],[[[125.3072,-14.2986],[125.3089,-14.2968],[125.3092,-14.2955],[125.3073,-14.2964],[125.3072,-14.2986]]],[[[125.7229,-14.278],[125.7257,-14.2783],[125.7256,-14.2777],[125.7229,-14.278]]],[[[125.3132,-14.2717],[125.3138,-14.2696],[125.3125,-14.2683],[125.3122,-14.2694],[125.3132,-14.2717]]],[[[125.4235,-14.4052],[125.4227,-14.4028],[125.4209,-14.4034],[125.4213,-14.4041],[125.4235,-14.4052]]],[[[127.1917,-13.8986],[127.1941,-13.8994],[127.1926,-13.898],[127.1917,-13.8986]]],[[[126.1163,-14.2314],[126.1179,-14.2314],[126.1184,-14.2299],[126.1163,-14.2314]]],[[[125.3204,-14.2424],[125.3225,-14.2405],[125.3199,-14.2408],[125.3204,-14.2424]]],[[[125.6426,-14.2046],[125.6411,-14.2031],[125.639,-14.2036],[125.6394,-14.2039],[125.6426,-14.2046]]],[[[126.8326,-13.9706],[126.8347,-13.9714],[126.835,-13.9703],[126.8326,-13.9706]]],[[[127.0205,-13.8111],[127.02,-13.8093],[127.0188,-13.8106],[127.0205,-13.8111]]],[[[125.4746,-14.4197],[125.4755,-14.4219],[125.476,-14.4206],[125.4746,-14.4197]]],[[[125.1296,-14.4829],[125.1309,-14.482],[125.1298,-14.4803],[125.1296,-14.4829]]],[[[125.2858,-14.4316],[125.2874,-14.4313],[125.2874,-14.4305],[125.2858,-14.4316]]],[[[125.1487,-14.4624],[125.1509,-14.4628],[125.149,-14.4614],[125.1487,-14.4624]]],[[[125.6774,-14.2799],[125.6777,-14.2779],[125.6767,-14.2787],[125.6774,-14.2799]]],[[[125.8731,-14.0629],[125.8758,-14.0631],[125.8749,-14.0617],[125.8731,-14.0629]]],[[[125.7212,-14.4341],[125.724,-14.4344],[125.7219,-14.433],[125.7212,-14.4341]]],[[[125.1908,-14.4705],[125.1921,-14.4721],[125.1926,-14.47],[125.1908,-14.4705]]],[[[125.0306,-14.438],[125.0318,-14.4385],[125.0325,-14.4375],[125.0306,-14.438]]],[[[127.0492,-13.8389],[127.0487,-13.837],[127.0474,-13.838],[127.0492,-13.8389]]],[[[125.7217,-14.3143],[125.7239,-14.3143],[125.7233,-14.3129],[125.7217,-14.3143]]],[[[126.5456,-14.0124],[126.5449,-14.0143],[126.5459,-14.0144],[126.5456,-14.0124]]],[[[125.668,-14.2876],[125.6707,-14.2866],[125.6703,-14.2862],[125.668,-14.2876]]],[[[125.5781,-14.1451],[125.5793,-14.1423],[125.5785,-14.1413],[125.5778,-14.1418],[125.5781,-14.1451]]],[[[125.635,-14.2053],[125.6369,-14.2049],[125.6361,-14.2032],[125.635,-14.2053]]],[[[126.5656,-14.2164],[126.5671,-14.2153],[126.5664,-14.2146],[126.5656,-14.2164]]],[[[126.8359,-13.9655],[126.838,-13.9649],[126.8369,-13.9645],[126.8359,-13.9655]]],[[[125.6559,-14.3935],[125.6571,-14.3946],[125.6576,-14.3931],[125.6559,-14.3935]]],[[[125.6628,-14.3986],[125.6643,-14.3991],[125.664,-14.398],[125.6628,-14.3986]]],[[[125.7029,-14.4916],[125.7042,-14.4917],[125.7038,-14.4904],[125.7029,-14.4916]]],[[[125.6928,-14.1417],[125.692,-14.1438],[125.6937,-14.1421],[125.6928,-14.1417]]],[[[125.6791,-14.3598],[125.6811,-14.3594],[125.6807,-14.3591],[125.6791,-14.3598]]],[[[126.8608,-13.9713],[126.8627,-13.9718],[126.8605,-13.9694],[126.8608,-13.9713]]],[[[125.9786,-14.3899],[125.9801,-14.391],[125.9796,-14.3896],[125.9786,-14.3899]]],[[[125.2383,-14.4096],[125.2395,-14.4107],[125.2398,-14.4103],[125.2383,-14.4096]]],[[[126.7516,-14.0123],[126.7507,-14.0132],[126.7525,-14.0129],[126.7516,-14.0123]]],[[[125.4867,-14.4813],[125.4884,-14.481],[125.4884,-14.4799],[125.4867,-14.4813]]],[[[125.4043,-14.3972],[125.406,-14.3977],[125.4044,-14.3958],[125.4043,-14.3972]]],[[[125.314,-14.3345],[125.3157,-14.3344],[125.3144,-14.3337],[125.314,-14.3345]]],[[[126.03,-14.2107],[126.031,-14.2119],[126.0317,-14.2107],[126.03,-14.2107]]],[[[125.7183,-14.421],[125.7194,-14.4207],[125.7184,-14.4191],[125.7183,-14.421]]],[[[125.1894,-14.4596],[125.1902,-14.4575],[125.1899,-14.4574],[125.1894,-14.4596]]],[[[125.5114,-14.4215],[125.5127,-14.4208],[125.5118,-14.4205],[125.5114,-14.4215]]],[[[126.0216,-14.4499],[126.023,-14.4501],[126.0226,-14.4496],[126.0216,-14.4499]]],[[[126.708,-13.9429],[126.7106,-13.9423],[126.708,-13.9425],[126.708,-13.9429]]],[[[125.379,-14.3328],[125.3805,-14.3322],[125.3806,-14.3309],[125.379,-14.3328]]],[[[125.5101,-14.4363],[125.5121,-14.4368],[125.5126,-14.436],[125.5101,-14.4363]]],[[[125.3179,-14.395],[125.3197,-14.3951],[125.3182,-14.3946],[125.3179,-14.395]]],[[[126.2244,-14.1763],[126.2255,-14.1773],[126.2261,-14.1767],[126.2244,-14.1763]]],[[[126.8376,-13.9524],[126.8391,-13.9535],[126.8393,-13.953],[126.8376,-13.9524]]],[[[125.4012,-14.4758],[125.4026,-14.4769],[125.4025,-14.4757],[125.4012,-14.4758]]],[[[125.6831,-14.3857],[125.6847,-14.3859],[125.6848,-14.3845],[125.6831,-14.3857]]],[[[126.1126,-14.2154],[126.1115,-14.2151],[126.1131,-14.2165],[126.1126,-14.2154]]],[[[126.5688,-14.2193],[126.5702,-14.2193],[126.569,-14.2188],[126.5688,-14.2193]]],[[[125.6579,-14.1977],[125.6593,-14.1974],[125.6591,-14.1966],[125.6579,-14.1977]]],[[[126.3167,-13.8997],[126.3161,-13.9012],[126.3171,-13.901],[126.3167,-13.8997]]],[[[125.1469,-14.4612],[125.1478,-14.4601],[125.1464,-14.4606],[125.1469,-14.4612]]],[[[125.7126,-14.0976],[125.7139,-14.0972],[125.713,-14.0967],[125.7126,-14.0976]]],[[[126.0218,-14.0131],[126.022,-14.0121],[126.0207,-14.0126],[126.0218,-14.0131]]],[[[125.1884,-14.4712],[125.19,-14.4709],[125.1895,-14.4705],[125.1884,-14.4712]]],[[[125.7496,-14.4265],[125.7503,-14.4254],[125.7485,-14.4258],[125.7496,-14.4265]]],[[[125.2144,-14.4592],[125.2158,-14.4592],[125.2158,-14.4589],[125.2144,-14.4592]]],[[[125.5319,-14.4477],[125.5344,-14.4478],[125.5347,-14.4476],[125.5319,-14.4477]]],[[[125.6354,-14.2404],[125.6366,-14.2408],[125.6362,-14.2397],[125.6354,-14.2404]]],[[[125.3054,-14.2953],[125.3067,-14.2952],[125.3061,-14.2947],[125.3054,-14.2953]]],[[[125.6832,-14.3784],[125.6845,-14.3777],[125.6832,-14.3777],[125.6832,-14.3784]]],[[[125.3797,-14.3297],[125.3806,-14.3291],[125.3801,-14.3282],[125.3797,-14.3297]]],[[[125.4906,-14.4271],[125.4922,-14.4267],[125.4921,-14.4263],[125.4906,-14.4271]]],[[[125.6776,-14.1795],[125.6783,-14.1805],[125.6781,-14.1793],[125.6776,-14.1795]]],[[[125.4138,-14.3761],[125.4149,-14.3761],[125.4143,-14.3755],[125.4138,-14.3761]]],[[[126.5552,-13.8968],[126.5556,-13.8982],[126.5562,-13.8974],[126.5552,-13.8968]]],[[[125.0078,-14.4745],[125.0092,-14.4739],[125.0088,-14.4736],[125.0078,-14.4745]]],[[[125.7181,-14.4445],[125.7193,-14.4447],[125.7184,-14.4439],[125.7181,-14.4445]]],[[[125.2089,-14.4658],[125.2102,-14.4651],[125.2094,-14.4647],[125.2089,-14.4658]]],[[[125.7002,-14.1113],[125.7014,-14.1108],[125.7008,-14.1106],[125.7002,-14.1113]]],[[[125.5863,-14.3565],[125.5872,-14.356],[125.5866,-14.3555],[125.5863,-14.3565]]],[[[125.1917,-14.4758],[125.1928,-14.4757],[125.1922,-14.4753],[125.1917,-14.4758]]],[[[125.755,-14.3257],[125.7559,-14.3251],[125.7543,-14.3253],[125.755,-14.3257]]],[[[125.1913,-14.4631],[125.1926,-14.4629],[125.1915,-14.4625],[125.1913,-14.4631]]],[[[125.193,-14.4756],[125.1928,-14.4766],[125.1944,-14.4755],[125.193,-14.4756]]],[[[125.6068,-14.2342],[125.6084,-14.2343],[125.6084,-14.2339],[125.6068,-14.2342]]],[[[125.2554,-14.3928],[125.2572,-14.3922],[125.2553,-14.3925],[125.2554,-14.3928]]],[[[125.2184,-14.4605],[125.2186,-14.4614],[125.2193,-14.4608],[125.2184,-14.4605]]],[[[126.2966,-13.9692],[126.2974,-13.9703],[126.2978,-13.9694],[126.2966,-13.9692]]],[[[126.6348,-13.8695],[126.6357,-13.8699],[126.6359,-13.8692],[126.6348,-13.8695]]],[[[125.6847,-14.421],[125.6858,-14.4206],[125.6851,-14.4201],[125.6847,-14.421]]],[[[126.0945,-14.2376],[126.0953,-14.238],[126.0953,-14.2375],[126.0945,-14.2376]]],[[[125.2028,-14.4837],[125.2039,-14.4828],[125.2035,-14.4824],[125.2028,-14.4837]]],[[[125.1859,-14.4618],[125.1871,-14.4624],[125.1862,-14.4613],[125.1859,-14.4618]]],[[[125.1854,-14.4679],[125.1863,-14.4681],[125.1859,-14.4675],[125.1854,-14.4679]]],[[[125.2365,-14.4118],[125.2382,-14.4121],[125.2369,-14.4114],[125.2365,-14.4118]]],[[[125.3148,-14.4615],[125.3162,-14.4619],[125.315,-14.461],[125.3148,-14.4615]]],[[[124.9655,-14.4878],[124.9666,-14.4873],[124.9663,-14.4871],[124.9655,-14.4878]]],[[[125.6635,-14.4012],[125.6646,-14.4012],[125.6643,-14.4006],[125.6635,-14.4012]]],[[[125.1318,-14.4765],[125.1326,-14.4764],[125.1324,-14.4759],[125.1318,-14.4765]]],[[[125.6792,-14.3848],[125.6795,-14.384],[125.6785,-14.3844],[125.6792,-14.3848]]],[[[126.4966,-13.9557],[126.4978,-13.9557],[126.497,-13.9554],[126.4966,-13.9557]]],[[[126.3094,-13.8986],[126.3098,-13.8994],[126.3101,-13.8988],[126.3094,-13.8986]]],[[[126.2982,-13.9674],[126.2985,-13.9687],[126.2989,-13.9681],[126.2982,-13.9674]]],[[[125.7382,-14.3173],[125.7394,-14.3172],[125.7389,-14.3168],[125.7382,-14.3173]]],[[[126.1208,-14.2277],[126.1218,-14.228],[126.1217,-14.227],[126.1208,-14.2277]]],[[[125.149,-14.4697],[125.1497,-14.4692],[125.149,-14.4688],[125.149,-14.4697]]],[[[125.1874,-14.4593],[125.1881,-14.4601],[125.1881,-14.4595],[125.1874,-14.4593]]],[[[126.5966,-13.8826],[126.5983,-13.8811],[126.5968,-13.8821],[126.5966,-13.8826]]],[[[125.1539,-14.4672],[125.1548,-14.4671],[125.1541,-14.4665],[125.1539,-14.4672]]],[[[125.1525,-14.4643],[125.1532,-14.4651],[125.1528,-14.4639],[125.1525,-14.4643]]],[[[126.4962,-13.9538],[126.4971,-13.9544],[126.4966,-13.9535],[126.4962,-13.9538]]],[[[125.4918,-14.4091],[125.4926,-14.409],[125.4924,-14.4082],[125.4918,-14.4091]]],[[[125.1303,-14.4791],[125.1312,-14.4796],[125.1307,-14.4787],[125.1303,-14.4791]]],[[[125.1324,-14.4785],[125.1331,-14.4791],[125.1329,-14.4779],[125.1324,-14.4785]]],[[[125.5079,-14.4566],[125.509,-14.4569],[125.5091,-14.4563],[125.5079,-14.4566]]],[[[126.8416,-13.9406],[126.8423,-13.94],[126.8418,-13.9399],[126.8416,-13.9406]]],[[[125.1553,-14.4687],[125.1556,-14.468],[125.1548,-14.4682],[125.1553,-14.4687]]],[[[124.9665,-14.4919],[124.9671,-14.4925],[124.9669,-14.4913],[124.9665,-14.4919]]],[[[125.7167,-14.4486],[125.7178,-14.4485],[125.7177,-14.4481],[125.7167,-14.4486]]],[[[126.0617,-14.3567],[126.0626,-14.3567],[126.0627,-14.3559],[126.0617,-14.3567]]],[[[126.1464,-14.1854],[126.1476,-14.1854],[126.1477,-14.1849],[126.1464,-14.1854]]],[[[125.8246,-14.1934],[125.8253,-14.1937],[125.8248,-14.1931],[125.8246,-14.1934]]],[[[126.8313,-13.9292],[126.8323,-13.9291],[126.8316,-13.9287],[126.8313,-13.9292]]],[[[126.3041,-13.9275],[126.3047,-13.9282],[126.3045,-13.9275],[126.3041,-13.9275]]],[[[126.5855,-13.8838],[126.5858,-13.8842],[126.5852,-13.8831],[126.5855,-13.8838]]],[[[126.2256,-14.1755],[126.226,-14.175],[126.2255,-14.1753],[126.2256,-14.1755]]],[[[126.2288,-14.1767],[126.2294,-14.1761],[126.2289,-14.1761],[126.2288,-14.1767]]],[[[126.2273,-14.1772],[126.2281,-14.177],[126.2269,-14.177],[126.2273,-14.1772]]],[[[127.0401,-13.8114],[127.0408,-13.8112],[127.0407,-13.811],[127.0401,-13.8114]]],[[[126.2266,-14.176],[126.2274,-14.176],[126.2268,-14.1758],[126.2266,-14.176]]],[[[126.7016,-13.9554],[126.7021,-13.9563],[126.7019,-13.9553],[126.7016,-13.9554]]],[[[125.1322,-14.642],[125.1351,-14.652],[125.1458,-14.6564],[125.1521,-14.6555],[125.1524,-14.6427],[125.1476,-14.6359],[125.155,-14.6366],[125.1555,-14.6314],[125.1636,-14.6277],[125.1674,-14.6198],[125.17,-14.6196],[125.1809,-14.6344],[125.1857,-14.6271],[125.1844,-14.6168],[125.189,-14.6131],[125.1853,-14.61],[125.1948,-14.6062],[125.1976,-14.6019],[125.1998,-14.6129],[125.2107,-14.6073],[125.2109,-14.6043],[125.2143,-14.6072],[125.215,-14.597],[125.2104,-14.5914],[125.2112,-14.5963],[125.2078,-14.5972],[125.2029,-14.5892],[125.1961,-14.5903],[125.2086,-14.5831],[125.1973,-14.5835],[125.1999,-14.5822],[125.1978,-14.5785],[125.2034,-14.5812],[125.2043,-14.5762],[125.2028,-14.5713],[125.1989,-14.5709],[125.1996,-14.5625],[125.1952,-14.561],[125.1924,-14.5692],[125.1872,-14.5695],[125.1809,-14.5657],[125.1838,-14.5604],[125.1827,-14.5576],[125.1805,-14.5597],[125.1842,-14.5511],[125.1945,-14.5564],[125.1953,-14.5507],[125.2011,-14.5478],[125.1977,-14.54],[125.2031,-14.539],[125.2059,-14.5329],[125.2015,-14.5256],[125.2089,-14.5265],[125.2095,-14.5242],[125.2056,-14.523],[125.2117,-14.5174],[125.2117,-14.5081],[125.2065,-14.5023],[125.2105,-14.499],[125.2077,-14.4966],[125.2152,-14.4975],[125.2159,-14.495],[125.2081,-14.4927],[125.2047,-14.4997],[125.2078,-14.4879],[125.2049,-14.4838],[125.2016,-14.486],[125.2018,-14.4805],[125.198,-14.4828],[125.1994,-14.4784],[125.1917,-14.4779],[125.1903,-14.473],[125.1828,-14.4754],[125.1801,-14.4839],[125.1817,-14.4766],[125.179,-14.4747],[125.1841,-14.4723],[125.185,-14.4592],[125.1783,-14.4502],[125.1742,-14.4522],[125.1699,-14.4468],[125.1672,-14.4474],[125.1654,-14.4399],[125.1627,-14.4564],[125.159,-14.4541],[125.1587,-14.457],[125.1574,-14.4524],[125.1536,-14.4537],[125.1538,-14.45],[125.1512,-14.4527],[125.1508,-14.4584],[125.1535,-14.4568],[125.1605,-14.4712],[125.152,-14.4674],[125.1517,-14.4726],[125.1558,-14.4763],[125.1482,-14.4716],[125.1363,-14.4758],[125.1308,-14.4852],[125.1242,-14.4862],[125.1234,-14.4918],[125.118,-14.4939],[125.1207,-14.5003],[125.1166,-14.5026],[125.1199,-14.5038],[125.1176,-14.5071],[125.1209,-14.5059],[125.1238,-14.5116],[125.1316,-14.5122],[125.1317,-14.5203],[125.1293,-14.521],[125.1326,-14.5291],[125.1374,-14.5273],[125.1345,-14.5237],[125.1387,-14.5241],[125.1365,-14.5218],[125.1398,-14.5216],[125.1422,-14.5159],[125.142,-14.5229],[125.1453,-14.524],[125.1496,-14.5192],[125.1467,-14.5257],[125.1499,-14.5253],[125.1531,-14.5271],[125.1492,-14.5285],[125.1497,-14.5339],[125.1486,-14.528],[125.1439,-14.5302],[125.1441,-14.5462],[125.1401,-14.5387],[125.1396,-14.5434],[125.1344,-14.5452],[125.1412,-14.5501],[125.1379,-14.5543],[125.1391,-14.5575],[125.1516,-14.5658],[125.1464,-14.5671],[125.1429,-14.5642],[125.1393,-14.5697],[125.1353,-14.5703],[125.1377,-14.5753],[125.1341,-14.5767],[125.1335,-14.57],[125.1388,-14.5641],[125.1323,-14.5576],[125.1343,-14.5555],[125.1322,-14.5517],[125.1288,-14.5509],[125.1265,-14.5576],[125.1243,-14.555],[125.1201,-14.5574],[125.119,-14.5478],[125.1184,-14.5508],[125.1128,-14.5513],[125.1109,-14.5454],[125.1119,-14.5515],[125.1074,-14.5568],[125.1051,-14.555],[125.1079,-14.552],[125.1004,-14.5478],[125.1003,-14.544],[125.0961,-14.5462],[125.0968,-14.5589],[125.1011,-14.5567],[125.0986,-14.5605],[125.1025,-14.5684],[125.096,-14.5635],[125.0942,-14.5673],[125.0977,-14.5721],[125.0954,-14.5795],[125.0978,-14.5854],[125.0955,-14.5861],[125.0981,-14.588],[125.096,-14.5985],[125.0992,-14.6112],[125.0948,-14.6128],[125.101,-14.6194],[125.0969,-14.6183],[125.0975,-14.6243],[125.0926,-14.6259],[125.1018,-14.6292],[125.1001,-14.6323],[125.1074,-14.6355],[125.102,-14.6368],[125.1081,-14.6428],[125.1141,-14.6386],[125.1127,-14.6279],[125.115,-14.6327],[125.1151,-14.6269],[125.1239,-14.634],[125.1295,-14.6333],[125.1302,-14.6374],[125.1361,-14.6283],[125.1322,-14.642]]],[[[125.1755,-15.0651],[125.178,-15.0462],[125.1725,-15.0397],[125.1735,-15.0347],[125.1638,-15.0295],[125.1685,-15.0255],[125.1666,-15.0205],[125.1614,-15.0261],[125.1564,-15.0261],[125.1586,-15.0329],[125.1538,-15.0387],[125.1572,-15.0427],[125.1566,-15.0482],[125.1523,-15.0488],[125.1472,-15.0398],[125.1445,-15.0417],[125.1448,-15.0471],[125.1497,-15.0502],[125.1484,-15.0573],[125.1517,-15.0636],[125.1608,-15.0672],[125.1609,-15.0768],[125.1644,-15.0828],[125.1749,-15.0789],[125.1699,-15.0848],[125.1753,-15.0977],[125.1709,-15.1016],[125.1649,-15.0993],[125.1683,-15.115],[125.1751,-15.1221],[125.1873,-15.1234],[125.1962,-15.1206],[125.2064,-15.1098],[125.2166,-15.1054],[125.2125,-15.0986],[125.2187,-15.1046],[125.2289,-15.0996],[125.2263,-15.097],[125.2228,-15.0993],[125.2166,-15.0978],[125.223,-15.0945],[125.2299,-15.0843],[125.2309,-15.0707],[125.2274,-15.0651],[125.2152,-15.0669],[125.2034,-15.063],[125.2022,-15.0577],[125.1913,-15.0636],[125.1885,-15.0578],[125.1854,-15.0672],[125.1808,-15.0683],[125.1755,-15.0651]]],[[[124.911,-15.0213],[124.9162,-15.0248],[124.9159,-15.0292],[124.9208,-15.028],[124.9264,-15.0381],[124.9315,-15.0327],[124.9352,-15.0383],[124.9414,-15.0381],[124.9397,-15.0492],[124.9594,-15.0307],[124.9542,-15.0285],[124.9544,-15.0253],[124.9514,-15.0287],[124.9485,-15.0274],[124.9454,-15.0189],[124.9586,-15.0054],[124.9536,-15.0026],[124.9488,-15.0047],[124.9484,-15.0014],[124.9393,-15.0155],[124.9368,-15.011],[124.939,-15.0026],[124.9303,-15.0077],[124.9428,-14.9886],[124.9434,-14.9864],[124.9397,-14.9872],[124.943,-14.9822],[124.9402,-14.9828],[124.9363,-14.9779],[124.9462,-14.9655],[124.9393,-14.9651],[124.935,-14.9611],[124.9383,-14.9479],[124.9314,-14.948],[124.9239,-14.9314],[124.9266,-14.9266],[124.9172,-14.9224],[124.9144,-14.9295],[124.9182,-14.9366],[124.9171,-14.9414],[124.9255,-14.9428],[124.9301,-14.9483],[124.9223,-14.954],[124.92,-14.9702],[124.9124,-14.9739],[124.8981,-14.9748],[124.8977,-14.9618],[124.89,-14.9654],[124.8894,-14.9594],[124.8879,-14.9692],[124.8792,-14.9756],[124.8852,-14.9785],[124.8768,-14.9863],[124.8815,-14.9888],[124.8833,-14.9959],[124.8789,-15.005],[124.8868,-15.0],[124.8914,-14.9879],[124.891,-14.9944],[124.8941,-14.9964],[124.9017,-14.9876],[124.9015,-14.9832],[124.9057,-14.9856],[124.9142,-14.9803],[124.9211,-14.9806],[124.9187,-14.9869],[124.9121,-14.989],[124.9135,-14.9965],[124.9058,-14.9943],[124.8977,-15.0045],[124.9023,-15.0097],[124.9107,-15.0046],[124.9169,-15.0102],[124.9205,-15.0089],[124.9126,-15.0155],[124.911,-15.0213]]],[[[124.8086,-15.2378],[124.8046,-15.2395],[124.8059,-15.2449],[124.803,-15.2449],[124.7997,-15.2601],[124.7944,-15.2578],[124.7927,-15.2605],[124.796,-15.2753],[124.7908,-15.2873],[124.8118,-15.3061],[124.8082,-15.302],[124.8135,-15.302],[124.8112,-15.2995],[124.8148,-15.2977],[124.8148,-15.2937],[124.8123,-15.2895],[124.8192,-15.2919],[124.8262,-15.2878],[124.8221,-15.2854],[124.8278,-15.284],[124.8286,-15.2868],[124.8381,-15.2813],[124.8341,-15.2725],[124.8422,-15.2801],[124.8454,-15.2763],[124.8445,-15.2721],[124.8488,-15.2746],[124.8504,-15.2709],[124.848,-15.2626],[124.8537,-15.2648],[124.8574,-15.2562],[124.8511,-15.2463],[124.8412,-15.2439],[124.8364,-15.2377],[124.8304,-15.2376],[124.8336,-15.2464],[124.8302,-15.242],[124.8279,-15.2453],[124.827,-15.2407],[124.8251,-15.2398],[124.8252,-15.2432],[124.8226,-15.2378],[124.8129,-15.2349],[124.8114,-15.2286],[124.8074,-15.2332],[124.8086,-15.2378]]],[[[125.0229,-15.3235],[125.0215,-15.3215],[125.0048,-15.3481],[124.9928,-15.357],[124.9902,-15.3665],[124.9955,-15.3758],[125.0139,-15.3753],[125.0194,-15.3696],[125.0364,-15.3287],[125.0326,-15.3222],[125.0262,-15.3225],[125.0242,-15.3196],[125.0229,-15.3235]]],[[[125.2491,-14.6224],[125.2438,-14.6144],[125.2373,-14.6229],[125.2321,-14.6231],[125.235,-14.6311],[125.2314,-14.6258],[125.2278,-14.6275],[125.231,-14.6291],[125.2279,-14.6294],[125.2274,-14.6348],[125.224,-14.6351],[125.2256,-14.6408],[125.218,-14.6367],[125.2197,-14.6386],[125.2166,-14.6427],[125.2189,-14.6438],[125.2117,-14.6426],[125.2125,-14.6457],[125.2093,-14.6482],[125.2075,-14.6463],[125.2043,-14.6523],[125.2158,-14.6599],[125.2189,-14.6562],[125.2207,-14.6605],[125.2283,-14.6585],[125.2328,-14.6545],[125.2299,-14.6486],[125.2344,-14.6484],[125.232,-14.6405],[125.2361,-14.6328],[125.2481,-14.6494],[125.248,-14.653],[125.2506,-14.6497],[125.2557,-14.6509],[125.2566,-14.6455],[125.2588,-14.648],[125.2631,-14.644],[125.2631,-14.6464],[125.2653,-14.6439],[125.267,-14.6462],[125.2663,-14.641],[125.2544,-14.6328],[125.2551,-14.6262],[125.2491,-14.6224]]],[[[124.9643,-15.0827],[124.962,-15.0798],[124.9546,-15.088],[124.9523,-15.0985],[124.9629,-15.0944],[124.9712,-15.0869],[124.9765,-15.0709],[124.9842,-15.0627],[124.985,-15.0555],[124.9768,-15.0405],[124.9691,-15.042],[124.9678,-15.0527],[124.9569,-15.0667],[124.9561,-15.0714],[124.9584,-15.0721],[124.9622,-15.067],[124.9643,-15.0827]]],[[[125.2306,-14.9866],[125.2284,-14.9979],[125.2412,-14.9994],[125.2453,-14.9938],[125.2512,-14.9925],[125.2485,-14.9833],[125.252,-14.9836],[125.2535,-14.978],[125.2492,-14.968],[125.2467,-14.9742],[125.2435,-14.9746],[125.2447,-14.9786],[125.2392,-14.9768],[125.242,-14.9849],[125.2379,-14.9837],[125.234,-14.989],[125.2336,-14.9861],[125.2306,-14.9866]]],[[[124.9525,-15.3648],[124.9736,-15.3517],[124.9804,-15.3522],[124.9843,-15.343],[124.9765,-15.3398],[124.9536,-15.3521],[124.9496,-15.359],[124.9525,-15.3648]]],[[[124.9402,-15.0666],[124.9448,-15.0753],[124.9508,-15.0725],[124.962,-15.0464],[124.9591,-15.0412],[124.9532,-15.0436],[124.9436,-15.0571],[124.9489,-15.057],[124.9451,-15.0587],[124.9444,-15.0641],[124.9512,-15.0644],[124.9402,-15.0666]]],[[[125.2762,-14.588],[125.2789,-14.5821],[125.2773,-14.5722],[125.2652,-14.5638],[125.2631,-14.5691],[125.2668,-14.5762],[125.2614,-14.5804],[125.2567,-14.5757],[125.2544,-14.5793],[125.2614,-14.5859],[125.2655,-14.5842],[125.2677,-14.5878],[125.2759,-14.5859],[125.2762,-14.588]]],[[[125.2477,-15.0946],[125.249,-15.0911],[125.2526,-15.0924],[125.2546,-15.0866],[125.2478,-15.0778],[125.2418,-15.0794],[125.2376,-15.0859],[125.2331,-15.0828],[125.2306,-15.085],[125.2279,-15.0961],[125.2303,-15.0988],[125.2352,-15.0979],[125.2382,-15.0928],[125.2477,-15.0946]]],[[[124.849,-15.2934],[124.8544,-15.3034],[124.8497,-15.3078],[124.8412,-15.3112],[124.8417,-15.3145],[124.8486,-15.3161],[124.8496,-15.312],[124.8608,-15.313],[124.8623,-15.3106],[124.8597,-15.3007],[124.8632,-15.2964],[124.86,-15.2937],[124.8635,-15.2873],[124.8599,-15.2833],[124.8569,-15.2898],[124.849,-15.2934]]],[[[125.1963,-14.9404],[125.1943,-14.9521],[125.1867,-14.9626],[125.1921,-14.9626],[125.1972,-14.9675],[125.202,-14.9664],[125.2069,-14.9588],[125.201,-14.953],[125.206,-14.9544],[125.2056,-14.9495],[125.2085,-14.9527],[125.2012,-14.9405],[125.1963,-14.9404]]],[[[124.8015,-15.2226],[124.8032,-15.2191],[124.8071,-15.2212],[124.8076,-15.2164],[124.7994,-15.2144],[124.8055,-15.2118],[124.8,-15.2038],[124.7938,-15.2124],[124.7849,-15.2156],[124.7835,-15.2189],[124.7863,-15.2224],[124.7925,-15.2222],[124.7922,-15.2173],[124.7971,-15.2175],[124.8015,-15.2226]]],[[[124.7358,-14.9151],[124.7354,-14.9381],[124.7389,-14.942],[124.7426,-14.9166],[124.7461,-14.9158],[124.7479,-14.907],[124.7431,-14.9106],[124.7346,-14.9095],[124.7333,-14.9135],[124.7358,-14.9151]]],[[[124.7803,-15.016],[124.7784,-15.012],[124.7729,-15.0179],[124.7768,-15.02],[124.7718,-15.0291],[124.7748,-15.0354],[124.7815,-15.033],[124.7899,-15.0131],[124.7872,-15.0101],[124.7861,-15.0168],[124.7803,-15.016]]],[[[125.4499,-15.1401],[125.4629,-15.1409],[125.4767,-15.1505],[125.4806,-15.1495],[125.4814,-15.1404],[125.4778,-15.1374],[125.4486,-15.1373],[125.4499,-15.1401]]],[[[125.0273,-14.7926],[125.032,-14.782],[125.0263,-14.7735],[125.0258,-14.7653],[125.0181,-14.7721],[125.0201,-14.7767],[125.017,-14.7802],[125.0238,-14.78],[125.0205,-14.7869],[125.0273,-14.7926]]],[[[124.8664,-15.0231],[124.8622,-15.0208],[124.8645,-15.0129],[124.8599,-15.0111],[124.8444,-15.0246],[124.8545,-15.0311],[124.8588,-15.0284],[124.8572,-15.0214],[124.8657,-15.0256],[124.8664,-15.0231]]],[[[124.7455,-14.9515],[124.7534,-14.9518],[124.7584,-14.958],[124.7626,-14.9545],[124.76,-14.9433],[124.7565,-14.9406],[124.7515,-14.9442],[124.7467,-14.9393],[124.7455,-14.9515]]],[[[125.4195,-14.5621],[125.4191,-14.5649],[125.4216,-14.5667],[125.4247,-14.5614],[125.4338,-14.5581],[125.4342,-14.5512],[125.426,-14.5481],[125.4268,-14.5504],[125.4218,-14.551],[125.4191,-14.5589],[125.423,-14.5601],[125.4195,-14.5621]]],[[[125.3555,-15.0145],[125.3551,-15.0282],[125.3611,-15.03],[125.3668,-15.0104],[125.3608,-15.0102],[125.3555,-15.0145]]],[[[125.3598,-15.0718],[125.3464,-15.0791],[125.3468,-15.0843],[125.3577,-15.0861],[125.3667,-15.0787],[125.3598,-15.0718]]],[[[125.1841,-14.8528],[125.179,-14.852],[125.1762,-14.8594],[125.1794,-14.8685],[125.1865,-14.8755],[125.1889,-14.8675],[125.1854,-14.8646],[125.1841,-14.8528]]],[[[125.4301,-14.5338],[125.4263,-14.5446],[125.4381,-14.5471],[125.4417,-14.5396],[125.4342,-14.5311],[125.4301,-14.5338]]],[[[125.0402,-15.3154],[125.049,-15.3233],[125.0531,-15.3095],[125.0498,-15.3071],[125.0436,-15.3091],[125.0402,-15.3154]]],[[[124.8438,-15.3421],[124.8486,-15.3492],[124.8533,-15.3448],[124.8542,-15.3469],[124.8592,-15.3444],[124.8523,-15.337],[124.8438,-15.3421]]],[[[124.6941,-14.9559],[124.6889,-14.9401],[124.6839,-14.9373],[124.6824,-14.9432],[124.6857,-14.9502],[124.6903,-14.9507],[124.6941,-14.9559]]],[[[125.008,-15.2121],[125.0156,-15.2116],[125.0164,-15.207],[125.0125,-15.2018],[125.0054,-15.2048],[125.008,-15.2121]]],[[[125.4421,-14.5684],[125.4392,-14.5681],[125.4328,-14.5797],[125.4347,-14.5829],[125.4424,-14.5804],[125.4421,-14.5684]]],[[[125.1424,-14.7598],[125.1399,-14.7693],[125.1443,-14.7677],[125.1447,-14.7609],[125.137,-14.749],[125.1348,-14.758],[125.1374,-14.7624],[125.1424,-14.7598]]],[[[124.7179,-14.8722],[124.7222,-14.8669],[124.7328,-14.8629],[124.7322,-14.8604],[124.7219,-14.8637],[124.7149,-14.8596],[124.713,-14.863],[124.7162,-14.8647],[124.7179,-14.8722]]],[[[125.171,-14.9394],[125.1763,-14.9442],[125.1749,-14.9259],[125.1706,-14.9272],[125.171,-14.9394]]],[[[125.3347,-15.1051],[125.3382,-15.1049],[125.3369,-15.0942],[125.3308,-15.0895],[125.3304,-15.1001],[125.3347,-15.1051]]],[[[125.1268,-14.7612],[125.1336,-14.7564],[125.1297,-14.7473],[125.1237,-14.7571],[125.1268,-14.7612]]],[[[124.7762,-14.9389],[124.7734,-14.9372],[124.7713,-14.9414],[124.7755,-14.9536],[124.78,-14.9493],[124.776,-14.9476],[124.7762,-14.9389]]],[[[124.8806,-14.9464],[124.8797,-14.9501],[124.8893,-14.9558],[124.8908,-14.9489],[124.8826,-14.9472],[124.8815,-14.9401],[124.8767,-14.9419],[124.8806,-14.9464]]],[[[125.0099,-15.3204],[125.0164,-15.3259],[125.0203,-15.3197],[125.0147,-15.3171],[125.0099,-15.3204]]],[[[125.1351,-14.67],[125.1446,-14.6674],[125.1476,-14.6638],[125.1407,-14.664],[125.1382,-14.6611],[125.1376,-14.6659],[125.1294,-14.6658],[125.1351,-14.67]]],[[[124.9713,-15.1952],[124.973,-15.1857],[124.9716,-15.1848],[124.9663,-15.1864],[124.9648,-15.1913],[124.9665,-15.1947],[124.9713,-15.1952]]],[[[124.8894,-15.2708],[124.9002,-15.2656],[124.8983,-15.2608],[124.8893,-15.2678],[124.8894,-15.2708]]],[[[125.0054,-15.4389],[125.0124,-15.4358],[125.0142,-15.4298],[125.0126,-15.4316],[125.0092,-15.4291],[125.0042,-15.4338],[125.0054,-15.4389]]],[[[125.1429,-14.808],[125.1475,-14.8016],[125.1458,-14.795],[125.1405,-14.8015],[125.1429,-14.808]]],[[[124.8652,-14.9304],[124.866,-14.9385],[124.8702,-14.9426],[124.8727,-14.9397],[124.8682,-14.9351],[124.8698,-14.932],[124.8652,-14.9304]]],[[[124.9245,-14.9002],[124.9272,-14.8955],[124.9233,-14.8886],[124.9205,-14.8938],[124.9245,-14.9002]]],[[[125.3021,-14.6529],[125.3065,-14.6475],[125.2995,-14.6438],[125.2997,-14.6481],[125.2967,-14.6493],[125.3021,-14.6529]]],[[[124.82,-14.9799],[124.8263,-14.976],[124.8285,-14.9694],[124.8226,-14.9694],[124.82,-14.9799]]],[[[125.3692,-15.1232],[125.3761,-15.1296],[125.3838,-15.1303],[125.3692,-15.1232]]],[[[124.9764,-15.189],[124.9807,-15.184],[124.9789,-15.179],[124.9751,-15.1831],[124.9764,-15.189]]],[[[125.4067,-14.5429],[125.4143,-14.5399],[125.4109,-14.5355],[125.4051,-14.539],[125.4067,-14.5429]]],[[[125.3211,-14.5563],[125.3268,-14.5582],[125.3301,-14.5535],[125.3284,-14.5513],[125.3245,-14.5544],[125.3215,-14.5505],[125.3211,-14.5563]]],[[[125.4392,-15.1338],[125.4507,-15.134],[125.4554,-15.1344],[125.4502,-15.1314],[125.4392,-15.1338]]],[[[124.8994,-14.9079],[124.9047,-14.914],[124.9071,-14.91],[124.9013,-14.9052],[124.8994,-14.9079]]],[[[125.928,-14.6389],[125.9306,-14.6466],[125.932,-14.6477],[125.9331,-14.6406],[125.928,-14.6389]]],[[[125.2722,-14.6485],[125.2775,-14.647],[125.276,-14.6416],[125.2713,-14.6433],[125.2722,-14.6485]]],[[[124.6981,-14.9396],[124.6971,-14.932],[124.6943,-14.9313],[124.6924,-14.9341],[124.6981,-14.9396]]],[[[125.2283,-14.9128],[125.2288,-14.9032],[125.2262,-14.9022],[125.224,-14.9095],[125.2283,-14.9128]]],[[[125.1794,-14.9649],[125.1768,-14.9536],[125.1755,-14.9603],[125.1794,-14.9649]]],[[[124.8718,-15.2818],[124.8654,-15.2789],[124.864,-15.2813],[124.8671,-15.2854],[124.8718,-15.2818]]],[[[125.3027,-15.0735],[125.3063,-15.07],[125.2996,-15.0636],[125.3004,-15.0697],[125.3027,-15.0735]]],[[[124.7987,-15.017],[124.8022,-15.0142],[124.7995,-15.0092],[124.7965,-15.0123],[124.7987,-15.017]]],[[[124.8446,-15.0151],[124.8485,-15.0119],[124.8473,-15.0054],[124.8424,-15.0022],[124.8463,-15.0096],[124.8446,-15.0151]]],[[[125.6576,-14.6145],[125.6545,-14.6269],[125.6587,-14.613],[125.6576,-14.6145]]],[[[124.812,-15.209],[124.8158,-15.2028],[124.8145,-15.1997],[124.8119,-15.2014],[124.812,-15.209]]],[[[124.733,-14.8554],[124.7388,-14.8495],[124.7379,-14.8481],[124.7306,-14.8506],[124.733,-14.8554]]],[[[125.1635,-14.6436],[125.1617,-14.653],[125.1664,-14.6477],[125.1635,-14.6436]]],[[[125.6556,-14.6081],[125.6573,-14.6061],[125.6579,-14.6013],[125.653,-14.603],[125.6556,-14.6081]]],[[[125.4221,-15.1406],[125.4301,-15.1393],[125.4314,-15.1381],[125.4236,-15.1368],[125.4221,-15.1406]]],[[[125.0293,-14.8128],[125.0345,-14.8064],[125.0341,-14.8044],[125.0305,-14.8055],[125.0293,-14.8128]]],[[[124.8869,-14.8962],[124.8893,-14.8919],[124.8833,-14.8909],[124.8821,-14.894],[124.8869,-14.8962]]],[[[124.9193,-15.2391],[124.9232,-15.2367],[124.9232,-15.2341],[124.9176,-15.2355],[124.9193,-15.2391]]],[[[125.4335,-14.56],[125.4378,-14.562],[125.4397,-14.5555],[125.4335,-14.56]]],[[[125.0935,-14.6396],[125.0963,-14.6318],[125.0914,-14.6309],[125.092,-14.6377],[125.0935,-14.6396]]],[[[125.2065,-14.6723],[125.2085,-14.6677],[125.2053,-14.6643],[125.2038,-14.668],[125.2065,-14.6723]]],[[[125.2776,-14.5577],[125.2827,-14.5538],[125.2798,-14.552],[125.2776,-14.5577]]],[[[124.7449,-15.0346],[124.75,-15.0372],[124.7524,-15.0322],[124.7449,-15.0346]]],[[[124.7838,-15.0061],[124.7879,-15.0085],[124.792,-15.0019],[124.7838,-15.0061]]],[[[125.1748,-14.8343],[125.1775,-14.841],[125.1783,-14.8336],[125.1748,-14.8343]]],[[[125.102,-15.0079],[125.1098,-15.0058],[125.1099,-15.004],[125.1035,-15.005],[125.102,-15.0079]]],[[[125.1999,-14.8501],[125.2026,-14.8519],[125.2058,-14.846],[125.2043,-14.8457],[125.1999,-14.8501]]],[[[125.3967,-14.5544],[125.3928,-14.5539],[125.3916,-14.5572],[125.3964,-14.5574],[125.3967,-14.5544]]],[[[125.0394,-15.1706],[125.0448,-15.1671],[125.0439,-15.1652],[125.0391,-15.1682],[125.0394,-15.1706]]],[[[125.1327,-14.6649],[125.1345,-14.6605],[125.1316,-14.6588],[125.1296,-14.6613],[125.1327,-14.6649]]],[[[125.1847,-14.6795],[125.1937,-14.68],[125.1929,-14.6767],[125.1847,-14.6795]]],[[[125.2384,-14.6105],[125.2451,-14.6118],[125.2447,-14.6097],[125.2384,-14.6105]]],[[[125.4488,-14.5926],[125.448,-14.5861],[125.446,-14.5857],[125.4434,-14.5889],[125.4488,-14.5926]]],[[[125.0227,-14.97],[125.0237,-14.967],[125.0208,-14.9647],[125.0195,-14.9683],[125.0227,-14.97]]],[[[125.0743,-14.5963],[125.0735,-14.5883],[125.0735,-14.5992],[125.0743,-14.5963]]],[[[125.4394,-15.1389],[125.4464,-15.1408],[125.4471,-15.1397],[125.4394,-15.1389]]],[[[124.8333,-15.0242],[124.837,-15.0223],[124.8327,-15.0197],[124.8323,-15.021],[124.8333,-15.0242]]],[[[124.7706,-14.8577],[124.771,-14.8541],[124.7676,-14.8528],[124.7676,-14.8566],[124.7706,-14.8577]]],[[[124.7193,-14.9091],[124.7221,-14.9077],[124.723,-14.9063],[124.7197,-14.9049],[124.7193,-14.9091]]],[[[124.9369,-15.0746],[124.9399,-15.0725],[124.9364,-15.0706],[124.9369,-15.0746]]],[[[124.8266,-15.2286],[124.8295,-15.2259],[124.8291,-15.2233],[124.8256,-15.2234],[124.8266,-15.2286]]],[[[125.4252,-14.5973],[125.4269,-14.594],[125.4266,-14.5905],[125.4241,-14.5947],[125.4252,-14.5973]]],[[[124.9767,-14.7132],[124.9799,-14.713],[124.9731,-14.7097],[124.9767,-14.7132]]],[[[125.2077,-14.9191],[125.2151,-14.9165],[125.2155,-14.9158],[125.2111,-14.9158],[125.2077,-14.9191]]],[[[125.2596,-15.0843],[125.2643,-15.0859],[125.2609,-15.0819],[125.2596,-15.0843]]],[[[125.3157,-14.5669],[125.3166,-14.5645],[125.3145,-14.5618],[125.3138,-14.5654],[125.3157,-14.5669]]],[[[125.0894,-14.6305],[125.0926,-14.6295],[125.0939,-14.6279],[125.0905,-14.6259],[125.0894,-14.6305]]],[[[125.2522,-14.6068],[125.2519,-14.6033],[125.2478,-14.6031],[125.2481,-14.6051],[125.2522,-14.6068]]],[[[125.2555,-15.0856],[125.259,-15.0873],[125.259,-15.0848],[125.2555,-15.0856]]],[[[124.8896,-14.901],[124.8884,-14.899],[124.8856,-14.9041],[124.8896,-14.901]]],[[[125.141,-14.9171],[125.1425,-14.9151],[125.1392,-14.9127],[125.141,-14.9171]]],[[[125.2233,-14.5808],[125.2281,-14.5822],[125.2229,-14.5788],[125.2233,-14.5808]]],[[[125.249,-14.8893],[125.2533,-14.8905],[125.2534,-14.8892],[125.249,-14.8893]]],[[[125.1467,-14.7769],[125.1478,-14.7741],[125.146,-14.7715],[125.1452,-14.7745],[125.1467,-14.7769]]],[[[124.9296,-14.5449],[124.9309,-14.5413],[124.9304,-14.5402],[124.928,-14.5417],[124.9296,-14.5449]]],[[[125.2043,-14.9815],[125.2072,-14.9835],[125.2077,-14.98],[125.2043,-14.9815]]],[[[125.1678,-14.8394],[125.1716,-14.8398],[125.1711,-14.8376],[125.1678,-14.8394]]],[[[125.1601,-14.9621],[125.162,-14.9609],[125.1634,-14.958],[125.1606,-14.9585],[125.1601,-14.9621]]],[[[124.7235,-14.9059],[124.7268,-14.9068],[124.7264,-14.9044],[124.7235,-14.9059]]],[[[125.0925,-14.5977],[125.095,-14.5955],[125.0933,-14.5936],[125.0918,-14.5949],[125.0925,-14.5977]]],[[[125.2833,-15.0273],[125.2854,-15.0328],[125.2869,-15.033],[125.2833,-15.0273]]],[[[125.2813,-15.0237],[125.2829,-15.0265],[125.2838,-15.027],[125.2835,-15.0231],[125.2813,-15.0237]]],[[[125.42,-14.571],[125.4217,-14.5697],[125.4194,-14.5672],[125.42,-14.571]]],[[[124.8148,-15.2258],[124.8148,-15.2282],[124.8169,-15.2263],[124.8148,-15.2258]]],[[[124.7469,-15.3414],[124.7502,-15.3411],[124.7499,-15.3383],[124.7469,-15.3414]]],[[[125.2023,-14.6801],[125.2017,-14.6854],[125.2029,-14.6865],[125.2023,-14.6801]]],[[[125.2193,-14.9404],[125.2181,-14.943],[125.2206,-14.9424],[125.2193,-14.9404]]],[[[125.2256,-14.6331],[125.2271,-14.6316],[125.2257,-14.6295],[125.2256,-14.6331]]],[[[125.0976,-14.9891],[125.0984,-14.9867],[125.0974,-14.985],[125.0958,-14.9872],[125.0976,-14.9891]]],[[[125.295,-15.0568],[125.2952,-15.0539],[125.293,-15.0526],[125.2927,-15.0537],[125.295,-15.0568]]],[[[125.0582,-15.4343],[125.0577,-15.4314],[125.0559,-15.4317],[125.0582,-15.4343]]],[[[125.2108,-14.8727],[125.2109,-14.8703],[125.2087,-14.869],[125.2086,-14.8712],[125.2108,-14.8727]]],[[[125.1919,-14.6904],[125.1947,-14.6916],[125.1943,-14.6897],[125.1919,-14.6904]]],[[[124.9063,-15.1027],[124.9102,-15.1049],[124.9067,-15.1015],[124.9063,-15.1027]]],[[[125.1798,-14.822],[125.1831,-14.824],[125.1803,-14.8208],[125.1798,-14.822]]],[[[125.1741,-14.7959],[125.1752,-14.7931],[125.1743,-14.7916],[125.1731,-14.7927],[125.1741,-14.7959]]],[[[125.0653,-14.6444],[125.0667,-14.6426],[125.0657,-14.6405],[125.0645,-14.6422],[125.0653,-14.6444]]],[[[124.7197,-15.0777],[124.7209,-15.0759],[124.7207,-15.0732],[124.7191,-15.0751],[124.7197,-15.0777]]],[[[125.2501,-15.0321],[125.2552,-15.0301],[125.2554,-15.0292],[125.2526,-15.0297],[125.2501,-15.0321]]],[[[125.1823,-14.9627],[125.1844,-14.9612],[125.1847,-14.9603],[125.1822,-14.9601],[125.1823,-14.9627]]],[[[125.2738,-14.99],[125.2762,-14.9906],[125.2777,-14.9894],[125.2758,-14.9881],[125.2738,-14.99]]],[[[125.2119,-14.6122],[125.2121,-14.6098],[125.2107,-14.6082],[125.2099,-14.6099],[125.2119,-14.6122]]],[[[124.9058,-14.9221],[124.9084,-14.9227],[124.9083,-14.9199],[124.9058,-14.9221]]],[[[125.1662,-15.516],[125.1691,-15.5159],[125.1664,-15.514],[125.1662,-15.516]]],[[[125.167,-14.6266],[125.1702,-14.6278],[125.1691,-14.6257],[125.167,-14.6266]]],[[[125.182,-14.8293],[125.1834,-14.8258],[125.1828,-14.825],[125.182,-14.8293]]],[[[125.2553,-14.6549],[125.2572,-14.6528],[125.256,-14.6521],[125.2545,-14.6526],[125.2553,-14.6549]]],[[[124.6791,-14.9327],[124.6808,-14.9308],[124.6799,-14.9293],[124.6787,-14.9305],[124.6791,-14.9327]]],[[[124.9948,-15.3318],[124.9974,-15.3307],[124.9945,-15.3302],[124.9948,-15.3318]]],[[[125.4126,-14.5616],[125.4153,-14.5618],[125.4147,-14.56],[125.4126,-14.5616]]],[[[125.2305,-14.9989],[125.2326,-15.0008],[125.2327,-14.9994],[125.2305,-14.9989]]],[[[124.8257,-15.0128],[124.8277,-15.0117],[124.826,-15.0099],[124.8257,-15.0128]]],[[[125.3688,-14.5773],[125.3705,-14.5747],[125.3695,-14.5727],[125.3678,-14.5748],[125.3688,-14.5773]]],[[[125.3419,-15.0801],[125.3415,-15.0776],[125.3389,-15.0768],[125.3385,-15.0773],[125.3419,-15.0801]]],[[[124.9296,-14.9091],[124.932,-14.9113],[124.9303,-14.9067],[124.9296,-14.9091]]],[[[125.1331,-15.4852],[125.1352,-15.484],[125.1324,-15.4843],[125.1331,-15.4852]]],[[[125.1785,-14.8289],[125.1814,-14.8301],[125.1811,-14.828],[125.1785,-14.8289]]],[[[125.2759,-14.9849],[125.2739,-14.9868],[125.2752,-14.9879],[125.2764,-14.9875],[125.2759,-14.9849]]],[[[125.1495,-14.9218],[125.151,-14.9194],[125.1484,-14.9188],[125.1476,-14.9196],[125.1495,-14.9218]]],[[[124.9403,-15.0612],[124.9427,-15.0602],[124.9423,-15.0584],[124.9403,-15.0612]]],[[[125.155,-15.5098],[125.1537,-15.5078],[125.1516,-15.5083],[125.153,-15.5092],[125.155,-15.5098]]],[[[124.9463,-15.3667],[124.9482,-15.3677],[124.9481,-15.3658],[124.9463,-15.3667]]],[[[124.9376,-14.9161],[124.9343,-14.913],[124.9335,-14.9134],[124.9345,-14.915],[124.9376,-14.9161]]],[[[124.8705,-15.2787],[124.8723,-15.2769],[124.87,-15.2768],[124.8705,-15.2787]]],[[[125.1338,-15.3323],[125.1357,-15.333],[125.1367,-15.3316],[125.1338,-15.3323]]],[[[124.7532,-14.9902],[124.7542,-14.9887],[124.7506,-14.9887],[124.7532,-14.9902]]],[[[125.4225,-14.5711],[125.4236,-14.5738],[125.4231,-14.5707],[125.4225,-14.5711]]],[[[124.8621,-15.3138],[124.8651,-15.3131],[124.8645,-15.3127],[124.8621,-15.3138]]],[[[124.8162,-15.3142],[124.8167,-15.3121],[124.8158,-15.3118],[124.8162,-15.3142]]],[[[125.3495,-15.1226],[125.3507,-15.1211],[125.3489,-15.1221],[125.3495,-15.1226]]],[[[125.184,-14.8177],[125.1868,-14.8186],[125.1851,-14.8163],[125.184,-14.8177]]],[[[125.1554,-14.6453],[125.1554,-14.643],[125.154,-14.6412],[125.1538,-14.6429],[125.1554,-14.6453]]],[[[125.0175,-15.2067],[125.0194,-15.2071],[125.0183,-15.2048],[125.0175,-15.2067]]],[[[125.1518,-14.7826],[125.1538,-14.7837],[125.1531,-14.7814],[125.1518,-14.7826]]],[[[125.3137,-14.8873],[125.3159,-14.8865],[125.3144,-14.8854],[125.3137,-14.8873]]],[[[124.6964,-15.2026],[124.6981,-15.2038],[124.6982,-15.2015],[124.6964,-15.2026]]],[[[125.144,-14.7701],[125.1456,-14.771],[125.1445,-14.7677],[125.144,-14.7701]]],[[[125.203,-14.8755],[125.2056,-14.8754],[125.2026,-14.8743],[125.203,-14.8755]]],[[[124.6803,-15.7607],[124.6829,-15.7596],[124.6831,-15.759],[124.6803,-15.7607]]],[[[125.1806,-15.04],[125.1827,-15.0383],[125.1825,-15.0372],[125.1812,-15.0378],[125.1806,-15.04]]],[[[125.3306,-15.0516],[125.3322,-15.0496],[125.3303,-15.0482],[125.3309,-15.0492],[125.3306,-15.0516]]],[[[125.2709,-15.0829],[125.2725,-15.0823],[125.271,-15.0818],[125.2709,-15.0829]]],[[[125.0219,-15.3175],[125.0244,-15.3178],[125.0244,-15.3174],[125.0219,-15.3175]]],[[[125.0007,-15.4369],[125.0021,-15.4375],[125.0024,-15.4354],[125.0007,-15.4369]]],[[[125.2813,-14.9986],[125.2834,-14.9983],[125.2815,-14.9975],[125.2813,-14.9986]]],[[[125.0164,-14.7876],[125.0191,-14.7868],[125.0186,-14.7855],[125.0164,-14.7876]]],[[[125.1442,-14.7777],[125.1458,-14.7792],[125.145,-14.7771],[125.1442,-14.7777]]],[[[125.1637,-14.788],[125.1654,-14.7883],[125.1637,-14.7865],[125.1637,-14.788]]],[[[125.2123,-14.9419],[125.2139,-14.9403],[125.2129,-14.9401],[125.2123,-14.9419]]],[[[125.1664,-14.6252],[125.1685,-14.625],[125.168,-14.6234],[125.1664,-14.6252]]],[[[125.4129,-14.5427],[125.4148,-14.5426],[125.4148,-14.5411],[125.4129,-14.5427]]],[[[125.1925,-14.9704],[125.194,-14.9708],[125.1931,-14.9698],[125.1925,-14.9704]]],[[[125.2501,-14.9843],[125.2507,-14.9862],[125.2518,-14.9842],[125.2501,-14.9843]]],[[[125.1503,-14.7798],[125.1519,-14.7802],[125.1515,-14.778],[125.1503,-14.7798]]],[[[125.4702,-15.0024],[125.4723,-15.0026],[125.4705,-15.0016],[125.4702,-15.0024]]],[[[125.0729,-14.5722],[125.0741,-14.5731],[125.074,-14.5701],[125.0729,-14.5722]]],[[[125.0287,-15.5192],[125.0303,-15.5183],[125.0294,-15.5176],[125.0287,-15.5192]]],[[[125.26,-14.9793],[125.2622,-14.9802],[125.2622,-14.9782],[125.26,-14.9793]]],[[[124.8702,-15.3294],[124.872,-15.3298],[124.8704,-15.3286],[124.8702,-15.3294]]],[[[125.191,-14.9474],[125.1928,-14.9485],[125.1917,-14.9466],[125.191,-14.9474]]],[[[124.8151,-14.9656],[124.8161,-14.9634],[124.8158,-14.9633],[124.8151,-14.9656]]],[[[125.1249,-15.0823],[125.1263,-15.0829],[125.1261,-15.0817],[125.1249,-15.0823]]],[[[124.9387,-14.9157],[124.9399,-14.9152],[124.939,-14.9144],[124.9387,-14.9157]]],[[[124.9276,-14.9052],[124.9294,-14.9059],[124.9292,-14.9047],[124.9276,-14.9052]]],[[[125.1294,-14.6705],[125.1289,-14.6684],[125.1277,-14.6681],[125.1276,-14.6686],[125.1294,-14.6705]]],[[[124.9371,-15.3936],[124.9392,-15.3938],[124.9396,-15.3929],[124.9371,-15.3936]]],[[[124.8028,-15.3058],[124.8037,-15.3043],[124.8015,-15.3045],[124.8028,-15.3058]]],[[[124.8232,-14.9668],[124.8251,-14.966],[124.825,-14.9656],[124.8232,-14.9668]]],[[[124.8596,-15.3373],[124.8612,-15.337],[124.8604,-15.3365],[124.8596,-15.3373]]],[[[124.8542,-15.3339],[124.856,-15.3346],[124.8548,-15.3336],[124.8542,-15.3339]]],[[[125.2417,-14.6717],[125.2431,-14.6708],[125.2421,-14.6701],[125.2417,-14.6717]]],[[[125.1324,-14.9182],[125.1326,-14.9172],[125.1311,-14.9177],[125.1324,-14.9182]]],[[[125.1301,-14.644],[125.1315,-14.6429],[125.1311,-14.6416],[125.1301,-14.644]]],[[[124.6994,-15.2598],[124.7,-15.2569],[124.6994,-15.2566],[124.6994,-15.2598]]],[[[125.9264,-14.6474],[125.928,-14.6478],[125.9284,-14.6471],[125.9264,-14.6474]]],[[[124.8369,-15.0278],[124.8382,-15.0252],[124.8378,-15.025],[124.8369,-15.0278]]],[[[124.7004,-15.1959],[124.7018,-15.1941],[124.7004,-15.1942],[124.7004,-15.1959]]],[[[125.2729,-14.9254],[125.274,-14.9244],[125.2725,-14.9244],[125.2729,-14.9254]]],[[[125.2705,-14.9255],[125.2721,-14.9262],[125.2715,-14.925],[125.2705,-14.9255]]],[[[124.7282,-15.2695],[124.7298,-15.2696],[124.7285,-15.2688],[124.7282,-15.2695]]],[[[125.3871,-14.5666],[125.3882,-14.5658],[125.3876,-14.5655],[125.3871,-14.5666]]],[[[125.2059,-14.5753],[125.2068,-14.5741],[125.2062,-14.5738],[125.2059,-14.5753]]],[[[124.8851,-15.0251],[124.8865,-15.0247],[124.8852,-15.0238],[124.8851,-15.0251]]],[[[124.927,-15.3924],[124.9285,-15.3927],[124.9272,-15.3917],[124.927,-15.3924]]],[[[125.3426,-15.0803],[125.3443,-15.0814],[125.3429,-15.08],[125.3426,-15.0803]]],[[[125.0194,-15.2113],[125.0208,-15.2107],[125.0199,-15.2106],[125.0194,-15.2113]]],[[[125.1961,-15.1216],[125.198,-15.1213],[125.1977,-15.1203],[125.1961,-15.1216]]],[[[125.198,-14.6936],[125.1998,-14.6941],[125.1986,-14.6928],[125.198,-14.6936]]],[[[124.8485,-14.9952],[124.8494,-14.996],[124.8491,-14.9949],[124.8485,-14.9952]]],[[[125.1786,-14.8349],[125.18,-14.8345],[125.1791,-14.8336],[125.1786,-14.8349]]],[[[124.9618,-15.0774],[124.9606,-15.0768],[124.9612,-15.0774],[124.9618,-15.0774]]],[[[125.8877,-14.5733],[125.8893,-14.5731],[125.888,-14.5725],[125.8877,-14.5733]]],[[[125.2435,-14.6458],[125.2443,-14.6455],[125.2435,-14.6448],[125.2435,-14.6458]]],[[[124.8625,-15.2744],[124.8639,-15.2746],[124.8632,-15.2736],[124.8625,-15.2744]]],[[[125.0371,-14.8028],[125.0385,-14.8028],[125.0376,-14.8019],[125.0371,-14.8028]]],[[[124.7051,-15.7672],[124.7073,-15.7664],[124.7071,-15.7659],[124.7051,-15.7672]]],[[[125.1269,-14.6736],[125.1276,-14.6725],[125.1266,-14.6729],[125.1269,-14.6736]]],[[[124.8328,-15.2882],[124.8337,-15.2884],[124.8336,-15.2879],[124.8328,-15.2882]]],[[[125.1839,-14.8489],[125.1845,-14.8497],[125.1853,-14.8488],[125.1839,-14.8489]]],[[[124.922,-14.9503],[124.923,-14.9496],[124.9221,-14.9485],[124.922,-14.9503]]],[[[124.7706,-15.0185],[124.7714,-15.0173],[124.7699,-15.0179],[124.7706,-15.0185]]],[[[124.9827,-15.1723],[124.9837,-15.1722],[124.9832,-15.1718],[124.9827,-15.1723]]],[[[124.9801,-15.1779],[124.9825,-15.1773],[124.9829,-15.1769],[124.9801,-15.1779]]],[[[125.8848,-14.6227],[125.8861,-14.622],[125.8853,-14.6216],[125.8848,-14.6227]]],[[[124.7005,-15.2107],[124.7017,-15.2104],[124.701,-15.2092],[124.7005,-15.2107]]],[[[125.1225,-14.7578],[125.1234,-14.7572],[125.1219,-14.7564],[125.1225,-14.7578]]],[[[125.1606,-15.0913],[125.162,-15.0916],[125.1609,-15.0908],[125.1606,-15.0913]]],[[[125.2781,-14.9875],[125.2801,-14.9882],[125.2799,-14.9872],[125.2781,-14.9875]]],[[[125.1572,-15.3212],[125.1579,-15.3221],[125.1582,-15.3216],[125.1572,-15.3212]]],[[[125.1735,-14.8444],[125.1746,-14.8445],[125.1737,-14.8434],[125.1735,-14.8444]]],[[[124.7802,-14.9308],[124.7811,-14.9308],[124.7804,-14.9296],[124.7802,-14.9308]]],[[[124.8431,-15.2848],[124.8437,-15.2833],[124.8432,-15.2829],[124.8431,-15.2848]]],[[[125.4233,-14.5695],[125.4246,-14.5702],[125.4235,-14.5687],[125.4233,-14.5695]]],[[[124.9722,-15.2138],[124.9737,-15.2143],[124.9724,-15.2134],[124.9722,-15.2138]]],[[[125.1658,-15.5213],[125.1671,-15.5224],[125.1661,-15.5212],[125.1658,-15.5213]]],[[[125.0032,-15.5023],[125.0024,-15.5009],[125.0016,-15.5017],[125.0032,-15.5023]]],[[[125.2698,-14.9745],[125.2695,-14.9727],[125.2688,-14.975],[125.2698,-14.9745]]],[[[125.0124,-15.5381],[125.0139,-15.5374],[125.0137,-15.5368],[125.0124,-15.5381]]],[[[124.9364,-14.9258],[124.9374,-14.9258],[124.9368,-14.9252],[124.9364,-14.9258]]],[[[125.4675,-14.5639],[125.4688,-14.5642],[125.4677,-14.5631],[125.4675,-14.5639]]],[[[125.0327,-14.6505],[125.0338,-14.65],[125.0334,-14.6488],[125.0327,-14.6505]]],[[[125.4142,-14.558],[125.4157,-14.5574],[125.4152,-14.5571],[125.4142,-14.558]]],[[[125.0931,-14.5867],[125.094,-14.5871],[125.0932,-14.5856],[125.0931,-14.5867]]],[[[125.1022,-15.2839],[125.1033,-15.2832],[125.103,-15.283],[125.1022,-15.2839]]],[[[125.0298,-15.3095],[125.0312,-15.3097],[125.03,-15.309],[125.0298,-15.3095]]],[[[124.8587,-15.3473],[124.8597,-15.3478],[124.8594,-15.3473],[124.8587,-15.3473]]],[[[125.2431,-14.9123],[125.244,-14.913],[125.2437,-14.9113],[125.2431,-14.9123]]],[[[125.1416,-14.7552],[125.1426,-14.7554],[125.1419,-14.7545],[125.1416,-14.7552]]],[[[125.2181,-14.8693],[125.2183,-14.8702],[125.2191,-14.8692],[125.2181,-14.8693]]],[[[125.1882,-14.5638],[125.1896,-14.564],[125.1885,-14.5634],[125.1882,-14.5638]]],[[[125.321,-15.1486],[125.3224,-15.1489],[125.3215,-15.148],[125.321,-15.1486]]],[[[125.1322,-14.7501],[125.1332,-14.7502],[125.1329,-14.7494],[125.1322,-14.7501]]],[[[125.1253,-14.7623],[125.1263,-14.7629],[125.1258,-14.7619],[125.1253,-14.7623]]],[[[125.1527,-14.7871],[125.1535,-14.7862],[125.1529,-14.7858],[125.1527,-14.7871]]],[[[125.223,-15.1065],[125.2241,-15.1063],[125.2231,-15.1054],[125.223,-15.1065]]],[[[125.3635,-14.5801],[125.3652,-14.5799],[125.3634,-14.5797],[125.3635,-14.5801]]],[[[125.5941,-14.5605],[125.5948,-14.5598],[125.5938,-14.5602],[125.5941,-14.5605]]],[[[125.094,-14.6474],[125.0951,-14.6474],[125.0944,-14.6469],[125.094,-14.6474]]],[[[125.2845,-14.9152],[125.2855,-14.9159],[125.2857,-14.9156],[125.2845,-14.9152]]],[[[125.1559,-14.7711],[125.1568,-14.771],[125.156,-14.7704],[125.1559,-14.7711]]],[[[125.2013,-14.5422],[125.2019,-14.5432],[125.2017,-14.5418],[125.2013,-14.5422]]],[[[124.7095,-15.8083],[124.7109,-15.8085],[124.7097,-15.8078],[124.7095,-15.8083]]],[[[125.2298,-14.9658],[125.2308,-14.9656],[125.23,-14.9651],[125.2298,-14.9658]]],[[[124.8837,-15.3483],[124.8844,-15.3497],[124.8847,-15.3495],[124.8837,-15.3483]]],[[[125.4177,-14.5614],[125.4187,-14.5617],[125.4182,-14.5611],[125.4177,-14.5614]]],[[[125.2678,-14.6405],[125.2689,-14.6407],[125.2682,-14.64],[125.2678,-14.6405]]],[[[125.2229,-15.5532],[125.2235,-15.5519],[125.2232,-15.552],[125.2229,-15.5532]]],[[[125.2314,-14.9698],[125.2312,-14.9686],[125.2305,-14.9688],[125.2314,-14.9698]]],[[[124.7339,-15.2207],[124.7353,-15.2194],[124.735,-15.2192],[124.7339,-15.2207]]],[[[125.2308,-14.9172],[125.232,-14.9174],[125.2311,-14.9168],[125.2308,-14.9172]]],[[[124.8871,-14.8884],[124.8881,-14.8886],[124.8879,-14.8881],[124.8871,-14.8884]]],[[[125.2925,-14.5704],[125.2938,-14.5703],[125.2932,-14.57],[125.2925,-14.5704]]],[[[125.0895,-14.6377],[125.0901,-14.6371],[125.0892,-14.6367],[125.0895,-14.6377]]],[[[125.1288,-14.6716],[125.1293,-14.6724],[125.1298,-14.6719],[125.1288,-14.6716]]],[[[125.2576,-14.648],[125.2587,-14.648],[125.2578,-14.6477],[125.2576,-14.648]]],[[[124.9597,-15.3959],[124.9607,-15.3957],[124.9603,-15.3948],[124.9597,-15.3959]]],[[[125.0561,-15.1788],[125.0573,-15.179],[125.0571,-15.1782],[125.0561,-15.1788]]],[[[124.8721,-15.2799],[124.8733,-15.28],[124.8723,-15.2794],[124.8721,-15.2799]]],[[[125.277,-14.6534],[125.2777,-14.6544],[125.2777,-14.6538],[125.277,-14.6534]]],[[[125.2766,-15.0833],[125.2779,-15.0836],[125.2768,-15.0828],[125.2766,-15.0833]]],[[[125.1288,-15.3254],[125.1301,-15.3249],[125.1299,-15.3244],[125.1288,-15.3254]]],[[[125.3893,-14.5647],[125.3903,-14.5642],[125.3899,-14.5641],[125.3893,-14.5647]]],[[[125.2251,-15.5575],[125.226,-15.5575],[125.2253,-15.5568],[125.2251,-15.5575]]],[[[125.1671,-14.8415],[125.1688,-14.8411],[125.1674,-14.8409],[125.1671,-14.8415]]],[[[125.265,-14.6455],[125.266,-14.6453],[125.2655,-14.6449],[125.265,-14.6455]]],[[[125.2204,-15.1207],[125.2218,-15.1208],[125.2223,-15.1204],[125.2204,-15.1207]]],[[[125.1759,-14.8489],[125.1774,-14.8489],[125.1762,-14.8486],[125.1759,-14.8489]]],[[[124.9672,-15.1206],[124.968,-15.12],[124.9672,-15.1185],[124.9672,-15.1206]]],[[[125.3771,-14.5706],[125.3778,-14.5708],[125.3775,-14.5701],[125.3771,-14.5706]]],[[[125.2803,-14.8693],[125.2814,-14.8693],[125.2806,-14.8686],[125.2803,-14.8693]]],[[[125.189,-14.9447],[125.1899,-14.945],[125.1897,-14.9442],[125.189,-14.9447]]],[[[125.1495,-14.741],[125.1504,-14.741],[125.1501,-14.7404],[125.1495,-14.741]]],[[[125.0371,-14.9319],[125.038,-14.9321],[125.0376,-14.9312],[125.0371,-14.9319]]],[[[125.1875,-14.6285],[125.1884,-14.6283],[125.1879,-14.6277],[125.1875,-14.6285]]],[[[125.1864,-14.8573],[125.1865,-14.8579],[125.1874,-14.8578],[125.1864,-14.8573]]],[[[125.188,-14.8046],[125.189,-14.8054],[125.1886,-14.8043],[125.188,-14.8046]]],[[[125.258,-15.0293],[125.2576,-15.0285],[125.2571,-15.0293],[125.258,-15.0293]]],[[[124.8052,-15.2358],[124.8061,-15.2357],[124.8055,-15.2353],[124.8052,-15.2358]]],[[[125.3395,-15.143],[125.3405,-15.1427],[125.3398,-15.1423],[125.3395,-15.143]]],[[[124.8823,-14.9011],[124.8829,-14.9009],[124.8825,-14.9005],[124.8823,-14.9011]]],[[[125.1288,-14.9195],[125.13,-14.9189],[125.1297,-14.9186],[125.1288,-14.9195]]],[[[125.1997,-14.5426],[125.2006,-14.5427],[125.2003,-14.5418],[125.1997,-14.5426]]],[[[124.8238,-15.3033],[124.8246,-15.303],[124.8241,-15.3027],[124.8238,-15.3033]]],[[[125.1713,-14.6458],[125.1718,-14.6451],[125.1714,-14.6448],[125.1713,-14.6458]]],[[[124.9585,-15.1064],[124.9591,-15.1069],[124.9592,-15.1064],[124.9585,-15.1064]]],[[[125.1689,-15.0236],[125.1697,-15.0236],[125.1692,-15.023],[125.1689,-15.0236]]],[[[125.0513,-15.4969],[125.052,-15.4973],[125.0521,-15.4965],[125.0513,-15.4969]]],[[[125.2991,-14.9165],[125.2992,-14.9173],[125.2997,-14.9168],[125.2991,-14.9165]]],[[[124.8431,-15.2815],[124.8437,-15.2818],[124.8436,-15.2815],[124.8431,-15.2815]]],[[[125.2583,-15.5849],[125.2593,-15.5844],[125.258,-15.5846],[125.2583,-15.5849]]],[[[125.2743,-14.5878],[125.2751,-14.5877],[125.2747,-14.5873],[125.2743,-14.5878]]],[[[124.8732,-15.3317],[124.8743,-15.3324],[124.8736,-15.3314],[124.8732,-15.3317]]],[[[125.4347,-14.6333],[125.4357,-14.6326],[125.4354,-14.6324],[125.4347,-14.6333]]],[[[125.2099,-14.6711],[125.211,-14.6707],[125.2098,-14.671],[125.2099,-14.6711]]],[[[125.2724,-14.8704],[125.2731,-14.8699],[125.2728,-14.8696],[125.2724,-14.8704]]],[[[125.2518,-14.6556],[125.2528,-14.6553],[125.2527,-14.6549],[125.2518,-14.6556]]],[[[124.7988,-15.2559],[124.7997,-15.2564],[124.7991,-15.2554],[124.7988,-15.2559]]],[[[125.2243,-15.555],[125.225,-15.5554],[125.2246,-15.5548],[125.2243,-15.555]]],[[[125.1628,-15.0957],[125.1636,-15.0957],[125.163,-15.0952],[125.1628,-15.0957]]],[[[125.1431,-14.6731],[125.1439,-14.6728],[125.1436,-14.6726],[125.1431,-14.6731]]],[[[124.8149,-15.2095],[124.8155,-15.2101],[124.816,-15.2098],[124.8149,-15.2095]]],[[[125.0122,-15.534],[125.0132,-15.534],[125.0125,-15.5337],[125.0122,-15.534]]],[[[125.2612,-15.5839],[125.2621,-15.5838],[125.2614,-15.5835],[125.2612,-15.5839]]],[[[124.8152,-15.3089],[124.816,-15.3081],[124.8156,-15.3079],[124.8152,-15.3089]]],[[[125.1344,-15.0562],[125.1353,-15.0559],[125.1348,-15.0557],[125.1344,-15.0562]]],[[[125.1442,-15.5029],[125.1448,-15.5034],[125.1451,-15.5027],[125.1442,-15.5029]]],[[[124.9423,-15.0633],[124.9431,-15.0635],[124.9429,-15.0627],[124.9423,-15.0633]]],[[[124.8141,-15.3112],[124.8147,-15.3109],[124.8139,-15.3105],[124.8141,-15.3112]]],[[[125.1702,-15.0986],[125.171,-15.0987],[125.1703,-15.0981],[125.1702,-15.0986]]],[[[124.9181,-15.2476],[124.9189,-15.2474],[124.9182,-15.2473],[124.9181,-15.2476]]],[[[125.1474,-15.5046],[125.1479,-15.5041],[125.1471,-15.5041],[125.1474,-15.5046]]],[[[124.9107,-15.2318],[124.9114,-15.2313],[124.9109,-15.2311],[124.9107,-15.2318]]],[[[125.3456,-15.0828],[125.3462,-15.0825],[125.3457,-15.0823],[125.3456,-15.0828]]],[[[125.3218,-15.1507],[125.3225,-15.1506],[125.3221,-15.1502],[125.3218,-15.1507]]],[[[124.746,-15.0318],[124.7469,-15.0316],[124.7464,-15.0313],[124.746,-15.0318]]],[[[125.1543,-15.0271],[125.155,-15.0271],[125.1547,-15.0268],[125.1543,-15.0271]]],[[[124.7978,-15.2571],[124.7984,-15.2567],[124.7981,-15.2565],[124.7978,-15.2571]]],[[[125.3402,-15.1444],[125.3409,-15.1441],[125.3403,-15.144],[125.3402,-15.1444]]],[[[124.9499,-15.0935],[124.9494,-15.093],[124.9493,-15.0934],[124.9499,-15.0935]]],[[[125.1441,-15.0492],[125.1448,-15.0491],[125.1442,-15.0487],[125.1441,-15.0492]]],[[[125.1185,-15.3245],[125.1192,-15.3249],[125.1188,-15.324],[125.1185,-15.3245]]],[[[125.2378,-15.0801],[125.2386,-15.0801],[125.2383,-15.0798],[125.2378,-15.0801]]],[[[125.0028,-15.439],[125.0035,-15.4389],[125.0033,-15.4386],[125.0028,-15.439]]],[[[124.9254,-15.2325],[124.9261,-15.2325],[124.9256,-15.2321],[124.9254,-15.2325]]],[[[125.038,-15.3179],[125.0387,-15.3173],[125.0383,-15.3172],[125.038,-15.3179]]],[[[124.7254,-15.2232],[124.7261,-15.2231],[124.7256,-15.2229],[124.7254,-15.2232]]],[[[124.8643,-15.1421],[124.865,-15.1418],[124.8647,-15.1416],[124.8643,-15.1421]]],[[[125.1307,-15.4834],[125.1307,-15.483],[125.1299,-15.4831],[125.1307,-15.4834]]],[[[124.7203,-15.0783],[124.721,-15.0783],[124.7209,-15.0778],[124.7203,-15.0783]]],[[[125.1428,-15.111],[125.1433,-15.1103],[125.1429,-15.1102],[125.1428,-15.111]]],[[[124.9722,-15.2027],[124.9726,-15.2019],[124.9721,-15.2016],[124.9722,-15.2027]]],[[[124.9993,-15.4367],[125.0,-15.4365],[124.9998,-15.4362],[124.9993,-15.4367]]],[[[125.1438,-15.1121],[125.1442,-15.1112],[125.1439,-15.1111],[125.1438,-15.1121]]],[[[124.9388,-15.3821],[124.9395,-15.382],[124.939,-15.3817],[124.9388,-15.3821]]],[[[125.0272,-15.3028],[125.0278,-15.3023],[125.0274,-15.3022],[125.0272,-15.3028]]],[[[124.8834,-15.2603],[124.8841,-15.2601],[124.8836,-15.2599],[124.8834,-15.2603]]],[[[125.148,-15.0516],[125.1487,-15.0513],[125.1481,-15.051],[125.148,-15.0516]]],[[[125.0285,-15.3092],[125.0292,-15.3091],[125.0288,-15.3088],[125.0285,-15.3092]]],[[[125.0301,-15.3013],[125.0308,-15.3012],[125.0303,-15.301],[125.0301,-15.3013]]],[[[125.0074,-15.5281],[125.0081,-15.5281],[125.0076,-15.5278],[125.0074,-15.5281]]],[[[128.443,-14.8865],[128.4534,-14.9129],[128.4672,-14.9283],[128.4732,-14.9121],[128.4669,-14.8986],[128.4461,-14.8799],[128.443,-14.8865]]],[[[128.4281,-14.8632],[128.4359,-14.8786],[128.44,-14.886],[128.4426,-14.88],[128.441,-14.8742],[128.4281,-14.8632]]],[[[128.1134,-15.0013],[128.1143,-15.0067],[128.1197,-15.0049],[128.1134,-15.0013]]],[[[128.1147,-15.1563],[128.1155,-15.1573],[128.1151,-15.1562],[128.1147,-15.1563]]],[[[128.1023,-15.1485],[128.1031,-15.1482],[128.1028,-15.1477],[128.1023,-15.1485]]],[[[128.1274,-15.157],[128.1631,-15.1708],[128.1981,-15.1933],[128.1939,-15.1664],[128.202,-15.1425],[128.2007,-15.1314],[128.1968,-15.125],[128.1794,-15.1138],[128.1635,-15.0974],[128.1555,-15.0773],[128.1557,-15.0574],[128.1523,-15.0517],[128.1248,-15.0404],[128.1228,-15.049],[128.1283,-15.0598],[128.1222,-15.084],[128.1249,-15.0979],[128.1157,-15.1109],[128.114,-15.1216],[128.1193,-15.1328],[128.1194,-15.1428],[128.1274,-15.157]]],[[[128.1889,-15.2122],[128.1873,-15.1967],[128.1781,-15.1887],[128.1641,-15.1806],[128.1529,-15.1801],[128.1889,-15.2122]]],[[[128.107,-15.1646],[128.0994,-15.1857],[128.0996,-15.1966],[128.1078,-15.1916],[128.1143,-15.1715],[128.107,-15.1646]]],[[[128.0928,-15.2369],[128.1023,-15.2304],[128.1028,-15.2283],[128.0949,-15.2302],[128.0928,-15.2369]]],[[[128.3033,-14.7511],[128.303,-14.7561],[128.31,-14.7628],[128.3167,-14.7577],[128.3224,-14.7599],[128.327,-14.756],[128.334,-14.7602],[128.3311,-14.7524],[128.322,-14.7427],[128.3171,-14.7419],[128.3168,-14.7458],[128.3093,-14.7357],[128.2953,-14.7346],[128.295,-14.7386],[128.3007,-14.744],[128.2971,-14.7457],[128.3085,-14.746],[128.3033,-14.7511]]],[[[128.7694,-14.7675],[128.7777,-14.7721],[128.7788,-14.7683],[128.7749,-14.7673],[128.7694,-14.7675]]],[[[128.6329,-14.7217],[128.6371,-14.7253],[128.6329,-14.7195],[128.6329,-14.7217]]],[[[128.7817,-14.7719],[128.7831,-14.7719],[128.7819,-14.7715],[128.7817,-14.7719]]],[[[127.9404,-14.5399],[127.9399,-14.5387],[127.9391,-14.539],[127.9404,-14.5399]]],[[[128.2622,-15.3089],[128.2673,-15.3274],[128.2812,-15.3385],[128.274,-15.3151],[128.2622,-15.3089]]],[[[128.2509,-15.2934],[128.2623,-15.3014],[128.2658,-15.2986],[128.2518,-15.284],[128.2438,-15.2822],[128.2509,-15.2934]]],[[[128.2716,-15.2964],[128.2771,-15.3068],[128.2885,-15.3168],[128.2814,-15.3003],[128.2716,-15.2964]]],[[[128.2756,-15.2862],[128.2641,-15.2791],[128.2612,-15.2781],[128.2683,-15.2883],[128.2734,-15.2899],[128.2756,-15.2862]]],[[[128.1027,-15.2708],[128.1052,-15.2722],[128.1106,-15.2682],[128.1057,-15.2659],[128.1027,-15.2708]]],[[[128.2841,-15.316],[128.286,-15.3224],[128.288,-15.3257],[128.2886,-15.3176],[128.2841,-15.316]]],[[[128.2376,-15.2613],[128.2401,-15.2648],[128.2423,-15.2653],[128.2406,-15.2619],[128.2376,-15.2613]]],[[[127.8387,-14.4565],[127.8457,-14.4765],[127.8526,-14.4791],[127.8622,-14.4684],[127.8614,-14.4627],[127.8685,-14.4639],[127.875,-14.4588],[127.8724,-14.4372],[127.8652,-14.4346],[127.8633,-14.4304],[127.8543,-14.4345],[127.8523,-14.451],[127.8387,-14.4565]]],[[[127.8753,-14.4736],[127.8749,-14.4718],[127.8741,-14.4731],[127.8753,-14.4736]]],[[[127.8116,-14.3776],[127.8197,-14.3739],[127.8175,-14.3653],[127.8229,-14.3689],[127.8233,-14.3667],[127.8108,-14.3529],[127.8098,-14.3566],[127.8054,-14.3576],[127.8051,-14.3695],[127.8116,-14.3776]]],[[[127.7249,-14.2598],[127.7342,-14.2632],[127.7343,-14.2591],[127.7252,-14.257],[127.7249,-14.2598]]],[[[127.8408,-14.3711],[127.8418,-14.3727],[127.842,-14.3715],[127.8408,-14.3711]]],[[[127.8377,-14.373],[127.8389,-14.3732],[127.839,-14.3728],[127.8377,-14.373]]],[[[127.7059,-14.2357],[127.7017,-14.2407],[127.7039,-14.2448],[127.7121,-14.2443],[127.7159,-14.2339],[127.7059,-14.2357]]],[[[127.5687,-14.1076],[127.5736,-14.1123],[127.5715,-14.1064],[127.5687,-14.1076]]],[[[127.5504,-14.0946],[127.5476,-14.0936],[127.5493,-14.097],[127.5504,-14.0946]]],[[[127.5636,-14.1059],[127.5641,-14.1083],[127.5658,-14.1074],[127.5636,-14.1059]]],[[[127.5903,-14.1352],[127.5922,-14.1369],[127.5925,-14.1363],[127.5903,-14.1352]]],[[[127.5118,-14.0845],[127.5133,-14.085],[127.5136,-14.0841],[127.5118,-14.0845]]],[[[127.5184,-14.0665],[127.5186,-14.0678],[127.5192,-14.0665],[127.5184,-14.0665]]],[[[127.5744,-14.12],[127.5753,-14.1201],[127.5752,-14.1194],[127.5744,-14.12]]],[[[126.8629,-13.972],[126.8807,-13.9762],[126.884,-13.9815],[126.8813,-13.991],[126.8832,-13.9926],[126.8938,-13.9916],[126.9013,-13.9853],[126.8879,-13.979],[126.8868,-13.9742],[126.8665,-13.9559],[126.8639,-13.9576],[126.8657,-13.9637],[126.8718,-13.9665],[126.8695,-13.968],[126.8549,-13.9576],[126.8371,-13.9552],[126.8264,-13.9503],[126.8199,-13.9539],[126.8233,-13.9564],[126.8193,-13.9603],[126.8285,-13.9595],[126.8323,-13.9615],[126.8193,-13.9621],[126.82,-13.9668],[126.8302,-13.9665],[126.8334,-13.9636],[126.8457,-13.9637],[126.8556,-13.9667],[126.862,-13.9701],[126.8629,-13.972]]],[[[126.8702,-13.9764],[126.8725,-13.9796],[126.8777,-13.9811],[126.8793,-13.9822],[126.8808,-13.9847],[126.8816,-13.9834],[126.8753,-13.9761],[126.8702,-13.9764]]],[[[126.8946,-13.9792],[126.8921,-13.976],[126.8903,-13.9775],[126.8917,-13.9802],[126.8946,-13.9792]]],[[[127.1158,-13.8966],[127.1112,-13.906],[127.1111,-13.9062],[127.1112,-13.9063],[127.1163,-13.9015],[127.1158,-13.8966]]],[[[127.1297,-13.9582],[127.1292,-13.9618],[127.1318,-13.9572],[127.1297,-13.9582]]],[[[127.1326,-13.9623],[127.1284,-13.9656],[127.1332,-13.9631],[127.1326,-13.9623]]],[[[127.4952,-14.0577],[127.4968,-14.0561],[127.4959,-14.055],[127.4945,-14.0553],[127.4952,-14.0577]]],[[[126.8706,-13.9808],[126.8727,-13.9809],[126.8736,-13.9807],[126.8706,-13.9808]]],[[[127.4532,-14.0452],[127.4539,-14.0463],[127.4541,-14.0452],[127.4532,-14.0452]]],[[[126.8882,-13.9724],[126.8894,-13.9723],[126.8885,-13.9719],[126.8882,-13.9724]]],[[[127.5167,-14.061],[127.5176,-14.0614],[127.5171,-14.0607],[127.5167,-14.061]]],[[[127.5194,-14.0656],[127.5188,-14.065],[127.5186,-14.0656],[127.5194,-14.0656]]],[[[127.1328,-13.9552],[127.1328,-13.9557],[127.1329,-13.9554],[127.1328,-13.9552]]],[[[127.1891,-13.9417],[127.1896,-13.9421],[127.1896,-13.9419],[127.1891,-13.9417]]]]}},{"type":"Feature","properties":{"lga_name":"Yalgoo"},"geometry":{"type":"Polygon","coordinates":[[[116.9335,-28.9604],[116.9335,-29.0709],[116.9592,-29.0709],[116.9592,-29.0618],[117.0516,-29.0618],[117.0516,-29.1],[117.0648,-29.1],[117.0648,-29.1218],[117.0516,-29.1218],[117.0516,-29.1429],[117.0318,-29.1429],[117.0318,-29.1864],[117.1531,-29.1864],[117.1531,-29.2621],[117.0289,-29.2621],[117.0289,-29.4421],[117.1015,-29.4421],[117.101,-29.8013],[117.502,-29.8013],[117.5094,-29.7767],[117.5427,-29.7682],[117.5515,-29.7606],[117.5519,-29.7559],[117.5695,-29.7562],[117.5658,-29.7532],[117.5638,-29.7553],[117.5553,-29.7534],[117.5573,-29.7451],[117.555,-29.7429],[117.553,-29.7485],[117.5506,-29.7477],[117.5517,-29.7375],[117.5554,-29.7355],[117.5625,-29.7403],[117.5694,-29.7372],[117.5602,-29.7294],[117.5571,-29.7187],[117.5516,-29.7146],[117.5506,-29.7044],[117.553,-29.6826],[117.5617,-29.6663],[117.5676,-29.6359],[117.5814,-29.6359],[117.5822,-29.6323],[117.5721,-29.6251],[117.576,-29.6179],[117.5833,-29.6176],[117.5851,-29.6223],[117.5823,-29.6222],[117.6035,-29.6441],[117.6174,-29.6421],[117.6337,-29.6516],[117.6344,-29.6546],[117.6538,-29.6615],[117.6726,-29.6626],[117.6758,-29.6694],[117.669,-29.6726],[117.6912,-29.6755],[117.691,-29.6724],[117.6965,-29.6709],[117.7013,-29.6728],[117.698,-29.6747],[117.7032,-29.6755],[117.7097,-29.6684],[117.7078,-29.6648],[117.7178,-29.6612],[117.7216,-29.6547],[117.7109,-29.6524],[117.7101,-29.637],[117.7063,-29.6315],[117.7112,-29.6331],[117.7105,-29.6304],[117.7019,-29.6226],[117.6967,-29.6256],[117.695,-29.6219],[117.6983,-29.62],[117.6952,-29.6124],[117.932,-29.6124],[117.932,-29.3819],[117.927,-29.3819],[117.9273,-29.3286],[117.9102,-29.3277],[117.9102,-29.3065],[117.8777,-29.3065],[117.8777,-29.2779],[117.7736,-29.2777],[117.7738,-29.1106],[117.8723,-29.1106],[117.8723,-29.101],[117.9459,-29.101],[117.9458,-29.121],[118.0915,-29.121],[118.0915,-29.1476],[118.1547,-29.1476],[118.1547,-29.0858],[118.2839,-29.0858],[118.2839,-28.9516],[118.1997,-28.9515],[118.1997,-28.9611],[118.0765,-28.9611],[118.0765,-28.8948],[118.0422,-28.8948],[118.0453,-28.7478],[118.0864,-28.7478],[118.0864,-28.6571],[118.0041,-28.6571],[118.0041,-28.6924],[117.9592,-28.6924],[117.9592,-28.7564],[117.7912,-28.7564],[117.7912,-28.7855],[117.7603,-28.7855],[117.7602,-28.693],[117.5562,-28.693],[117.5562,-28.4646],[117.47,-28.4646],[117.47,-28.407],[117.4241,-28.407],[117.4241,-28.3158],[117.3419,-28.3158],[117.3419,-28.2479],[117.2659,-28.2479],[117.2659,-28.15],[117.2408,-28.15],[117.2409,-27.9249],[117.2503,-27.9249],[117.2501,-27.8343],[117.2215,-27.8343],[117.2215,-27.8104],[117.3691,-27.8104],[117.3691,-27.7596],[117.2837,-27.7596],[117.2838,-27.687],[117.3409,-27.687],[117.3409,-27.6087],[117.1666,-27.6087],[117.1666,-27.4645],[117.1772,-27.4645],[117.1772,-27.2938],[117.256,-27.2938],[117.256,-27.1744],[117.0327,-27.1744],[117.0327,-27.3051],[116.8689,-27.3051],[116.8689,-27.4043],[116.8293,-27.4043],[116.8293,-27.2681],[116.7171,-27.2681],[116.7171,-27.3852],[116.74,-27.3852],[116.7399,-27.6703],[116.5858,-27.6702],[116.5858,-27.6289],[116.5689,-27.6289],[116.5689,-27.6042],[116.4536,-27.6042],[116.4536,-27.6471],[116.4048,-27.6471],[116.4048,-27.7511],[116.3405,-27.7511],[116.3405,-27.7745],[116.1684,-27.7745],[116.1683,-28.0485],[116.1186,-28.0485],[116.1186,-28.0128],[116.0533,-28.0128],[116.0533,-28.1198],[116.2404,-28.1198],[116.2404,-28.1842],[116.1692,-28.1842],[116.1692,-28.1988],[116.0326,-28.1988],[116.0326,-28.2532],[116.1693,-28.2532],[116.1693,-28.3319],[116.2268,-28.3319],[116.2268,-28.4917],[116.2596,-28.4917],[116.2597,-28.5959],[116.2303,-28.5959],[116.2303,-28.6035],[116.1685,-28.6035],[116.1685,-28.7155],[116.2303,-28.7155],[116.2303,-28.7968],[116.2218,-28.7968],[116.2218,-28.7997],[116.2152,-28.7997],[116.2152,-28.7968],[116.0839,-28.7975],[116.084,-28.8365],[116.0871,-28.8365],[116.0876,-28.8469],[116.1568,-28.8468],[116.1568,-28.8765],[116.1801,-28.8753],[116.1802,-28.8911],[116.2116,-28.8911],[116.2119,-28.922],[116.235,-28.922],[116.235,-28.9523],[116.3459,-28.9523],[116.3459,-29.016],[116.382,-29.016],[116.382,-29.0939],[116.4804,-29.0939],[116.4804,-29.0818],[116.5465,-29.0818],[116.5463,-28.9081],[116.6269,-28.908],[116.6258,-28.8664],[116.8383,-28.8658],[116.8389,-28.9609],[116.9335,-28.9604]]]}},{"type":"Feature","properties":{"lga_name":"Yilgarn"},"geometry":{"type":"Polygon","coordinates":[[[118.8101,-31.2179],[118.7721,-31.2179],[118.7721,-31.2436],[118.759,-31.2436],[118.7387,-31.2594],[118.7395,-31.3285],[118.7628,-31.3285],[118.7628,-31.353],[118.7404,-31.353],[118.74,-31.389],[118.7453,-31.3923],[118.7453,-31.3947],[118.7403,-31.3947],[118.7375,-31.4216],[118.741,-31.5554],[118.7551,-31.5554],[118.7551,-31.6185],[118.8043,-31.6184],[118.8044,-31.6955],[118.7389,-31.6956],[118.9127,-31.9066],[118.958,-31.9447],[118.9793,-31.968],[119.0417,-31.968],[119.0417,-31.9629],[119.0916,-31.9629],[119.0916,-31.9758],[119.1028,-31.9758],[119.1028,-31.9716],[119.1347,-31.9716],[119.1347,-32.0137],[119.1759,-32.0137],[119.1759,-32.0819],[119.1852,-32.0819],[119.1852,-32.1004],[119.0875,-32.1004],[119.179,-32.2034],[120.0097,-32.2036],[120.0139,-30.1611],[118.5032,-29.6124],[118.5082,-29.6369],[118.5079,-30.2033],[118.7515,-30.6328],[118.7515,-30.691],[118.7552,-30.691],[118.7552,-30.721],[118.7729,-30.721],[118.7729,-30.7579],[118.7586,-30.7581],[118.7612,-30.7704],[118.7849,-30.7704],[118.7849,-30.8115],[118.825,-30.8115],[118.825,-30.8179],[118.8596,-30.8175],[118.8596,-30.8273],[118.8772,-30.8273],[118.8772,-30.8375],[118.8951,-30.8375],[118.9173,-30.8472],[118.9118,-30.8566],[118.9118,-30.8626],[118.9283,-30.8626],[118.9297,-30.8853],[118.9439,-30.8952],[118.9449,-30.9031],[118.9575,-30.9263],[118.9456,-30.9338],[118.9198,-30.9344],[118.9184,-30.9676],[118.891,-30.9676],[118.891,-30.9621],[118.8634,-30.9621],[118.8634,-31.0073],[118.8677,-31.0066],[118.8743,-31.0207],[118.8743,-31.05],[118.8705,-31.05],[118.8704,-31.0749],[118.8439,-31.0749],[118.8439,-31.1007],[118.8485,-31.1006],[118.8485,-31.121],[118.8236,-31.121],[118.8236,-31.1491],[118.8111,-31.149],[118.8101,-31.2179]]]}},{"type":"Feature","properties":{"lga_name":"York"},"geometry":{"type":"Polygon","coordinates":[[[116.5566,-31.8858],[116.5211,-31.9135],[116.4151,-31.9093],[116.4091,-32.0123],[116.3673,-32.0119],[116.3672,-32.0055],[116.3028,-32.005],[116.3026,-32.0232],[116.3237,-32.0234],[116.3235,-32.0626],[116.285,-32.0621],[116.285,-32.1132],[116.3442,-32.1131],[116.344,-32.0936],[116.3921,-32.0936],[116.3923,-32.0826],[116.4454,-32.0831],[116.4451,-32.1117],[116.5092,-32.1117],[116.5094,-32.1398],[116.6142,-32.1398],[116.6152,-32.1117],[116.6734,-32.111],[116.6829,-32.1268],[116.7102,-32.115],[116.7011,-32.0997],[116.7114,-32.0952],[116.7086,-32.0907],[116.7171,-32.087],[116.7159,-32.0848],[116.7287,-32.0795],[116.718,-32.0618],[116.7395,-32.0523],[116.756,-32.0805],[116.82,-32.0528],[116.8197,-32.0466],[116.8116,-32.0401],[116.9214,-31.9918],[116.9244,-31.9966],[116.9314,-31.9934],[116.9305,-31.9984],[116.9337,-31.9993],[116.9501,-31.9902],[116.9527,-31.9941],[116.987,-31.9792],[116.9902,-31.9822],[117.0087,-31.9741],[117.0109,-31.9777],[117.0425,-31.9619],[117.0475,-31.975],[117.0523,-31.9729],[117.0561,-31.9794],[117.0612,-31.9772],[117.0538,-31.969],[117.0643,-31.9644],[117.0932,-31.9843],[117.0996,-31.9818],[117.0934,-31.971],[117.0882,-31.9686],[117.092,-31.967],[117.0876,-31.9595],[117.0996,-31.9544],[117.0963,-31.9488],[117.1051,-31.945],[117.0964,-31.9305],[117.1418,-31.9106],[117.1387,-31.9057],[117.136,-31.9069],[117.1262,-31.891],[117.1184,-31.8946],[117.111,-31.8853],[117.1414,-31.8718],[117.1356,-31.8626],[117.1474,-31.8616],[117.1583,-31.8566],[117.1238,-31.7999],[117.1067,-31.8073],[117.1031,-31.8012],[117.0909,-31.8044],[117.0871,-31.798],[117.0823,-31.8],[117.0799,-31.7959],[117.0753,-31.7978],[117.0576,-31.7701],[117.0209,-31.7843],[117.0194,-31.7818],[117.0142,-31.7839],[117.0049,-31.7672],[116.9997,-31.7693],[116.994,-31.7593],[116.9893,-31.7613],[116.9531,-31.703],[116.9438,-31.707],[116.9363,-31.6941],[116.9146,-31.6998],[116.9039,-31.6994],[116.9096,-31.7092],[116.9162,-31.7065],[116.9238,-31.7169],[116.8742,-31.7374],[116.8729,-31.7652],[116.8648,-31.7516],[116.8593,-31.754],[116.8556,-31.744],[116.8269,-31.7564],[116.8122,-31.7317],[116.7856,-31.7433],[116.7761,-31.7273],[116.7542,-31.7397],[116.7479,-31.7287],[116.5997,-31.7938],[116.6019,-31.7976],[116.5742,-31.8096],[116.5729,-31.8054],[116.5408,-31.8055],[116.5403,-31.8034],[116.5229,-31.8105],[116.5251,-31.8148],[116.5095,-31.8184],[116.5152,-31.838],[116.5295,-31.86],[116.5432,-31.8705],[116.5432,-31.8808],[116.5566,-31.8858]]]}}]}